id,context,en
server.gm.return_to_host_lobby,Native prelaunch recovery button when only the saved GM monitor remains. Disables the GM role through host layout and restores the host lobby on the freed monitor,[Return to host lobby]
settings.gm.confirmation.station,GM takeover or release; {action} {ship} {station},[{action}: {ship} / {station}]
settings.gm.confirmation.station_command,GM authentic Station command confirmation; {ship} {station},[Send the latest control intent to {ship} / {station}.]
settings.gm.confirmation.spawn,GM placement confirmation; {name} {x} {z},[Place {name} at {x}; {z}.]
settings.gm.confirmation.heading,Private GM Settings confirmation matrix heading,[GM confirmations]
settings.gm.confirmation.title,GM confirmation modal heading,[Confirm action]
settings.gm.confirmation.cancel,GM confirmation cancel button,[Cancel]
settings.gm.confirmation.accept,GM confirmation acceptance button,[Apply]
settings.gm.confirmation.saved,Private profile saved status,[Private settings saved.]
settings.gm.confirmation.save_failed,Private profile storage failure,[Could not save private settings. Your choices have not changed.]
settings.gm.confirmation.mode.immediate,GM action confirmation policy,[Immediate]
settings.gm.confirmation.mode.confirm,GM action confirmation policy,[Confirm]
settings.gm.confirmation.mode.confirm-preview,GM action confirmation policy,[Confirm plus Preview]
settings.gm.confirmation.session.pause,GM confirmation category,[Pause and resume]
settings.gm.confirmation.session.force-start,GM confirmation category,[Force Start]
settings.gm.confirmation.event.fire,GM confirmation category,[Fire event]
settings.gm.confirmation.event.skip,GM confirmation category,[Skip event]
settings.gm.confirmation.event.pause,GM confirmation category,[Pause and resume event]
settings.gm.confirmation.station.takeover,GM confirmation category,[Take over AI Station]
settings.gm.confirmation.station.takeover-human,GM confirmation category,[Take over human-held Station]
settings.gm.confirmation.station.release,GM confirmation category,[Release Station]
settings.gm.confirmation.station.command,GM confirmation category,[Station commands]
settings.gm.confirmation.contact.override,GM confirmation category,[Reveal / Conceal / Normal]
settings.gm.confirmation.world.spawn,GM confirmation category,[Place entity]
settings.gm.confirmation.world.despawn,GM confirmation category,[Remove entity]
settings.gm.confirmation.effect.damage,GM confirmation category,[Damage]
settings.gm.confirmation.effect.lethal,GM confirmation category,[Potentially lethal damage]
settings.gm.confirmation.effect.heal,GM confirmation category,[Heal]
settings.gm.confirmation.system.disable,GM confirmation category,[Disable System]
settings.gm.confirmation.system.restore,GM confirmation category,[Restore System]
settings.gm.confirmation.objective.activate,GM confirmation category,[Activate Objective]
settings.gm.confirmation.objective.complete,GM confirmation category,[Complete Objective]
settings.gm.confirmation.objective.fail,GM confirmation category,[Fail Objective]
settings.gm.confirmation.npc.directive,GM confirmation category,[NPC directive]
settings.gm.confirmation.comms.send,GM confirmation category,[Send Comms]
settings.gm.confirmation.effect,GM damage confirmation names captured effect and target; {effect} {name} {amount} {scope},[{effect} {name}: {amount} HP ({scope})]
settings.gm.confirmation.effect_preview,GM advisory preview from latest projection; {amount} {discarded} {result},[Current projection: {amount} HP applied; {discarded} HP discarded. {result}]
settings.gm.confirmation.destroys,GM projected damage result,[Would destroy the entity.]
settings.gm.confirmation.survives,GM projected damage result,[Would leave the entity intact.]
settings.gm.confirmation.preview_unavailable,GM stale projection warning,[The target or scope is no longer available in the current projection. The simulation will resolve this request when it is applied.]
help.bindings.heading,Station Help heading over the current semantic action bindings,[Bindings]
semantic_action.captain.red_alert.label,Captain semantic action display name,[Red Alert]
semantic_action.captain.red_alert.accessibility,Captain semantic action accessible description,[Raise or stand down Red Alert from the Captain console.]
semantic_action.captain.view.label,Captain semantic action display name,[Viewscreen View]
semantic_action.captain.view.accessibility,Captain semantic action accessible description,[Choose an available Captain viewscreen camera or cinematic view.]
semantic_action.captain.objective_priority.label,Captain semantic action display name,[Objective Priority]
semantic_action.captain.objective_priority.accessibility,Captain semantic action accessible description,[Choose the Captain priority objective.]
semantic_action.comms.hail.label,Comms semantic action display name,[Hail Contact]
semantic_action.comms.hail.accessibility,Comms semantic action accessible description,[Hail the selected in-range contact.]
semantic_action.comms.select_message.label,Comms semantic action display name,[Select Message]
semantic_action.comms.select_message.accessibility,Comms semantic action accessible description,[Select the current Comms message.]
semantic_action.comms.respond.label,Comms semantic action display name,[Send Response]
semantic_action.comms.respond.accessibility,Comms semantic action accessible description,[Send the selected available Comms response.]
semantic_action.comms.clear.label,Comms semantic action display name,[Clear Comms]
semantic_action.comms.clear.accessibility,Comms semantic action accessible description,[Clear acknowledged Comms messages.]
semantic_action.comms.show_on_screen.label,Comms semantic action display name,[Show Message]
semantic_action.comms.show_on_screen.accessibility,Comms semantic action accessible description,[Show the current Comms message on the viewscreen.]
semantic_action.helm.steering.label,Helm semantic action display name,[Steering]
semantic_action.helm.steering.accessibility,Helm semantic action accessible description,[Steer the ship continuously from the Helm console.]
semantic_action.helm.thrust.label,Helm semantic action display name,[Thrust]
semantic_action.helm.thrust.accessibility,Helm semantic action accessible description,[Set forward or reverse thrust continuously from the Helm console.]
semantic_action.helm.lateral_thrust.label,Helm semantic action display name,[Lateral Thrust]
semantic_action.helm.lateral_thrust.accessibility,Helm semantic action accessible description,[Set port or starboard lateral thrust on a ship that mounts lateral thrusters.]
semantic_action.helm.impulse.label,Helm semantic action display name,[Impulse]
semantic_action.helm.impulse.accessibility,Helm semantic action accessible description,[Start an impulse charge or cancel the active charge from the Helm console.]
semantic_action.helm.boost.label,Helm semantic action display name,[Boost]
semantic_action.helm.boost.accessibility,Helm semantic action accessible description,[Hold to engage the authored Helm boost drive and release to disengage it.]
semantic_action.helm.viewscreen.label,Helm semantic action display name,[Helm on Viewscreen]
semantic_action.helm.viewscreen.accessibility,Helm semantic action accessible description,[Show the Helm radar on the shared viewscreen.]
semantic_action.helm.dock.label,Helm semantic action display name,[Dock or Undock]
semantic_action.helm.dock.accessibility,Helm semantic action accessible description,[Dock with an available berth or undock the currently mated ship.]
semantic_action.tactical.target.label,Tactical semantic action display name,[Target Selection]
semantic_action.tactical.target.accessibility,Tactical semantic action accessible description,[Select the next available Tactical target.]
semantic_action.tactical.phaser_mode.label,Tactical semantic action display name,[Phaser Mode]
semantic_action.tactical.phaser_mode.accessibility,Tactical semantic action accessible description,[Set the ship phasers to the chosen firing mode.]
semantic_action.tactical.phaser_fire.label,Tactical semantic action display name,[Fire Phaser]
semantic_action.tactical.phaser_fire.accessibility,Tactical semantic action accessible description,[Fire an available phaser bank.]
semantic_action.tactical.blaster_charge.label,Tactical semantic action display name,[Charge Blaster]
semantic_action.tactical.blaster_charge.accessibility,Tactical semantic action accessible description,[Begin charging an available blaster bank.]
semantic_action.tactical.blaster_fire.label,Tactical semantic action display name,[Fire Blaster]
semantic_action.tactical.blaster_fire.accessibility,Tactical semantic action accessible description,[Fire an available blaster bank.]
semantic_action.tactical.blaster_cancel.label,Tactical semantic action display name,[Cancel Blaster Charge]
semantic_action.tactical.blaster_cancel.accessibility,Tactical semantic action accessible description,[Cancel a charging blaster bank.]
semantic_action.tactical.torpedo_volley_down.label,Tactical semantic action display name,[Decrease Torpedo Volley]
semantic_action.tactical.torpedo_volley_down.accessibility,Tactical semantic action accessible description,[Decrease the selected torpedo tube volley target.]
semantic_action.tactical.torpedo_volley_up.label,Tactical semantic action display name,[Increase Torpedo Volley]
semantic_action.tactical.torpedo_volley_up.accessibility,Tactical semantic action accessible description,[Increase the selected torpedo tube volley target.]
semantic_action.tactical.torpedo_fire.label,Tactical semantic action display name,[Fire Torpedo]
semantic_action.tactical.torpedo_fire.accessibility,Tactical semantic action accessible description,[Fire an available torpedo tube at the current authoritative target.]
semantic_action.sensors.target_selection.label,Sensors semantic action display name,[Science Target]
semantic_action.sensors.target_selection.accessibility,Sensors semantic action accessible description,[Choose a contact from the visible Sensors scope as the Science Target.]
semantic_action.sensors.scan.label,Sensors semantic action display name,[Scan Target]
semantic_action.sensors.scan.accessibility,Sensors semantic action accessible description,[Take an authoritative Sensors reading of the current Science Target.]
semantic_action.sensors.viewscreen.label,Sensors semantic action display name,[Sensors on Viewscreen]
semantic_action.sensors.viewscreen.accessibility,Sensors semantic action accessible description,[Show the Sensors radar on the shared viewscreen.]
semantic_action.sensors.cancel_impulse.label,Sensors semantic action display name,[Cancel Impulse from Sensors]
semantic_action.sensors.cancel_impulse.accessibility,Sensors semantic action accessible description,[Cancel the active impulse charge from the Sensors console.]
semantic_action.science.shield_focus.label,Science semantic action display name,[Shield Focus]
semantic_action.science.shield_focus.accessibility,Science semantic action accessible description,[Choose or clear the focused shield facing.]
semantic_action.navigation.chart.label,Navigation semantic action display name,[Navigation Chart]
semantic_action.navigation.chart.accessibility,Navigation semantic action accessible description,[Show the Navigation chart on the shared viewscreen.]
semantic_action.navigation.waypoint_place.label,Navigation semantic action display name,[Place Waypoint]
semantic_action.navigation.waypoint_place.accessibility,Navigation semantic action accessible description,[Place a free waypoint at the Navigation map cursor.]
semantic_action.navigation.waypoint_anchor.label,Navigation semantic action display name,[Waypoint to Contact]
semantic_action.navigation.waypoint_anchor.accessibility,Navigation semantic action accessible description,[Anchor the shared waypoint to the selected Navigation contact.]
semantic_action.navigation.waypoint_clear.label,Navigation semantic action display name,[Clear Waypoint]
semantic_action.navigation.waypoint_clear.accessibility,Navigation semantic action accessible description,[Clear the shared Navigation waypoint.]
semantic_action.navigation.contact.label,Navigation semantic action display name,[Contact Selection]
semantic_action.navigation.contact.accessibility,Navigation semantic action accessible description,[Select the next contact on the Navigation chart.]
semantic_action.navigation.civilian_order.label,Navigation semantic action display name,[Civilian Order]
semantic_action.navigation.civilian_order.accessibility,Navigation semantic action accessible description,[Issue an available authored order to civilian traffic.]
semantic_action.navigation.pan_left.label,Navigation semantic action display name,[Pan Map Left]
semantic_action.navigation.pan_left.accessibility,Navigation semantic action accessible description,[Pan the Navigation chart left.]
semantic_action.navigation.pan_right.label,Navigation semantic action display name,[Pan Map Right]
semantic_action.navigation.pan_right.accessibility,Navigation semantic action accessible description,[Pan the Navigation chart right.]
semantic_action.navigation.pan_up.label,Navigation semantic action display name,[Pan Map Up]
semantic_action.navigation.pan_up.accessibility,Navigation semantic action accessible description,[Pan the Navigation chart up.]
semantic_action.navigation.pan_down.label,Navigation semantic action display name,[Pan Map Down]
semantic_action.navigation.pan_down.accessibility,Navigation semantic action accessible description,[Pan the Navigation chart down.]
semantic_action.navigation.zoom_in.label,Navigation semantic action display name,[Zoom Map In]
semantic_action.navigation.zoom_in.accessibility,Navigation semantic action accessible description,[Zoom in on the Navigation chart.]
semantic_action.navigation.zoom_out.label,Navigation semantic action display name,[Zoom Map Out]
semantic_action.navigation.zoom_out.accessibility,Navigation semantic action accessible description,[Zoom out from the Navigation chart.]
semantic_action.power.decrease_allocation.label,Power semantic action display name,[Decrease Power Allocation]
semantic_action.power.decrease_allocation.accessibility,Power semantic action accessible description,[Decrease an available authored power-group allocation.]
semantic_action.power.increase_allocation.label,Power semantic action display name,[Increase Power Allocation]
semantic_action.power.increase_allocation.accessibility,Power semantic action accessible description,[Increase an available authored power-group allocation.]
semantic_action.repair.dispatch_team.label,Repair semantic action display name,[Dispatch Repair Team]
semantic_action.repair.dispatch_team.accessibility,Repair semantic action accessible description,[Dispatch an idle repair team to an available station or core target.]
semantic_action.repair.prioritise_system.label,Repair semantic action display name,[Prioritise Damaged System]
semantic_action.repair.prioritise_system.accessibility,Repair semantic action accessible description,[Prioritise an eligible damaged system for an on-site repair team.]
semantic_action.repair.recall_team.label,Repair semantic action display name,[Recall Repair Team]
semantic_action.repair.recall_team.accessibility,Repair semantic action accessible description,[Recall a repair team that is travelling to a station or working on site back to standby.]
semantic_action.engineering.tractor.label,Engineering semantic action display name,[Tractor Beam]
semantic_action.engineering.tractor.accessibility,Engineering semantic action accessible description,[Engage or release the tractor beam using the authoritative current state.]
semantic_action.engineering.umbilical.label,Engineering semantic action display name,[Transfer Umbilical]
semantic_action.engineering.umbilical.accessibility,Engineering semantic action accessible description,[Start or stop the transfer umbilical using the authoritative current state.]
semantic_action.repair.external_dispatch.label,Repair semantic action display name,[External Repair Dispatch]
semantic_action.repair.external_dispatch.accessibility,Repair semantic action accessible description,[Dispatch or recall the external repair team using the authoritative current state.]
semantic_action.host.qr_code.label,Host semantic action display name,[QR Code]
semantic_action.host.qr_code.accessibility,Host semantic action accessible description,[Show or hide the crew join QR code.]
semantic_action.host.qr_code.feedback,Host semantic action persistent status; {status} is a shared action feedback state,[QR Code: {status}]
semantic_action.gm.session_pause.label,Game Master semantic action display name,[Pause session]
semantic_action.gm.session_pause.accessibility,Game Master semantic action accessible description,[Set the authoritative session state to paused.]
semantic_action.gm.session_resume.label,Game Master semantic action display name,[Resume session]
semantic_action.gm.session_resume.accessibility,Game Master semantic action accessible description,[Set the authoritative session state to running.]
semantic_action.editor.mod.import.label,MOD editor semantic action display name,[Import mod pack]
semantic_action.editor.mod.import.accessibility,MOD editor semantic action accessible description,[Import a ZIP mod pack into the editable MOD workspace.]
semantic_action.editor.mod.validate.label,MOD editor semantic action display name,[Validate mod pack]
semantic_action.editor.mod.validate.accessibility,MOD editor semantic action accessible description,[Validate the editable MOD workspace without exporting it.]
semantic_action.editor.mod.export.label,MOD editor semantic action display name,[Export mod pack]
semantic_action.editor.mod.export.accessibility,MOD editor semantic action accessible description,[Validate and export the editable MOD workspace as a ZIP pack.]
action_feedback.pressed,Shared semantic action live status immediately after activation,[Pressed]
action_feedback.pending,Shared semantic action live status while authoritative work is in flight,[Pending]
action_feedback.applied,Shared semantic action live status after the authoritative consumer applies the request,[Applied]
action_feedback.refused,Shared semantic action live status after authority refuses the request,[Refused]
action_feedback.timed_out,Shared semantic action live status after no authoritative response arrives,[Timed out]
editor.mod.import.button,MOD editor control that opens the ZIP picker,[Import pack (.zip)]
editor.mod.import.success,MOD editor status after a valid source bundle is loaded,[Pack imported and ready to edit.]
editor.mod.import.invalid_heading,MOD editor non-colour validation heading for a readable invalid import,[Import needs attention]
editor.mod.import.source_retained,MOD editor assurance after a readable invalid import,[The source bundle remains loaded and editable. Resolve the listed validation findings before export.]
editor.mod.import.warning_heading,MOD editor heading before non-blocking imported-pack findings,[Warnings]
editor.mod.import.unreadable_heading,MOD editor validation heading when the ZIP or manifest cannot be parsed,[Import could not be read]
editor.mod.import.unreadable_detail,"MOD editor parse failure detail; reason is the existing parser message",[The selected archive could not be opened: {reason}]
editor.mod.import.previous_workspace_preserved,MOD editor assurance after an unreadable import,[Your previous MOD workspace was not changed.]
editor.mod.import.m6_boundary,MOD editor T2 scope note,"[T2 keeps this existing MOD workflow to import, validate, edit, and export one pack. It does not add a unified inspector, project-root editing, model tooling, or a Workshop redesign; those remain for M6 or later.]"
editor.mod.validate.button,MOD editor control that validates without downloading,[Validate]
editor.mod.validate.success,MOD editor status after successful validation,[Pack is valid and ready to export.]
editor.mod.validate.refused,MOD editor non-colour validation refusal heading,[Validation needs attention]
editor.mod.export.button,MOD editor control that validates and downloads a ZIP,[Export pack (.zip)]
editor.mod.export.success,MOD editor status after a successful ZIP download starts,[Pack exported.]
editor.mod.export.refused,MOD editor non-colour export refusal heading,[Export needs attention]
editor.mod.export.download_refused,MOD editor non-colour heading when a valid ZIP could not be downloaded,[Export download could not start]
editor.mod.member.heading,MOD editor heading over one selected member source,[Member source]
editor.mod.member.hint,MOD editor source-editing scope hint,[Edit this pack member directly. Its imported source and base provenance remain available until export.]
editor.mod.member.edit,MOD editor member row edit control,[Edit]
editor.mod.member.edit_accessibility,"MOD editor member row edit accessible label; {path} is an archive member path",[Edit source for {path}]
editor.mod.member.source_accessibility,"MOD editor member source textarea accessible label; {path} is an archive member path",[Source for {path}]
editor.mod.settings.heading,MOD editor private semantic binding settings disclosure,[Private controls]
editor.mod.settings.saved,MOD editor private profile persistence status,[Private controls saved.]
editor.mod.settings.storage_refused,MOD editor private profile persistence refusal,[Private controls could not be saved on this device.]
editor.mod.operation_busy,MOD editor refusal detail when another local pack operation is still pending,[Another pack operation is still pending. Wait for it to finish before trying this action.]
action_feedback.summary,Shared semantic action visible and accessible status; {action} is the action label and {status} its lifecycle state,[{action}: {status}]
input.modifier.control,Keyboard binding display name for the Control modifier,Ctrl
input.modifier.shift,Keyboard binding display name for the Shift modifier,Shift
input.modifier.alt,Keyboard binding display name for the Alt modifier,Alt
input.modifier.meta,Keyboard binding display name for the platform Meta modifier,Meta
input.binding.separator,Keyboard binding display separator between modifiers and key," + "
input.binding.slots_separator,Keyboard binding display separator between the two slots," · "
input.binding.unassigned,Keyboard binding display for an empty slot,[Unassigned]
input.gamepad.face_bottom,Portable standard-gamepad display name for the bottom face button,[Gamepad Face Bottom]
input.gamepad.face_right,Portable standard-gamepad display name for the right face button,[Gamepad Face Right]
input.gamepad.face_left,Portable standard-gamepad display name for the left face button,[Gamepad Face Left]
input.gamepad.face_top,Portable standard-gamepad display name for the top face button,[Gamepad Face Top]
input.gamepad.left_shoulder,Portable standard-gamepad display name for the left shoulder button,[Gamepad Left Shoulder]
input.gamepad.right_shoulder,Portable standard-gamepad display name for the right shoulder button,[Gamepad Right Shoulder]
input.gamepad.shoulder_pair,Portable standard-gamepad display name for the signed left/right shoulder pair,[Gamepad Left / Right Shoulder]
input.gamepad.left_trigger,Portable standard-gamepad display name for the left trigger,[Gamepad Left Trigger]
input.gamepad.right_trigger,Portable standard-gamepad display name for the right trigger,[Gamepad Right Trigger]
input.gamepad.select,Portable standard-gamepad display name for the select or back button,[Gamepad Select]
input.gamepad.start,Portable standard-gamepad display name for the start or forward button,[Gamepad Start]
input.gamepad.left_stick_button,Portable standard-gamepad display name for the left stick button,[Gamepad Left Stick Button]
input.gamepad.right_stick_button,Portable standard-gamepad display name for the right stick button,[Gamepad Right Stick Button]
input.gamepad.dpad_up,Portable standard-gamepad display name for D-pad up,[Gamepad D-pad Up]
input.gamepad.dpad_down,Portable standard-gamepad display name for D-pad down,[Gamepad D-pad Down]
input.gamepad.dpad_left,Portable standard-gamepad display name for D-pad left,[Gamepad D-pad Left]
input.gamepad.dpad_right,Portable standard-gamepad display name for D-pad right,[Gamepad D-pad Right]
input.gamepad.left_stick_x,Portable standard-gamepad continuous horizontal axis display name,[Gamepad Left Stick Horizontal]
input.gamepad.left_stick_y,Portable standard-gamepad continuous vertical axis display name,[Gamepad Left Stick Vertical]
input.gamepad.left_stick_left,Portable standard-gamepad axis-direction display name; {threshold} is the activation threshold,[Gamepad Left Stick Left at {threshold}]
input.gamepad.left_stick_right,Portable standard-gamepad axis-direction display name; {threshold} is the activation threshold,[Gamepad Left Stick Right at {threshold}]
input.gamepad.left_stick_up,Portable standard-gamepad axis-direction display name; {threshold} is the activation threshold,[Gamepad Left Stick Up at {threshold}]
input.gamepad.left_stick_down,Portable standard-gamepad axis-direction display name; {threshold} is the activation threshold,[Gamepad Left Stick Down at {threshold}]
input.gamepad.right_stick_x,Portable standard-gamepad continuous horizontal axis display name,[Gamepad Right Stick Horizontal]
input.gamepad.right_stick_y,Portable standard-gamepad continuous vertical axis display name,[Gamepad Right Stick Vertical]
input.gamepad.right_stick_left,Portable standard-gamepad axis-direction display name; {threshold} is the activation threshold,[Gamepad Right Stick Left at {threshold}]
input.gamepad.right_stick_right,Portable standard-gamepad axis-direction display name; {threshold} is the activation threshold,[Gamepad Right Stick Right at {threshold}]
input.gamepad.right_stick_up,Portable standard-gamepad axis-direction display name; {threshold} is the activation threshold,[Gamepad Right Stick Up at {threshold}]
input.gamepad.right_stick_down,Portable standard-gamepad axis-direction display name; {threshold} is the activation threshold,[Gamepad Right Stick Down at {threshold}]
settings.tab.controls,Shared host and phone settings menu name of the semantic action binding tab,[Controls]
settings.controls.heading,Shared host and phone Controls tab heading over semantic action bindings,[Action Bindings]
settings.controls.hint,Phone client Controls tab explanation of the two in-memory remappable slots,[Select either slot and press a key or control on the selected gamepad.]
settings.controls.host_hint,Host Controls tab explanation of the two in-memory remappable slots,[Select either slot and press a key or control on the selected gamepad.]
settings.controls.slot,Shared host and phone Controls tab binding slot label; {slot} is 1 or 2,Slot {slot}
settings.controls.slot_value,Station Help current semantic binding; {slot} is 1 or 2 and {binding} is the displayed chord,"Slot {slot}: {binding}"
settings.controls.capture_label,"Shared host and phone Controls tab accessible remap label; {action} is the display name and {slot} is 1 or 2","Remap {action}, slot {slot}"
settings.controls.press_key,Phone client Controls tab prompt shown while a remap slot has focus,[Press a key or gamepad control]
settings.controls.press_axis,Phone client Controls tab prompt while a continuous gamepad axis slot has focus,[Move a gamepad axis]
settings.controls.host_press_key,Host Controls tab prompt shown while a remap slot has focus,[Press a key or gamepad control]
settings.controls.reset_action,Shared host and phone Controls tab button restoring one semantic action to authored defaults,[Reset Action]
settings.controls.reset_all,Shared host and phone Controls tab button restoring every semantic action to authored defaults,[Reset All]
settings.controls.reserved,Assertive feedback refusing a browser or OS reserved chord; {binding} is the displayed chord,[{binding} is reserved by the browser or operating system. Choose another binding.]
settings.controls.conflict_heading,Accessible semantic binding conflict heading; {binding} is the displayed chord,[{binding} is already assigned in an overlapping context.]
settings.controls.conflict_item,"Semantic binding conflict item; {action} is an action name and {slot} is 1 or 2","[{action}, slot {slot}]"
settings.controls.replace,Semantic binding conflict button that clears every overlapping assignment,[Replace]
settings.controls.cancel,Semantic binding conflict button that changes nothing,[Cancel]
settings.controls.gamepad.heading,Phone client Controls tab heading for the explicitly owned gamepad,[Gamepad]
settings.controls.gamepad.hint,Phone client Controls tab explanation of single-device ownership,[Choose one standard-mapped gamepad. The saved device reconnects automatically when it can be identified; identical devices need a new selection.]
settings.controls.gamepad.selector,Accessible label for the gamepad device selector,[Controlling gamepad]
settings.controls.gamepad.none,Gamepad selector option which gives no device control,[None]
settings.controls.gamepad.device,Generic gamepad selector option; {slot} is the one-based browser slot,[Gamepad {slot}]
settings.controls.gamepad.device_unsupported,Disabled gamepad selector option; {slot} is the one-based browser slot,[Gamepad {slot} (unsupported mapping)]
settings.controls.gamepad.device_disconnected,Selected gamepad option retained after disconnect; {slot} is the one-based browser slot,[Gamepad {slot} (disconnected)]
settings.controls.gamepad.device_retained,Unavailable-surface gamepad option showing a portable saved choice; {slot} is the one-based device slot,[Gamepad {slot} (saved for a compatible surface)]
settings.controls.gamepad.status_none,Accessible gamepad status before an explicit device selection,[No gamepad selected. Keyboard controls remain active.]
settings.controls.gamepad.status_ready,Accessible gamepad status after a standard device is selected,[Selected gamepad ready.]
settings.controls.gamepad.status_neutral,Accessible gamepad status while held controls are gated,[Release the selected gamepad controls to continue.]
settings.controls.gamepad.status_unsupported,Accessible gamepad status for connected devices without the standard mapping,[Only standard-mapped gamepads are supported.]
settings.controls.gamepad.status_disconnected,Assertive warning after the selected connection is lost,[Selected gamepad disconnected. Reconnect it or select another device. Keyboard controls remain active.]
settings.controls.gamepad.status_unavailable,Accessible status when this surface has no gamepad input route,[Gamepad input is unavailable on this surface. Keyboard controls remain active; saved gamepad choices are retained.]
settings.controls.gamepad.deadzone,Accessible label for a continuous gamepad axis deadzone setting,[Axis deadzone]
settings.controls.gamepad.deadzone_value,Continuous gamepad axis deadzone percentage readout; {value} is an integer percentage,[{value}%]
settings.controls.gamepad.inverted,Accessible label for a continuous gamepad axis inversion setting,[Invert axis]
settings.controls.profile.heading,Phone Controls tab heading for portable private operator profile actions,[Operator Profile]
settings.controls.profile.hint,Phone Controls tab explanation of profile portability,[Move your Accessibility and control choices between devices with a JSON file.]
settings.controls.profile.private_hint,"Phone Controls tab privacy boundary for profile export/import","[The file contains no player identity, Station ownership, session state, or saves.]"
settings.controls.profile.vibration_unavailable,Operator Profile capability note on surfaces without a vibration backend,[Vibration is unavailable on this surface. Its profile choice is retained for export.]
settings.controls.profile.export,Phone Controls tab action downloading the private operator profile,[Export Profile]
settings.controls.profile.import,Phone Controls tab action choosing a private operator profile JSON file,[Import Profile]
settings.controls.profile.status_reading,Polite status while the selected operator profile file is read,[Reading profile…]
settings.controls.profile.status_exported,Polite status after an operator profile download begins,[Profile exported.]
settings.controls.profile.status_imported,Polite status after a current operator profile is imported,[Profile imported.]
settings.controls.profile.status_imported_normalized,Polite status after supported settings are imported and unsupported fields or conflicting new defaults are ignored,[Profile imported. Unsupported fields or conflicting new defaults were ignored safely.]
settings.controls.profile.status_migrated,Polite status after an Accessibility-only profile is migrated,[Accessibility profile migrated to the current operator profile.]
settings.controls.profile.status_refused_version,Assertive status refusing an unknown operator profile kind or version,[This profile version is not supported. No settings were changed.]
settings.controls.profile.status_refused_controls,Assertive status refusing unsafe or conflicting imported controls,"[The imported controls are invalid, reserved, or conflicting. No settings were changed.]"
settings.controls.profile.status_refused_storage,Assertive status when private storage or profile download is unavailable,[The profile could not be stored or exported on this device. No settings were changed.]
settings.controls.profile.status_refused_read,Assertive status when the selected operator profile file cannot be read,[The selected profile file could not be read. No settings were changed.]
settings.controls.profile.status_refused_corrupt,Assertive status refusing malformed operator profile JSON,[This is not a valid operator profile. No settings were changed.]
client.gamepad.disconnect_warning,Persistent client-level live warning outside Settings after selected gamepad disconnect,[Selected gamepad disconnected. No other gamepad has taken control. Keyboard controls remain active.]
world.combat_test.harrow.blood_eagle,assets/worlds/combat_test.toml → scripted Harrow display identity,Blood-Eagle
world.combat_test.harrow.iron_spear,assets/worlds/combat_test.toml → scripted Harrow display identity,Iron-Spear
world.combat_test.harrow.black_anvil,assets/worlds/combat_test.toml → scripted Harrow display identity,Black-Anvil
world.combat_test.harrow.red_hammer,assets/worlds/combat_test.toml → scripted Harrow display identity,Red-Hammer
world.combat_test.harrow.ash_pike,assets/worlds/combat_test.toml → scripted Harrow display identity,Ash-Pike
world.combat_test.harrow.steel_mace,assets/worlds/combat_test.toml → scripted Harrow display identity,Steel-Mace
world.combat_test.harrow.night_cleaver,assets/worlds/combat_test.toml → scripted Harrow display identity,Night-Cleaver
world.combat_test.harrow.war_axe,assets/worlds/combat_test.toml → scripted Harrow display identity,War-Axe
world.combat_test.harrow.grave_halberd,assets/worlds/combat_test.toml → scripted Harrow display identity,Grave-Halberd
world.combat_test.harrow.storm_lance,assets/worlds/combat_test.toml → scripted Harrow display identity,Storm-Lance
world.combat_test.harrow.iron_kite,assets/worlds/combat_test.toml → scripted Harrow display identity,Iron-Kite
world.combat_test.harrow.red_scythe,assets/worlds/combat_test.toml → scripted Harrow display identity,Red-Scythe
world.combat_test.harrow.black_sabre,assets/worlds/combat_test.toml → scripted Harrow display identity,Black-Sabre
world.combat_test.harrow.ash_maul,assets/worlds/combat_test.toml → scripted Harrow display identity,Ash-Maul
world.combat_test.harrow.steel_raptor,assets/worlds/combat_test.toml → scripted Harrow display identity,Steel-Raptor
world.combat_test.harrow.war_brand,assets/worlds/combat_test.toml → scripted Harrow display identity,War-Brand
world.combat_test.harrow.blood_fang,assets/worlds/combat_test.toml → scripted Harrow display identity,Blood-Fang
world.combat_test.harrow.dread_spear,assets/worlds/combat_test.toml → scripted Harrow display identity,Dread-Spear
world.combat_test.harrow.night_hammer,assets/worlds/combat_test.toml → scripted Harrow display identity,Night-Hammer
entity.alliance_battleship.name,assets/entities/alliance_battleship.toml → name (top level),Alliance Battleship
entity.alliance_battleship.hull.system_hull.helm_engine_port.display_name,assets/entities/alliance_battleship.toml → [hull.system_hull] display_name,Engine (Port)
entity.alliance_battleship.hull.system_hull.helm_engine_starboard.display_name,assets/entities/alliance_battleship.toml → [hull.system_hull] display_name,Engine (Starboard)
entity.alliance_battleship.power_groups.helm.label,assets/entities/alliance_battleship.toml → [power_groups.helm] label,Propulsion
entity.alliance_battleship.power_groups.weapons.label,assets/entities/alliance_battleship.toml → [power_groups.weapons] label,Weapons
entity.alliance_battleship.power_groups.shields.label,assets/entities/alliance_battleship.toml → [power_groups.shields] label,Shields
entity.alliance_battleship.station.captain.description,assets/entities/alliance_battleship.toml → [station] description,Command the ship.
entity.alliance_battleship.station.helm.description,assets/entities/alliance_battleship.toml → [station] description,Pilot the ship.
entity.alliance_battleship.station.tactical.description,assets/entities/alliance_battleship.toml → [station] description,[Manage weapons systems.]
entity.alliance_battleship.station.repair.description,assets/entities/alliance_battleship.toml → [station] description,[Maintain and repair ship systems.]
entity.alliance_battleship.station.sensors.description,assets/entities/alliance_battleship.toml → [station] description,[Monitor long-range sensors.]
entity.alliance_battleship.station.shields.description,assets/entities/alliance_battleship.toml → [station] description,[Manage shield systems.]
entity.alliance_battleship.station.navigation.description,assets/entities/alliance_battleship.toml → [station] description,[Plot course and navigate.]
entity.alliance_battleship.station.power.description,assets/entities/alliance_battleship.toml → [station] description,[Manage ship power systems.]
entity.alliance_battleship.station.comms.description,assets/entities/alliance_battleship.toml → [station] description,[Hail stations and relay intelligence.]
entity.alliance_courier.name,assets/entities/alliance_courier.toml → name (top level),Alliance Courier
entity.alliance_courier.hull.system_hull.helm_engine_port.display_name,assets/entities/alliance_courier.toml → [hull.system_hull] display_name,Engine (Port)
entity.alliance_courier.hull.system_hull.helm_engine_starboard.display_name,assets/entities/alliance_courier.toml → [hull.system_hull] display_name,Engine (Starboard)
entity.alliance_courier.hull.system_hull.helm_lateral_thrust.display_name,assets/entities/alliance_courier.toml → [hull.system_hull] display_name,Lateral Thrusters
entity.alliance_courier.power_groups.helm.label,assets/entities/alliance_courier.toml → [power_groups.helm] label,Propulsion
entity.alliance_courier.power_groups.weapons.label,assets/entities/alliance_courier.toml → [power_groups.weapons] label,Weapons
entity.alliance_courier.power_groups.shields.label,assets/entities/alliance_courier.toml → [power_groups.shields] label,Shields
entity.alliance_courier.station.captain.description,assets/entities/alliance_courier.toml → [station] description,"[Command the ship, coordinate the mission and manage its support systems.]"
entity.alliance_courier.station.tactical.description,assets/entities/alliance_courier.toml → [station] description,"[Fly the Courier, track contacts and operate its blaster.]"
entity.alliance_cruiser.name,assets/entities/alliance_cruiser.toml → name (top level),Alliance Cruiser
entity.alliance_cruiser.display_name,"Player-facing SHIP NAME (title) for the Alliance cruiser hull. John-specified as ""AEV Phoenix""; bracketed only per the unratified-copy convention, not because the value is a placeholder.",[AEV Phoenix]
entity.alliance_destroyer.display_name,Player-facing SHIP NAME (title) for the Alliance destroyer hull — [ai] placeholder awaiting John's ratification,[AEV Vanguard]
entity.alliance_battleship.display_name,Player-facing SHIP NAME (title) for the Alliance battleship hull — [ai] placeholder awaiting John's ratification,[AEV Sovereign]
entity.alliance_courier.display_name,Player-facing SHIP NAME (title) for the Alliance courier hull — [ai] placeholder awaiting John's ratification,[AEV Kestrel]
entity.ship_harrow_patrol.display_name,Player-facing SHIP NAME (title) for the Harrow patrol hull — [ai] faction-appropriate placeholder awaiting John's ratification,[Harrow Ravener]
entity.ship_harrow_cruiser.display_name,Player-facing SHIP NAME (title) for the Harrow cruiser hull — [ai] faction-appropriate placeholder awaiting John's ratification,[Harrow Desolation]
entity.ship_harrow_destroyer.display_name,Player-facing SHIP NAME (title) for the Harrow destroyer hull — [ai] faction-appropriate placeholder awaiting John's ratification,[Harrow Ironmaw]
entity.ship_harrow_warhawk.display_name,Player-facing SHIP NAME (title) for the Harrow warhawk hull — [ai] faction-appropriate placeholder awaiting John's ratification,[Harrow Talon]
entity.ship_requiem_courier.display_name,Player-facing SHIP NAME (title) for the Requiem courier hull — [ai] faction-appropriate placeholder awaiting John's ratification,[Requiem Wren]
entity.alliance_cruiser.hull.system_hull.science.display_name,assets/entities/alliance_cruiser.toml → [hull.system_hull] display_name,Science
entity.alliance_cruiser.hull.system_hull.helm_engine_port.display_name,assets/entities/alliance_cruiser.toml → [hull.system_hull] display_name,Engine (Port)
entity.alliance_cruiser.hull.system_hull.helm_engine_starboard.display_name,assets/entities/alliance_cruiser.toml → [hull.system_hull] display_name,Engine (Starboard)
entity.alliance_cruiser.hull.system_hull.helm_lateral_thrust.display_name,assets/entities/alliance_cruiser.toml → [hull.system_hull] display_name,Lateral Thrusters
entity.alliance_cruiser.power_groups.helm.label,assets/entities/alliance_cruiser.toml → [power_groups.helm] label,Propulsion
entity.alliance_cruiser.power_groups.weapons.label,assets/entities/alliance_cruiser.toml → [power_groups.weapons] label,Weapons
entity.alliance_cruiser.power_groups.shields.label,assets/entities/alliance_cruiser.toml → [power_groups.shields] label,Shields
entity.alliance_cruiser.station.captain.description,assets/entities/alliance_cruiser.toml → [station] description,Command the ship.
entity.alliance_cruiser.station.helm.description,assets/entities/alliance_cruiser.toml → [station] description,Pilot the ship.
entity.alliance_cruiser.station.tactical.description,assets/entities/alliance_cruiser.toml → [station] description,[Manage weapons systems.]
entity.alliance_cruiser.station.science.description,assets/entities/alliance_cruiser.toml → [station] description,[Monitor sensors and manage shields.]
entity.alliance_cruiser.station.engineering.description,assets/entities/alliance_cruiser.toml → [station] description,[Manage power and repairs.]
entity.alliance_cruiser.station.comms.description,assets/entities/alliance_cruiser.toml → [station] description,"[Hail stations, plot course and navigate.]"
entity.alliance_cruiser.station.command.description,assets/entities/alliance_cruiser.toml → [station] description,[Direct the ship's AI-run stations.]
entity.alliance_cruiser.station.tactical.stance.weapons_free,assets/entities/alliance_cruiser.toml → [station.stance] label,[Weapons Free]
entity.alliance_cruiser.station.tactical.stance.hold,assets/entities/alliance_cruiser.toml → [station.stance] label,[Hold Fire]
entity.alliance_cruiser.station.tactical.stance.normal,assets/entities/alliance_cruiser.toml → [station.stance] label,[Follow Alert (Standing By)]
entity.alliance_cruiser.station.tactical.stance.high,assets/entities/alliance_cruiser.toml → [station.stance] label,[Follow Alert (Battle Stations)]
entity.alliance_cruiser.station.captain.tutorial.welcome.title,assets/entities/alliance_cruiser.toml → [station.tutorial] title — first-visit captain tip heading,CAPTAIN'S CHAIR
entity.alliance_cruiser.station.captain.tutorial.rating.title,assets/entities/alliance_cruiser.toml → [station.tutorial] title — current captain rating selector guidance,STATION RATING
entity.alliance_cruiser.station.captain.tutorial.rating.text,assets/entities/alliance_cruiser.toml → [station.tutorial] text — current captain rating selector guidance,"[Before launch, the lobby's Station Rating selector offers Std and Simplified. Simplified hands Red Alert to the ship's AI; Std leaves that call with you.]"
entity.alliance_cruiser.station.captain.tutorial.welcome.text,assets/entities/alliance_cruiser.toml → [station.tutorial] text — first-visit captain tip body,"[You direct a ship built to endure and hold its presence. Set the crew's focus, show them what matters, and call Red Alert when the mission demands action.]"
entity.alliance_cruiser.station.captain.tutorial.viewscreen.title,assets/entities/alliance_cruiser.toml → [station.tutorial] title — viewscreen tip heading,VIEWSCREEN
entity.alliance_cruiser.station.captain.tutorial.viewscreen.text,assets/entities/alliance_cruiser.toml → [station.tutorial] text — viewscreen tip body,[Choose the view that gives the bridge the clearest picture of the ship's position and the mission ahead.]
entity.alliance_cruiser.station.captain.tutorial.objectives.title,assets/entities/alliance_cruiser.toml → [station.tutorial] title — objective-priority tip heading,CREW FOCUS
entity.alliance_cruiser.station.captain.tutorial.objectives.text,assets/entities/alliance_cruiser.toml → [station.tutorial] text — objective-priority tip body,[Raise an objective's priority to make it the crew's immediate focus while the cruiser holds the wider situation.]
entity.alliance_cruiser.station.captain.tutorial.red_alert.title,assets/entities/alliance_cruiser.toml → [station.tutorial] title — red-alert tip heading,RED ALERT
entity.alliance_cruiser.station.captain.tutorial.red_alert.text,assets/entities/alliance_cruiser.toml → [station.tutorial] text — red-alert tip body,[Only you call Red Alert. It brings the crew to combat readiness so Helm can work the cruiser's broadside presence and Tactical can answer threats.]
entity.alliance_cruiser.station.helm.tutorial.welcome.title,assets/entities/alliance_cruiser.toml → [station.tutorial] title — first-visit helm tip heading,WELCOME TO HELM
entity.alliance_cruiser.station.helm.tutorial.rating.title,assets/entities/alliance_cruiser.toml → [station.tutorial] title — current helm rating selector guidance,STATION RATING
entity.alliance_cruiser.station.helm.tutorial.rating.text,assets/entities/alliance_cruiser.toml → [station.tutorial] text — current helm rating selector guidance,"[Before launch, the lobby's Station Rating selector offers Std and Simplified. Simplified assigns lateral thrust to AI while you keep the flight stick and throttle.]"
entity.alliance_cruiser.station.helm.tutorial.welcome.text,assets/entities/alliance_cruiser.toml → [station.tutorial] text — first-visit helm tip body,[Hold the cruiser at a useful range and keep its presence where the crew needs it. The radar is your local picture; your controls are on the right.]
entity.alliance_cruiser.station.helm.tutorial.joystick.title,assets/entities/alliance_cruiser.toml → [station.tutorial] title — flight-stick tip heading,FLIGHT STICK
entity.alliance_cruiser.station.helm.tutorial.joystick.text,assets/entities/alliance_cruiser.toml → [station.tutorial] text — flight-stick tip body,[Drag the flight stick to set thrust and steering. Shape a measured orbit that keeps the cruiser in range and its broadside working.]
entity.alliance_cruiser.station.helm.tutorial.lateral.title,assets/entities/alliance_cruiser.toml → [station.tutorial] title — lateral-thrust tip heading,LATERAL THRUST
entity.alliance_cruiser.station.helm.tutorial.lateral.text,assets/entities/alliance_cruiser.toml → [station.tutorial] text — lateral-thrust tip body,[Slide sideways without turning to refine the cruiser’s bearing and keep the strongest broadside presence on the contact.]
entity.alliance_cruiser.station.helm.tutorial.impulse.title,assets/entities/alliance_cruiser.toml → [station.tutorial] title — impulse-drive tip heading,IMPULSE DRIVE
entity.alliance_cruiser.station.helm.tutorial.impulse.text,assets/entities/alliance_cruiser.toml → [station.tutorial] text — impulse-drive tip body,[Charge impulse for a short repositioning burst. Use it to recover range or re-establish the orbit when the situation shifts.]
entity.alliance_cruiser.station.helm.tutorial.boost.title,assets/entities/alliance_cruiser.toml → [station.tutorial] title — boost-ready contextual tip heading,BOOST READY
entity.alliance_cruiser.station.helm.tutorial.boost.text,assets/entities/alliance_cruiser.toml → [station.tutorial] text — boost-ready contextual tip body,[Boost is available. Hold it for a brief burst when holding range or regaining the right bearing matters more than conserving reserve.]
entity.alliance_cruiser.station.tactical.tutorial.welcome.title,assets/entities/alliance_cruiser.toml → [station.tutorial] title — first-visit tactical tip heading,WEAPONS STATION
entity.alliance_cruiser.station.tactical.tutorial.rating.title,assets/entities/alliance_cruiser.toml → [station.tutorial] title — current tactical rating selector guidance,STATION RATING
entity.alliance_cruiser.station.tactical.tutorial.rating.text,assets/entities/alliance_cruiser.toml → [station.tutorial] text — current tactical rating selector guidance,"[Before launch, the lobby's Station Rating selector offers Std and Simplified. Simplified assigns the phaser banks to AI so you can focus on targeting and torpedoes.]"
entity.alliance_cruiser.station.tactical.tutorial.welcome.text,assets/entities/alliance_cruiser.toml → [station.tutorial] text — first-visit tactical tip body,"[Sustain the cruiser’s presence with disciplined fire. Lock the contact, keep the phaser banks working as Helm holds the orbit, and use torpedoes when a firing solution opens.]"
entity.alliance_cruiser.station.tactical.tutorial.lock_target.title,assets/entities/alliance_cruiser.toml → [station.tutorial] title — target-lock tip heading,LOCK A TARGET
entity.alliance_cruiser.station.tactical.tutorial.lock_target.text,assets/entities/alliance_cruiser.toml → [station.tutorial] text — target-lock tip body,[Tap a contact on the tactical radar to lock it. The lock gives the weapon controls their firing solution.]
entity.alliance_cruiser.station.tactical.tutorial.phasers.title,assets/entities/alliance_cruiser.toml → [station.tutorial] title — phaser tip heading,PHASER BANKS
entity.alliance_cruiser.station.tactical.tutorial.phasers.text,assets/entities/alliance_cruiser.toml → [station.tutorial] text — phaser tip body,"[Set the phasers to Manual when you need a deliberate shot, then fire the banks that bear. In Auto they sustain pressure while the cruiser holds position.]"
entity.alliance_cruiser.station.tactical.tutorial.torpedoes.title,assets/entities/alliance_cruiser.toml → [station.tutorial] title — torpedo tip heading,TORPEDO TUBES
entity.alliance_cruiser.station.tactical.tutorial.torpedoes.text,assets/entities/alliance_cruiser.toml → [station.tutorial] text — torpedo tip body,"[Set each tube's volley target, then fire when its arc bears on the locked contact. Save a loaded volley for the opening that matters.]"
entity.alliance_cruiser.station.science.tutorial.welcome.title,assets/entities/alliance_cruiser.toml → [station.tutorial] title — first-visit science tip heading,SCIENCE STATION
entity.alliance_cruiser.station.science.tutorial.welcome.text,assets/entities/alliance_cruiser.toml → [station.tutorial] text — first-visit science tip body,[Give the crew the picture that lets the cruiser endure. Track contacts on Sensors and keep the shield grid ready for the bearing that threatens its presence.]
entity.alliance_cruiser.station.science.tutorial.select_contact.title,assets/entities/alliance_cruiser.toml → [station.tutorial] title — sensor selection tip heading,SELECT A CONTACT
entity.alliance_cruiser.station.science.tutorial.select_contact.text,assets/entities/alliance_cruiser.toml → [station.tutorial] text — sensor selection tip body,[Tap a contact on the sensor radar to select it. Its readings give the bridge the information it needs to hold the right range and bearing.]
entity.alliance_cruiser.station.science.tutorial.shield_focus.title,assets/entities/alliance_cruiser.toml → [station.tutorial] title — shield focus tip heading,SHIELD FOCUS
entity.alliance_cruiser.station.science.tutorial.shield_focus.text,assets/entities/alliance_cruiser.toml → [station.tutorial] text — shield focus tip body,"[Focus the facing under pressure to reinforce it. The other facings recover more slowly, so move the focus as the threat bearing changes.]"
entity.alliance_cruiser.station.engineering.tutorial.welcome.title,assets/entities/alliance_cruiser.toml → [station.tutorial] title — first-visit engineering tip heading,ENGINEERING STATION
entity.alliance_cruiser.station.engineering.tutorial.rating.title,assets/entities/alliance_cruiser.toml → [station.tutorial] title — current engineering rating selector guidance,STATION RATING
entity.alliance_cruiser.station.engineering.tutorial.rating.text,assets/entities/alliance_cruiser.toml → [station.tutorial] text — current engineering rating selector guidance,"[Before launch, the lobby's Station Rating selector offers Std and Simplified. Simplified assigns repair teams to AI while you manage the power allocation.]"
entity.alliance_cruiser.station.engineering.tutorial.welcome.text,assets/entities/alliance_cruiser.toml → [station.tutorial] text — first-visit engineering tip body,"[Keep the cruiser present and durable. Balance power for the crew's current need, watch the reserve, and put repair teams where damage would break the ship's staying power.]"
entity.alliance_cruiser.station.engineering.tutorial.power.title,assets/entities/alliance_cruiser.toml → [station.tutorial] title — power-allocation tip heading,POWER ALLOCATION
entity.alliance_cruiser.station.engineering.tutorial.power.text,assets/entities/alliance_cruiser.toml → [station.tutorial] text — power-allocation tip body,"[Use the controls to move reactor power between propulsion, weapons, and shields. Back the part of the ship that must hold the mission together now.]"
entity.alliance_cruiser.station.engineering.tutorial.repair.title,assets/entities/alliance_cruiser.toml → [station.tutorial] title — repair-teams tip heading,REPAIR TEAMS
entity.alliance_cruiser.station.engineering.tutorial.repair.text,assets/entities/alliance_cruiser.toml → [station.tutorial] text — repair-teams tip body,[Dispatch a team to damaged equipment and set the repair priority that protects the cruiser’s ability to remain on station.]
entity.alliance_cruiser.station.comms.tutorial.welcome.title,assets/entities/alliance_cruiser.toml → [station.tutorial] title — first-visit comms tip heading,COMMS STATION
entity.alliance_cruiser.station.comms.tutorial.welcome.text,assets/entities/alliance_cruiser.toml → [station.tutorial] text — first-visit comms tip body,"[Keep the cruiser connected to the mission. Plot the next course, open channels to contacts, and turn incoming traffic into clear information for the bridge.]"
entity.alliance_cruiser.station.comms.tutorial.waypoint.title,assets/entities/alliance_cruiser.toml → [station.tutorial] title — waypoint tip heading,SET A WAYPOINT
entity.alliance_cruiser.station.comms.tutorial.waypoint.text,assets/entities/alliance_cruiser.toml → [station.tutorial] text — waypoint tip body,[Choose a point on the navigation map and set it as the waypoint. Helm uses that shared course to carry the cruiser’s presence where it is needed.]
entity.alliance_cruiser.station.comms.tutorial.hail.title,assets/entities/alliance_cruiser.toml → [station.tutorial] title — hail tip heading,HAIL A CONTACT
entity.alliance_cruiser.station.comms.tutorial.hail.text,assets/entities/alliance_cruiser.toml → [station.tutorial] text — hail tip body,"[Open a channel to an available contact when the bridge needs an answer, a warning, or a route forward.]"
entity.alliance_cruiser.station.comms.tutorial.respond.title,assets/entities/alliance_cruiser.toml → [station.tutorial] title — response tip heading,RESPOND TO TRAFFIC
entity.alliance_cruiser.station.comms.tutorial.respond.text,assets/entities/alliance_cruiser.toml → [station.tutorial] text — response tip body,[Read the active message and send the response that keeps the mission moving. Keep the captain informed when the situation changes.]
entity.alliance_destroyer.name,assets/entities/alliance_destroyer.toml → name (top level),Alliance Destroyer
entity.alliance_destroyer.hull.system_hull.helm_engine_port.display_name,assets/entities/alliance_destroyer.toml → [hull.system_hull] display_name,Engine (Port)
entity.alliance_destroyer.hull.system_hull.helm_engine_starboard.display_name,assets/entities/alliance_destroyer.toml → [hull.system_hull] display_name,Engine (Starboard)
entity.alliance_destroyer.hull.system_hull.helm_lateral_thrust.display_name,assets/entities/alliance_destroyer.toml → [hull.system_hull] display_name,Lateral Thrusters
entity.alliance_destroyer.power_groups.helm.label,assets/entities/alliance_destroyer.toml → [power_groups.helm] label,Propulsion
entity.alliance_destroyer.power_groups.weapons.label,assets/entities/alliance_destroyer.toml → [power_groups.weapons] label,Weapons
entity.alliance_destroyer.power_groups.shields.label,assets/entities/alliance_destroyer.toml → [power_groups.shields] label,Shields
entity.alliance_destroyer.station.captain.description,assets/entities/alliance_destroyer.toml → [station] description,Command the ship and monitor sensors.
entity.alliance_destroyer.station.helm.description,assets/entities/alliance_destroyer.toml → [station] description,Pilot the ship.
entity.alliance_destroyer.station.tactical.description,assets/entities/alliance_destroyer.toml → [station] description,"[Manage weapons, navigation and comms.]"
entity.alliance_destroyer.station.engineering.description,assets/entities/alliance_destroyer.toml → [station] description,"[Manage shields, power and repairs.]"
entity.alliance_destroyer.station.command.description,assets/entities/alliance_destroyer.toml → [station] description,[Direct the ship's AI-run stations.]
entity.alliance_destroyer.station.tactical.stance.weapons_free,assets/entities/alliance_destroyer.toml → [station.stance] label,[Weapons Free]
entity.alliance_destroyer.station.tactical.stance.hold,assets/entities/alliance_destroyer.toml → [station.stance] label,[Hold Fire]
entity.alliance_destroyer.station.tactical.stance.normal,assets/entities/alliance_destroyer.toml → [station.stance] label,[Follow Alert (Standing By)]
entity.alliance_destroyer.station.tactical.stance.high,assets/entities/alliance_destroyer.toml → [station.stance] label,[Follow Alert (Battle Stations)]
entity.alliance_destroyer.station.helm.tutorial.welcome.title,assets/entities/alliance_destroyer.toml → [station.tutorial] title — first-visit helm tip heading,WELCOME TO HELM
entity.alliance_destroyer.station.helm.tutorial.welcome.text,assets/entities/alliance_destroyer.toml → [station.tutorial] text — first-visit helm tip body,[You fly the destroyer. The radar shows space around you — up is always your heading. Your flight controls are on the right.]
entity.alliance_destroyer.station.helm.tutorial.joystick.title,assets/entities/alliance_destroyer.toml → [station.tutorial] title — flight-stick tip heading,FLIGHT STICK
entity.alliance_destroyer.station.helm.tutorial.joystick.text,assets/entities/alliance_destroyer.toml → [station.tutorial] text — flight-stick tip body,"[Drag the flight stick: push up to thrust, pull sideways to steer. The ship holds your last input until you move it again.]"
entity.alliance_destroyer.station.helm.tutorial.lateral.title,assets/entities/alliance_destroyer.toml → [station.tutorial] title — lateral-thrust tip heading,LATERAL THRUST
entity.alliance_destroyer.station.helm.tutorial.lateral.text,assets/entities/alliance_destroyer.toml → [station.tutorial] text — lateral-thrust tip body,[The lower stick slides the ship sideways without turning — dodge incoming fire or drift across an enemy's aim.]
entity.alliance_destroyer.station.helm.tutorial.impulse.title,assets/entities/alliance_destroyer.toml → [station.tutorial] title — impulse-drive tip heading,IMPULSE DRIVE
entity.alliance_destroyer.station.helm.tutorial.impulse.text,assets/entities/alliance_destroyer.toml → [station.tutorial] text — impulse-drive tip body,[Impulse charges up and then hurls the ship forward in a burst. Press to start charging; press again to cancel.]
entity.alliance_destroyer.station.helm.tutorial.boost.title,assets/entities/alliance_destroyer.toml → [station.tutorial] title — boost-ready contextual tip heading,BOOST READY
entity.alliance_destroyer.station.helm.tutorial.boost.text,assets/entities/alliance_destroyer.toml → [station.tutorial] text — boost-ready contextual tip body,[Boost is charged. Hold the boost button for a burst of speed — the battery drains while it runs and recharges after.]
entity.alliance_destroyer.station.helm.tutorial.red_alert.title,assets/entities/alliance_destroyer.toml → [station.tutorial] title — red-alert contextual tip heading,RED ALERT
entity.alliance_destroyer.station.helm.tutorial.red_alert.text,assets/entities/alliance_destroyer.toml → [station.tutorial] text — red-alert contextual tip body,[Hostile weapon arcs now paint onto your radar. Keep the ship out of the shaded wedges while Tactical returns fire.]
entity.alliance_destroyer.station.captain.tutorial.welcome.title,assets/entities/alliance_destroyer.toml → [station.tutorial] title — first-visit captain tip heading,CAPTAIN'S CHAIR
entity.alliance_destroyer.station.captain.tutorial.welcome.text,assets/entities/alliance_destroyer.toml → [station.tutorial] text — first-visit captain tip body,"[You command the destroyer. Read the sensor scope, point the viewscreen, keep the crew's objectives straight, and call Red Alert when it's time to fight.]"
entity.alliance_destroyer.station.captain.tutorial.camera.title,assets/entities/alliance_destroyer.toml → [station.tutorial] title — viewscreen-camera tip heading,VIEWSCREEN
entity.alliance_destroyer.station.captain.tutorial.camera.text,assets/entities/alliance_destroyer.toml → [station.tutorial] text — viewscreen-camera tip body,[Switch the main viewscreen between camera angles so the crew sees what matters most right now.]
entity.alliance_destroyer.station.captain.tutorial.sensors_target.title,assets/entities/alliance_destroyer.toml → [station.tutorial] title — sensor-scan tip heading,[SCAN A CONTACT]
entity.alliance_destroyer.station.captain.tutorial.sensors_target.text,assets/entities/alliance_destroyer.toml → [station.tutorial] text — sensor-scan tip body,"[Tap a contact on the sensor scope to scan it — its class, heading and shield strength appear below.]"
entity.alliance_destroyer.station.captain.tutorial.objectives.title,assets/entities/alliance_destroyer.toml → [station.tutorial] title — objectives tip heading,OBJECTIVES
entity.alliance_destroyer.station.captain.tutorial.objectives.text,assets/entities/alliance_destroyer.toml → [station.tutorial] text — objectives tip body,[Boost an objective's priority to flag it for the crew as the current focus.]
entity.alliance_destroyer.station.captain.tutorial.red_alert.title,assets/entities/alliance_destroyer.toml → [station.tutorial] title — red-alert-authority tip heading,RED ALERT
entity.alliance_destroyer.station.captain.tutorial.red_alert.text,assets/entities/alliance_destroyer.toml → [station.tutorial] text — red-alert-authority tip body,[Only you can call it. Red Alert arms the crew's weapons and puts hostile firing arcs on Helm's radar.]
entity.alliance_destroyer.station.captain.tutorial.red_alert_active.title,assets/entities/alliance_destroyer.toml → [station.tutorial] title — red-alert-active contextual tip heading,[AT RED ALERT]
entity.alliance_destroyer.station.captain.tutorial.red_alert_active.text,assets/entities/alliance_destroyer.toml → [station.tutorial] text — red-alert-active contextual tip body,[The ship is armed and hostile arcs are live on Helm's radar. Watch Sensors for threat details while the crew fights.]
entity.alliance_destroyer.station.tactical.tutorial.welcome.title,assets/entities/alliance_destroyer.toml → [station.tutorial] title — first-visit tactical tip heading,WEAPONS STATION
entity.alliance_destroyer.station.tactical.tutorial.welcome.text,assets/entities/alliance_destroyer.toml → [station.tutorial] text — first-visit tactical tip body,"[You run the destroyer's guns. Lock a target on the radar, then work the omni phaser, forward blasters and torpedo tubes to bring it down — and keep an ear on Comms for orders.]"
entity.alliance_destroyer.station.tactical.tutorial.lock_target.title,assets/entities/alliance_destroyer.toml → [station.tutorial] title — target-lock tip heading,[LOCK A TARGET]
entity.alliance_destroyer.station.tactical.tutorial.lock_target.text,assets/entities/alliance_destroyer.toml → [station.tutorial] text — target-lock tip body,[Tap a contact on the radar to lock it as your target. Blasters and torpedoes need a lock before they'll fire.]
entity.alliance_destroyer.station.tactical.tutorial.phaser.title,assets/entities/alliance_destroyer.toml → [station.tutorial] title — omni-phaser tip heading,OMNI PHASER
entity.alliance_destroyer.station.tactical.tutorial.phaser.text,assets/entities/alliance_destroyer.toml → [station.tutorial] text — omni-phaser tip body,"[The phaser fires in every direction and needs no lock. Toggle Auto/Manual, or press Fire yourself in Manual mode.]"
entity.alliance_destroyer.station.tactical.tutorial.blaster.title,assets/entities/alliance_destroyer.toml → [station.tutorial] title — forward-blasters tip heading,FORWARD BLASTERS
entity.alliance_destroyer.station.tactical.tutorial.blaster.text,assets/entities/alliance_destroyer.toml → [station.tutorial] text — forward-blasters tip body,"[Port and starboard blasters cover a narrow forward arc. Hold Fire to charge a volley, release to launch it.]"
entity.alliance_destroyer.station.tactical.tutorial.torpedo.title,assets/entities/alliance_destroyer.toml → [station.tutorial] title — torpedo-tubes tip heading,TORPEDO TUBES
entity.alliance_destroyer.station.tactical.tutorial.torpedo.text,assets/entities/alliance_destroyer.toml → [station.tutorial] text — torpedo-tubes tip body,"[Fore and aft tubes load automatically. Use +/- to set how many rounds to hold loaded, then press Fire to launch them at your locked target.]"
entity.alliance_destroyer.station.engineering.tutorial.welcome.title,assets/entities/alliance_destroyer.toml → [station.tutorial] title — first-visit engineering tip heading,ENGINEERING STATION
entity.alliance_destroyer.station.engineering.tutorial.welcome.text,assets/entities/alliance_destroyer.toml → [station.tutorial] text — first-visit engineering tip body,"[You keep the destroyer alive. Balance reactor power between Helm, Weapons and Sensors, focus shields toward incoming fire, and send repair teams to anything that's hurting.]"
entity.alliance_destroyer.station.engineering.tutorial.power.title,assets/entities/alliance_destroyer.toml → [station.tutorial] title — power-allocation tip heading,POWER ALLOCATION
entity.alliance_destroyer.station.engineering.tutorial.power.text,assets/entities/alliance_destroyer.toml → [station.tutorial] text — power-allocation tip body,[Use +/- to shift reactor power between groups. Pull power from what you don't need to push more into what you do.]
entity.alliance_destroyer.station.engineering.tutorial.shields.title,assets/entities/alliance_destroyer.toml → [station.tutorial] title — shield-focus tip heading,SHIELD FOCUS
entity.alliance_destroyer.station.engineering.tutorial.shields.text,assets/entities/alliance_destroyer.toml → [station.tutorial] text — shield-focus tip body,[Focus an arc to boost its regen against the bearing you're taking fire from — every other arc regens slower while it's focused.]
entity.alliance_destroyer.station.engineering.tutorial.repair.title,assets/entities/alliance_destroyer.toml → [station.tutorial] title — repair-teams tip heading,REPAIR TEAMS
entity.alliance_destroyer.station.engineering.tutorial.repair.text,assets/entities/alliance_destroyer.toml → [station.tutorial] text — repair-teams tip body,[Dispatch a team to a damaged system to start repairs. A team already on a job can be given priority over the others.]
entity.alliance_destroyer.station.engineering.tutorial.damage.title,assets/entities/alliance_destroyer.toml → [station.tutorial] title — hull-damage contextual tip heading,HULL DAMAGE
entity.alliance_destroyer.station.engineering.tutorial.damage.text,assets/entities/alliance_destroyer.toml → [station.tutorial] text — hull-damage contextual tip body,[Something on the ship just took a hit. Check which system is hurting and get a repair team moving before it fails outright.]
entity.depot_transfer.name,assets/entities/depot_transfer.toml -> name (top level),[Transfer Depot]
entity.depot_transfer.target.description,assets/entities/depot_transfer.toml -> [target] description,[Orbital transfer depot]
entity.moon_ice.name,assets/entities/moon_ice.toml → name (top level),Ice Moon
entity.moon_ice.target.description,assets/entities/moon_ice.toml → [target] description,[A frozen cryovolcanic moon]
entity.moon_luna.name,assets/entities/moon_luna.toml → name (top level),Luna
entity.moon_luna.target.description,assets/entities/moon_luna.toml → [target] description,[A cratered rocky moon]
entity.planet_earth.name,assets/entities/planet_earth.toml → name (top level),Earth
entity.planet_earth.target.description,assets/entities/planet_earth.toml → [target] description,Earth
entity.planet_ecumenopolis.name,assets/entities/planet_ecumenopolis.toml → name (top level),Ecumenopolis
entity.planet_ecumenopolis.target.description,assets/entities/planet_ecumenopolis.toml → [target] description,[A world-spanning city]
entity.planet_gas_giant.name,assets/entities/planet_gas_giant.toml → name (top level),Gas Giant
entity.planet_gas_giant.target.description,assets/entities/planet_gas_giant.toml → [target] description,[A banded gas giant]
entity.planet_lava.name,assets/entities/planet_lava.toml → name (top level),Lava Planet
entity.planet_lava.target.description,assets/entities/planet_lava.toml → [target] description,[A volcanic hellscape]
entity.region_nebula.name,assets/entities/region_nebula.toml → name (top level),Nebula
entity.region_nebula.target.description,assets/entities/region_nebula.toml → [target] description,Nebula region
entity.rng_coverage_lancer.name,assets/entities/test/rng_coverage_lancer.toml → name (top level),RNG-coverage Escort
entity.rng_coverage_lancer.target.description,assets/entities/test/rng_coverage_lancer.toml → [target] description,RNG-coverage escort
entity.rng_coverage_lancer.behaviour.doctrine.destroy_hostiles.text,assets/entities/test/rng_coverage_lancer.toml → [behaviour.doctrine] text,[Engage and destroy hostile ships]
entity.rng_coverage_lancer.station.captain.description,assets/entities/test/rng_coverage_lancer.toml → [station] description,[Command the bridge and call Red Alert.]
entity.rng_coverage_lancer.station.helm.description,assets/entities/test/rng_coverage_lancer.toml → [station] description,[Pilot the ship.]
entity.rng_coverage_lancer.station.tactical.description,assets/entities/test/rng_coverage_lancer.toml → [station] description,[Run the ship's weapons.]
entity.rng_coverage_lancer.station.engineering.description,assets/entities/test/rng_coverage_lancer.toml → [station] description,[Manage reactor power.]
entity.ship_harrow_destroyer.name,assets/entities/ship_harrow_destroyer.toml → name (top level),Harrow Destroyer
entity.ship_harrow_destroyer.target.description,assets/entities/ship_harrow_destroyer.toml → [target] description,[Harrow Destroyer interceptor]
entity.ship_harrow_destroyer.behaviour.doctrine.destroy_hostiles.text,assets/entities/ship_harrow_destroyer.toml → [behaviour.doctrine] text,[Run attack passes on hostile ships]
entity.ship_harrow_destroyer.station.captain.description,assets/entities/ship_harrow_destroyer.toml → [station] description,[Command the bridge and call Red Alert.]
entity.ship_harrow_destroyer.station.helm.description,assets/entities/ship_harrow_destroyer.toml → [station] description,[Pilot the ship.]
entity.ship_harrow_destroyer.station.tactical.description,assets/entities/ship_harrow_destroyer.toml → [station] description,[Run the ship's weapons.]
entity.ship_harrow_destroyer.station.engineering.description,assets/entities/ship_harrow_destroyer.toml → [station] description,[Manage reactor power.]
entity.ship_harrow_cruiser.name,assets/entities/ship_harrow_cruiser.toml → name (top level),Harrow Cruiser
entity.ship_harrow_cruiser.target.description,assets/entities/ship_harrow_cruiser.toml → [target] description,[Harrow Cruiser broadside]
entity.ship_harrow_cruiser.behaviour.doctrine.destroy_hostiles.text,assets/entities/ship_harrow_cruiser.toml → [behaviour.doctrine] text,[Circle hostile ships and hold the broadside]
entity.ship_harrow_cruiser.station.captain.description,assets/entities/ship_harrow_cruiser.toml → [station] description,[Command the bridge and call Red Alert.]
entity.ship_harrow_cruiser.station.helm.description,assets/entities/ship_harrow_cruiser.toml → [station] description,[Pilot the ship.]
entity.ship_harrow_cruiser.station.tactical.description,assets/entities/ship_harrow_cruiser.toml → [station] description,[Run the ship's weapons.]
entity.ship_harrow_cruiser.station.engineering.description,assets/entities/ship_harrow_cruiser.toml → [station] description,[Manage reactor power.]
entity.ship_harrow_patrol.name,assets/entities/ship_harrow_patrol.toml → name (top level),[Harrow Patrol Cruiser]
entity.ship_harrow_patrol.target.description,assets/entities/ship_harrow_patrol.toml → [target] description,[Harrow Patrol Cruiser]
entity.ship_harrow_patrol.behaviour.doctrine.patrol_ironveil.text,assets/entities/ship_harrow_patrol.toml → [behaviour.doctrine] text,[Hold the picket line]
entity.ship_harrow_patrol.behaviour.doctrine.destroy_hostiles.text,assets/entities/ship_harrow_patrol.toml → [behaviour.doctrine] text,[Engage and destroy hostile ships]
entity.ship_harrow_patrol.station.captain.description,assets/entities/ship_harrow_patrol.toml → [station] description,[Command the bridge and call Red Alert.]
entity.ship_harrow_patrol.station.helm.description,assets/entities/ship_harrow_patrol.toml → [station] description,[Pilot the ship.]
entity.ship_harrow_patrol.station.tactical.description,assets/entities/ship_harrow_patrol.toml → [station] description,[Run the ship's weapons.]
entity.ship_harrow_patrol.station.engineering.description,assets/entities/ship_harrow_patrol.toml → [station] description,[Manage reactor power.]
entity.ship_harrow_patrol.power_groups.helm.label,assets/entities/ship_harrow_patrol.toml → [power_groups.helm] label (issue #1398),[Helm]
entity.ship_harrow_patrol.power_groups.weapons.label,assets/entities/ship_harrow_patrol.toml → [power_groups.weapons] label (issue #1398),[Weapons]
entity.ship_harrow_patrol.power_groups.shields.label,assets/entities/ship_harrow_patrol.toml → [power_groups.shields] label (issue #1398),[Shields]
entity.ship_harrow_warhawk.name,assets/entities/ship_harrow_warhawk.toml → name (top level),Harrow Battleship
entity.ship_harrow_warhawk.target.description,assets/entities/ship_harrow_warhawk.toml → [target] description,Harrow Battleship
entity.ship_harrow_warhawk.behaviour.doctrine.patrol_warhawk.text,assets/entities/ship_harrow_warhawk.toml → [behaviour.doctrine] text,[Patrol the sector]
entity.ship_harrow_warhawk.behaviour.doctrine.destroy_hostiles.text,assets/entities/ship_harrow_warhawk.toml → [behaviour.doctrine] text,[Engage and destroy hostile ships]
entity.ship_harrow_warhawk.station.captain.description,assets/entities/ship_harrow_warhawk.toml → [station] description,[Command the bridge and call Red Alert.]
entity.ship_harrow_warhawk.station.helm.description,assets/entities/ship_harrow_warhawk.toml → [station] description,[Pilot the ship.]
entity.ship_harrow_warhawk.station.tactical.description,assets/entities/ship_harrow_warhawk.toml → [station] description,[Run the ship's weapons.]
entity.ship_harrow_warhawk.station.engineering.description,assets/entities/ship_harrow_warhawk.toml → [station] description,[Manage reactor power.]
entity.ship_requiem_courier.name,assets/entities/ship_requiem_courier.toml → name (top level),Requiem Courier
entity.ship_requiem_courier.target.description,assets/entities/ship_requiem_courier.toml → [target] description,Requiem Courier
entity.ship_requiem_courier.behaviour.doctrine.reach_destination.text,assets/entities/ship_requiem_courier.toml → [behaviour.doctrine] text,[Proceed to destination]
entity.ship_requiem_courier.station.captain.description,assets/entities/ship_requiem_courier.toml → [station] description,[Command the courier and manage its support systems.]
entity.ship_requiem_courier.station.tactical.description,assets/entities/ship_requiem_courier.toml → [station] description,[Fly the courier and track contacts.]
entity.star_sun.name,assets/entities/star_sun.toml → name (top level),Sun
entity.star_sun.target.description,assets/entities/star_sun.toml → [target] description,Sun
entity.station_axiom.name,assets/entities/station_axiom.toml → name (top level),Axiom Station
entity.station_axiom.target.description,assets/entities/station_axiom.toml → [target] description,Axiom Station
entity.station_outpost.name,assets/entities/station_outpost.toml → name (top level),Outpost Alpha
entity.station_outpost.target.description,assets/entities/station_outpost.toml → [target] description,Outpost Alpha
entity.station_research_outpost.name,assets/entities/station_research_outpost.toml → name (top level),Research Outpost
entity.station_research_outpost.target.description,assets/entities/station_research_outpost.toml → [target] description,Research Outpost
world.combat_test.global.title,assets/worlds/combat_test.toml → [global] title,[Combat Test: Defend Starbase Alpha]
world.combat_test.global.description,assets/worlds/combat_test.toml → [global] description,"[Eight waves of Harrow attackers, launched on a clock and all of them aimed at Starbase Alpha. They will not wait for you.]"
world.entity.earth.name,assets/worlds/combat_test.toml → [entity] name (entity display name; also the cross-reference key),earth
world.entity.gas_giant.name,assets/worlds/combat_test.toml → [entity] name (entity display name; also the cross-reference key),Gas Giant
world.entity.ice_moon.name,assets/worlds/combat_test.toml → [entity] name (entity display name; also the cross-reference key),Ice Moon
world.combat_test.available_ships.0.label,assets/worlds/combat_test.toml → [available_ships] label,Alliance Destroyer
world.combat_test.available_ships.1.label,assets/worlds/combat_test.toml → [available_ships] label,Alliance Cruiser
world.combat_test.available_ships.2.label,assets/worlds/combat_test.toml → [available_ships] label,Alliance Battleship
world.combat_test.available_ships.3.label,assets/worlds/combat_test.toml → [available_ships] label,Alliance Courier
world.entity.skyhook_depot.name,assets/worlds/probe_infrastructure.toml -> [[entity]] name,[Skyhook Depot]
world.entity.starbase_alpha.name,assets/worlds/combat_test.toml → [entity] name (entity display name; also the cross-reference key),Starbase Alpha
world.combat_test.trigger.action.obj_destroy_wave_1.text,assets/worlds/combat_test.toml → [trigger.action] text,[Destroy wave 1: Harrow cruiser.]
world.combat_test.trigger.action.obj_destroy_wave_2.text,assets/worlds/combat_test.toml → [trigger.action] text,[Destroy wave 2: Harrow destroyer.]
world.combat_test.trigger.action.obj_destroy_wave_3.text,assets/worlds/combat_test.toml → [trigger.action] text,[Destroy wave 3: Harrow cruiser.]
world.combat_test.trigger.action.obj_destroy_wave_4.text,assets/worlds/combat_test.toml → [trigger.action] text,[Destroy wave 4: Harrow destroyer.]
world.combat_test.trigger.action.obj_destroy_wave_5.text,assets/worlds/combat_test.toml → [trigger.action] text,[Destroy wave 5: two Harrow cruisers.]
world.combat_test.trigger.action.obj_destroy_wave_6.text,assets/worlds/combat_test.toml → [trigger.action] text,[Destroy wave 6: two Harrow destroyers.]
world.combat_test.trigger.action.obj_destroy_wave_7.text,assets/worlds/combat_test.toml → [trigger.action] text,[Destroy wave 7: Harrow cruiser and destroyer.]
world.combat_test.trigger.action.obj_destroy_wave_8.text,assets/worlds/combat_test.toml → [trigger.action] text,[Destroy wave 8: Harrow patrol cruiser.]
world.combat_test.trigger.action.18.message,assets/worlds/combat_test.toml → [trigger.action] message,[VICTORY: all eight waves broken. Starbase Alpha holds.]
world.combat_test.trigger.action.21.message,assets/worlds/combat_test.toml → [trigger.action] message,[DEFEAT: Starbase Alpha lost. The Harrow strike fleet has secured the system.]
world.combat_test.trigger.action.obj_defend.text,assets/worlds/combat_test.toml → [trigger.action] text,[Defend Starbase Alpha against the incoming Harrow fleet.]
world.combat_test.comms.0.message,assets/worlds/combat_test.toml → [comms] message,"[Starbase Alpha to USS Phoenix: a Harrow strike fleet is inbound. Eight waves, mixed class, all running on this station. Hold the line.]"
world.combat_test.comms.1.message,assets/worlds/combat_test.toml → [comms] message,[Starbase Alpha: wave one has launched north-northwest. Harrow cruiser inbound.]
world.combat_test.comms.2.message,assets/worlds/combat_test.toml → [comms] message,[Starbase Alpha: wave two has launched southeast. Harrow destroyer inbound.]
world.combat_test.comms.3.message,assets/worlds/combat_test.toml → [comms] message,[Starbase Alpha: wave three has launched due east. Harrow cruiser inbound.]
world.combat_test.comms.4.message,assets/worlds/combat_test.toml → [comms] message,[Starbase Alpha: wave four has launched northeast. Harrow destroyer inbound.]
world.combat_test.comms.5.message,assets/worlds/combat_test.toml → [comms] message,[Starbase Alpha: wave five has launched. Two Harrow cruisers inbound from east and east-northeast.]
world.combat_test.comms.6.message,assets/worlds/combat_test.toml → [comms] message,[Starbase Alpha: wave six has launched. Two Harrow destroyers inbound from north and south.]
world.combat_test.comms.7.message,assets/worlds/combat_test.toml → [comms] message,[Starbase Alpha: wave seven has launched east. Harrow cruiser and destroyer inbound.]
world.combat_test.comms.8.message,assets/worlds/combat_test.toml → [comms] message,[Starbase Alpha: final wave has launched due east. Ironveil-class patrol cruiser inbound.]
world.combat_test.comms.9.message,assets/worlds/combat_test.toml → [comms] message,[Starbase Alpha: hull integrity below 75 percent. Defensive support requested.]
world.combat_test.comms.10.message,assets/worlds/combat_test.toml → [comms] message,[Starbase Alpha: hull integrity below 50 percent. We need immediate support.]
world.combat_test.comms.11.message,assets/worlds/combat_test.toml → [comms] message,"[Starbase Alpha: critical hull integrity below 10 percent. Phoenix, defend the station.]"
world.default.global.title,assets/worlds/default.toml → [global] title,Starbase Alpha
world.default.global.description,assets/worlds/default.toml → [global] description,[Defend the Alliance outpost against an incoming raider patrol.]
world.entity.luna.name,assets/worlds/default.toml → [entity] name (entity display name; also the cross-reference key),luna
world.entity.lava_planet.name,assets/worlds/default.toml → [entity] name (entity display name; also the cross-reference key),Lava Planet
world.entity.raider_alpha.name,assets/worlds/default.toml → [entity] name (entity display name; also the cross-reference key),raider_alpha
world.default.trigger.action.obj_raider_destroyed.text,assets/worlds/default.toml → [trigger.action] text,[Pirate raider eliminated.]
world.default.available_ships.0.label,assets/worlds/default.toml → [available_ships] label,Alliance Cruiser
world.default.available_ships.1.label,assets/worlds/default.toml → [available_ships] label,Alliance Destroyer
world.default.comms.0.message,assets/worlds/default.toml → [comms] message,[MAYDAY MAYDAY — Pirate raider calling for backup. USS Phoenix has engaged. All units converge on our position!]
world.default.comms.1.message,assets/worlds/default.toml → [comms] message,[Starbase Alpha to all vessels — we are under attack! Requesting immediate assistance!]
world.default.comms.2.message,assets/worlds/default.toml → [comms] message,"[USS Phoenix, this is Starbase Alpha. Please state your business.]"
world.default.comms.response.0.text,assets/worlds/default.toml → [comms.response] text,[We are on a survey mission.]
world.default.comms.response.action.obj_survey.text,assets/worlds/default.toml → [comms.response.action] text,[Complete the survey in this sector.]
world.default.comms.response.1.text,assets/worlds/default.toml → [comms.response] text,[We require docking clearance.]
world.default.comms.response.action.obj_dock.text,assets/worlds/default.toml → [comms.response.action] text,[Dock at Starbase Alpha.]
world.rng_coverage.global.title,assets/worlds/rng_coverage.toml → [global] title,RNG Coverage
world.rng_coverage.global.description,assets/worlds/rng_coverage.toml → [global] description,[Test fixture scenario exercising every damage path]
world.rng_coverage.trigger.action.obj_patrol.text,assets/worlds/rng_coverage.toml → [trigger.action] text,[Patrol the test sector]
world.entity.rng_coverage_zone.name,assets/worlds/rng_coverage.toml → [[entity]] name,Radiation Zone
world.entity.lancer_alpha.name,assets/worlds/rng_coverage.toml → [[entity]] name,Lancer Alpha
world.entity.lancer_beta.name,assets/worlds/rng_coverage.toml → [[entity]] name,Lancer Beta
world.patrol.global.title,assets/worlds/patrol.toml → [global] title,Patrol
world.patrol.global.description,assets/worlds/patrol.toml → [global] description,[Hunt down a pirate raider on patrol through the sector.]
world.patrol.trigger.action.obj_patrol_sector.text,assets/worlds/patrol.toml → [trigger.action] text,[Patrol the sector and neutralize threats.]
world.patrol.trigger.action.obj_raider_destroyed.text,assets/worlds/patrol.toml → [trigger.action] text,[Pirate raider eliminated.]
world.reinforcements.global.title,assets/worlds/reinforcements.toml → [global] title,Reinforcements
world.reinforcements.global.description,assets/worlds/reinforcements.toml → [global] description,[A second pirate raider drops out of warp to assist its wing-mate.]
world.entity.raider_beta.name,assets/worlds/reinforcements.toml → [entity] name (entity display name; also the cross-reference key),raider_beta
console.common.auto,Badge shown on any console control when that system is AI-operated,AUTO
console.common.fire,Weapon fire button label (phasers and torpedoes),FIRE
console.common.cooldown,Weapon/drive button label while the system is on cooldown,COOLDOWN
console.common.no_target,Shown wherever a target readout has no locked target,NO TARGET
console.common.out_of_range,Weapon readiness: a target is locked but beyond the weapon's range,[OUT OF RANGE]
console.common.out_of_arc,Weapon readiness: a target is locked and in range but outside the weapon's fire arc,[OUT OF ARC]
console.common.loading,Weapon readiness: the weapon is loading or charging and cannot fire yet,LOADING
console.common.no_ammo,Weapon readiness: the weapon has no ammunition (empty magazine),NO AMMO
console.common.offline,Weapon readiness: the weapon is offline (disabled or destroyed),OFFLINE
console.common.no_contact,Target-kind readout when nothing is targeted,NO CONTACT
console.common.no_shield_data,Shield readout when no shield telemetry is available,[NO SHIELD DATA]
console.common.on_screen,Button that pushes this console's radar to the shared viewscreen,ON SCREEN
console.common.radar_pos,Radar position readout. {x} and {z} are world coordinates,[X: {x}  Z: {z}]
console.common.destroyed,Label on a ship system that has been destroyed,DESTROYED
console.common.unknown,Fallback label for an unidentified contact or stance,UNKNOWN
console.common.port,Port (left) direction label,PORT
console.common.stbd,Starboard (right) direction label,STBD
console.common.omni,Shield focus readout when no single facing is focused,OMNI
console.common.back,Button that closes a full-screen overlay panel and returns to the console,← Back
console.stance.hostile,Contact stance label on sensor readouts,HOSTILE
console.stance.allied,Contact stance label on sensor readouts,ALLIED
console.stance.neutral,Contact stance label on sensor readouts,NEUTRAL
console.kind.ship,Contact kind label on sensor readouts,WARSHIP
console.kind.asteroid,Contact kind label on sensor readouts,ASTEROID
console.kind.station,Contact kind label on sensor readouts,STARBASE
console.kind.planet,Contact kind label on sensor readouts,PLANET
console.kind.star,Contact kind label on sensor readouts,STAR
component.battery_bar.charging,Battery bar indicator while the battery is recharging,CHARGING
component.blasters.title,Blaster controls panel heading,BLASTERS
component.blasters.empty,Blaster controls when the ship has no blaster banks,[NO BLASTER BANKS]
component.blasters.charge,Blaster button: begin charging,CHARGE
component.blasters.firing,Blaster button while the bank is discharging,FIRING...
component.blasters.bank_fallback,Blaster bank row label when the bank has no name,BLASTER
component.blasters.pattern_step,Blaster patterned-attack step indicator (step number of total),STEP {step}/{total}
component.blasters.barrels,Blaster patterned-attack active-barrel indicator listing firing barrel indices,BARRELS {barrels}
component.boost.title,Boost control panel heading,BOOST
component.boost.ready,Boost button in its ready state,BOOST
component.boost.boosting,Boost button while boosting. {pct} is remaining battery percent,BOOSTING {pct}%
component.boost.boosting_full,Boost button while boosting with a full battery,BOOSTING
component.boost.recharging,Boost button while the battery refills. {pct} is charge percent,RECHARGING {pct}%
component.camera_select.title,Viewscreen camera selector heading (Captain console),CAMERA
component.camera_select.empty,Camera selector when no cameras are available,NO CAMERA
component.comms_contacts.empty,Comms contact list when nothing is in hailing range,NO CONTACTS
component.comms_contacts.hail,Button that hails a comms contact,HAIL
component.comms_hails.empty,Comms message list when no transmissions have arrived,NO MESSAGES
component.comms_hails.label,Accessible name (aria-label) for the comms hail list — the keyboard/pointer message selector (issue #1178),Received hails
component.comms_hails.thread_count,"Comms inbox row tooltip counting the messages folded into one thread. {n} is the count (issue #1380)","[{n} messages in this thread]"
component.comms.priority.critical,Visible text paired with a diamond and danger colour on a live critical Comms hail,CRITICAL
component.comms_message.no_active_hail,Comms message panel when no hail is open,[NO ACTIVE HAIL]
component.comms_message.confirm_important,"Comms response button prompt asking the operator to confirm an important, irreversible response before it is sent",CONFIRM?
component.comms_message.unavailable,Comms response button tooltip shown when the sender is out of comms range and the response cannot be sent,[OUT OF RANGE]
component.comms_message.rejected,Comms response button tooltip shown when the host rejected the attempted submission,REJECTED
component.helm_joystick.title,Helm joystick panel heading,HELM
component.helm_joystick.label,Accessible name (aria-label) for the helm thrust/yaw joystick — the keyboard/pointer flight control (issue #1176),Helm thrust and yaw control
component.helm_joystick.fwd,Joystick axis label: forward,FWD
component.helm_joystick.rev,Joystick axis label: reverse,REV
component.helm_radar.label,Accessible name (aria-label) for the helm radar scope — the pilot's contact display (issue #1176),Helm radar
component.hull_integrity.title,Hull integrity panel heading,HULL INTEGRITY
component.hull_integrity.no_data,Hull integrity panel when no hull telemetry is available,[NO HULL DATA]
component.hull_integrity.systems,Hull integrity panel: per-system breakdown heading,SYSTEMS
component.impulse.title,Impulse drive control panel heading,IMPULSE DRIVE
component.impulse.ready,Impulse button in its ready state,IMPULSE
component.impulse.cancel,Impulse button while charging. {pct} is charge percent; pressing cancels,CANCEL {pct}%
component.lateral.title,Lateral thruster joystick heading,LATERAL
component.lateral.label,Accessible name (aria-label) for the lateral thruster control — the keyboard/pointer strafe control (issue #1176),Lateral thrust control
component.navigation_map.label,Accessible name (aria-label) for the navigation chart — the keyboard/pointer contact-and-waypoint map (issue #1176),Navigation chart
component.navigation_map.keyboard_help,Accessible keyboard help for free waypoint placement on the Navigation chart,[Use Shift plus arrow keys to move the placement cursor. Activate Place Waypoint to set that position.]
component.navigation_map.place_prompt,Toast shown on the chart while a Game Master placement gesture is armed (issue #1305),[PRESS MAP TO PLACE — DRAG TO AIM]
component.objectives.empty,Objective list when the mission has no objectives yet,NO OBJECTIVES
component.objectives.label,Accessible name (aria-label) for the mission objective list — the keyboard/pointer priority selector (issue #1178),Mission objectives
component.tutorial.heading,Contextual tutorial overlay card (issue #916): eyebrow label above the tip title,TUTORIAL
component.tutorial.dismiss,Contextual tutorial overlay card: dismiss button — marks the tip as read forever,GOT IT
component.tutorial.more,Contextual tutorial overlay card: count of further tips queued behind the current one. {n} is that count,+{n} MORE
component.phasers.title,Phaser controls panel heading,PHASERS
component.phasers.manual,Phaser mode toggle: manual fire mode,MANUAL
component.phasers.empty,Phaser controls when the ship has no phaser banks,[NO PHASER BANKS]
component.phasers.bank_fallback,Phaser bank row label when the bank has no name,BANK
component.power.title,Power allocation panel heading,POWER ALLOCATION
component.power.empty,Power panel when the ship defines no power groups,[NO POWER GROUPS]
component.power.level,Power group level readout. {n} is the allocated level,LVL {n}
component.power.held,"Power group level readout while the reactor's battery floor is holding the group below its standing order. {n} is the level it is running at, {c} the level it was commanded to",[LVL {n}/{c} HELD]
component.power.cold,"Tag on a power group commanded to level 0 — the group is switched off, not turned down (issue #1395); on Weapons it is how the crew holds fire",COLD
component.power.decrease,Accessible name for a power group's minus stepper (issue #1177) — lowers that group's commanded allocation by one level,Lower this group's power
component.power.increase,Accessible name for a power group's plus stepper (issue #1177) — raises that group's commanded allocation by one level,Raise this group's power
component.red_alert.title,Red alert control heading (Captain console),RED ALERT
component.red_alert.active,Red alert button while the alert is raised,RED ALERT
component.red_alert.standby,Red alert button while the ship is stood down,STAND DOWN
component.repair_teams.title,Repair teams panel heading,REPAIR TEAMS
component.repair_teams.empty,Repair panel when the ship has no repair teams,[NO REPAIR TEAMS]
component.repair_teams.no_targets,Repair team row when nothing needs repair,[No repair targets]
component.repair_teams.target,Repair team row: current assignment. {target} is the system name,Target: {target}
component.sensor_panel.no_target,Sensor detail panel when no target is locked,NO TARGET
component.sensor_panel.brg,Sensor readout key: bearing to target,BRG
component.sensor_panel.rng,Sensor readout key: range to target,RNG
component.sensor_panel.class,Sensor readout key: target ship class,CLASS
component.sensor_panel.hull,Sensor readout key: target hull percentage,HULL
component.sensor_panel.heading,Sensor readout key: target heading,HEADING
component.sensor_panel.au,"Sensor readout unit: astronomical units, shown after the range value",AU
component.shield_facings.title,Shield facings panel heading,SHIELD FACINGS
component.shield_facings.empty,Shield facings panel when no facing telemetry is available,[NO FACING DATA]
component.shield_facings.off,Shield facing readout when that facing is offline,OFF
component.shield_facings.auto_hint,Shield facings panel — hint toast shown when an arc is pressed while facing selection is unstaffed (Backfill auto rating) and the press cannot be sent,[AUTO — STAFF SHIELDS TO SET FACING]
component.shield_panel.title,Shield status panel heading,SHIELDS
component.shield_panel.grid_nominal,Shield grid status: operating normally,GRID NOMINAL
component.shield_panel.grid_offline,Shield grid status: grid down,GRID OFFLINE
component.shield_panel.integrity,Shield panel label for overall integrity bar,INTEGRITY
component.shield_panel.focus,Shield focus readout. {name} is the focused facing,FOCUS: {name}
component.target_lock_card.title,Tactical target lock card panel heading (issue #1378),[TARGET LOCK]
component.torpedoes.title,Torpedo controls panel heading,TORPEDOES
component.torpedoes.empty,Torpedo controls when the ship has no torpedo tubes,[NO TORPEDO TUBES]
component.torpedoes.pattern_step,Torpedo patterned-attack step indicator (step number of total),STEP {step}/{total}
component.torpedoes.barrels,Torpedo patterned-attack active-barrel indicator listing firing barrel indices,BARRELS {barrels}
component.torpedoes.volley_decrease,Accessible name for the torpedo volley minus stepper (issue #1170) — lowers the torpedoes loaded for the next volley,Fewer torpedoes in the volley
component.torpedoes.volley_increase,Accessible name for the torpedo volley plus stepper (issue #1170) — raises the torpedoes loaded for the next volley,More torpedoes in the volley
component.boost.binding,Boost control key-binding hint (Shift key or gamepad A),[HOLD SHIFT · A]
component.impulse.binding,Impulse control key-binding hint (Ctrl key or gamepad B),[CTRL · B]
console.stance.friendly,Contact stance badge on the comms contact list,FRIENDLY
console.common.contacts.one,"Contact count, exactly one. {n} is the count",{n} CONTACT
console.common.contacts.other,"Contact count, zero or several. {n} is the count",{n} CONTACTS
component.sensor_panel.scan_range,Sensor panel header: current scan range,SCAN RANGE
component.sensor_panel.speed,Sensor readout key: target speed,SPEED
component.sensor_panel.threat,Sensor readout key: target threat rating,THREAT
component.sensor_panel.alert,Sensor readout key: selected target's red alert state,ALERT
component.sensor_panel.alert_active,Sensor readout value: selected target is at red alert,RED ALERT
component.sensor_panel.alert_standby,Sensor readout value: selected target is not at red alert,STANDBY
component.sensor_panel.weapons,Sensor readout key: whether the selected target's weapons power group is switched off (issue #1397),WEAPONS
component.sensor_panel.weapons_cold,"Sensor readout value: the selected target has powered its weapons group down to 0 — it cannot fire",COLD
component.sensor_panel.weapons_powered,Sensor readout value: the selected target has power on its weapons group,POWERED
component.sensor_panel.status,Sensor panel status row key while scanning,STATUS
component.sensor_panel.scanning,Sensor panel status while no scan data has arrived,SCANNING...
component.sensor_panel.shield,"Sensor readout key: target shield state, per-facing or single-fraction (issue #927)",SHIELD
component.sensor_panel.shield_freq,Sensor readout key: target shield frequency — the FrequencyHint sender-side origin (issue #927),SHIELD FREQ
component.repair_teams.team,Repair team fallback name. {n} is the team number,Team {n}
component.repair_teams.status.idle,Repair team status badge: waiting for dispatch,IDLE
component.repair_teams.status.travelling,Repair team status badge: moving to its target,TRAVELLING
component.repair_teams.status.repairing,Repair team status badge: actively repairing,REPAIRING
component.repair_teams.status.returning,Repair team status badge: returning to standby,RETURNING
component.repair_teams.status.abroad,"Repair team status badge: the team is off the ship working the field target Tactical has locked (issue #1386)",ABROAD
component.repair_teams.damaged_title,Repair console heading over the list of damaged systems a player can tap to prioritise,[DAMAGED SYSTEMS]
component.repair_teams.tier.damaged,Damage tier chip on a damaged-systems row: lightly damaged,[DMG]
component.repair_teams.tier.disabled,Damage tier chip on a damaged-systems row: badly damaged and offline,[DISABLED]
component.repair_teams.tier.destroyed,Damage tier chip on a damaged-systems row: destroyed,[DESTROYED]
component.repair_teams.next,Flag on the damaged-systems row a repair team has been told to fix next,[NEXT]
component.repair_teams.working,Flag on the damaged-systems row a repair team is currently repairing,[ON IT]
component.repair_teams.prioritise_title,Tooltip on a tappable damaged-systems row. {name} is the system name,[Fix {name} next]
component.repair_teams.prioritised_title,Tooltip on the damaged-systems row already queued to be fixed next. {name} is the system name,[{name} is queued next]
component.repair_teams.working_title,Tooltip on the damaged-systems row a repair team is already on site at. That row is not tappable — it is nobody's NEXT job. {name} is the system name,[A team is already on {name}]
component.repair_teams.unavailable_title,Tooltip on a damaged system outside every on-site repair team's current sweep group. {name} is the system name,[No on-site team can take {name} next]
component.repair_teams.dispatch_to,Heading over the destination list inside a selected idle repair team's card,[DISPATCH TO]
component.repair_teams.field_target,Destination row for a repair off the ship when no team is abroad yet and the host has therefore named no field target,[FIELD TARGET]
component.repair_teams.recall,Repair team control that calls an internally dispatched team back to standby (issue #1385),[RECALL]
component.ship_picker.class.battleship,Lobby ship picker — hull class badge on a battleship card,[BATTLESHIP]
component.ship_picker.class.courier,Lobby ship picker — hull class badge on a courier card,[COURIER]
component.ship_picker.class.cruiser,Lobby ship picker — hull class badge on a cruiser card,[CRUISER]
component.ship_picker.class.destroyer,Lobby ship picker — hull class badge on a destroyer card,[DESTROYER]
component.ship_picker.class.unknown,Lobby ship picker — hull class badge when the entity template authors no class,[UNKNOWN]
component.ship_picker.empty,Lobby ship picker when the locked scenario offers no playable hull,[No ships available]
component.ship_picker.label,Accessible name (aria-label) for the lobby ship picker — the keyboard/pointer hull chooser (issue #1178),Ship selection
component.ship_picker.registry,Lobby ship picker — stat label above a hull's registry number,[Registry]
component.ship_picker.mass,Lobby ship picker — stat label above a hull's authored mass,[Mass]
component.ship_picker.power,Lobby ship picker — stat label above a hull's power rating,[Power]
component.ship_picker.stations,Lobby ship picker — stat label above a hull's station count,[Stations]
component.station_damage.popup_title,Station-damage popup heading. {name} is the owning station (or the ship core),[{name} Systems]
component.station_damage.bar_title,Station-damage bar tooltip. {name} is the owning station (or the ship core),[{name} systems]
component.station_damage.default_label,Station-damage bar label before the console names the station it belongs to,Station
console.comms.doc_title,Browser-tab title of the comms console page,[Project Phoenix - Comms Console]
console.comms.screen_label,Phone-frame screen label of the comms console,Comms Console
console.common.no_active_hail,Console footer when no hail is open,[NO ACTIVE HAIL]
console.comms.contacts,"comms console — ""Contacts"" panel heading",Contacts
console.comms.available_hails,"comms console — ""Available Hails"" panel heading",Available Hails
console.comms.current_thread,"comms console — ""Current Thread"" panel heading",Current Thread
console.helm.screen_label,Phone-frame screen label of the helm console,Helm Console
console.helm.under_tow,"helm console — indicator shown while this ship's tractor holds a target and the helm is under the tow's mass penalty (issue #1157)","[Under tow load]"
console.navigation.doc_title,Browser-tab title of the navigation console page,[Project Phoenix - Navigation Console]
console.navigation.screen_label,Phone-frame screen label of the navigation console,Navigation Console
console.navigation.selected,"navigation console — ""Selected"" metric label",Selected
console.navigation.waypoint,"navigation console — ""Waypoint"" metric label",Waypoint
console.navigation.contacts,"navigation console — ""Contacts"" metric label",Contacts
console.navigation.on_screen,"navigation console — ""On Screen"" button",On Screen
console.navigation.clear_waypoint,"navigation console — ""Clear Waypoint"" button",Clear Waypoint
console.navigation.set_waypoint,"navigation console — ""Set Waypoint"" button that starts tap-to-place mode (free waypoint)",Set Waypoint
console.navigation.set_as_waypoint,"navigation console — ""Set as Waypoint"" button that anchors the waypoint to the selected chart contact",Set as Waypoint
console.navigation.tap_to_place,navigation console — toast prompt shown while tap-to-place waypoint mode is armed,TAP MAP TO PLACE WAYPOINT
console.navigation.waypoint_set,navigation console — toast confirming a waypoint was set,WAYPOINT SET
console.power.doc_title,Browser-tab title of the power console page,[Project Phoenix - Power Console]
console.power.screen_label,Phone-frame screen label of the power console,Power Console
console.repair.doc_title,Browser-tab title of the repair console page,[Project Phoenix - Repair Console]
console.repair.screen_label,Phone-frame screen label of the repair console,Repair Console
console.shields.doc_title,Browser-tab title of the shields console page,[Project Phoenix - Shields Console]
console.shields.screen_label,Phone-frame screen label of the shields console,Shields Console
console.shields.hull,"shields console — ""Hull"" metric label",Hull
console.shields.focus,"shields console — ""Focus"" metric label",Focus
console.shields.grid,"shields console — ""Grid"" metric label",Grid
console.tactical.doc_title,Browser-tab title of the tactical console page,[Project Phoenix - Tactical Console]
console.tactical.screen_label,Phone-frame screen label of the tactical console,Tactical Console
console.captain.doc_title,Browser-tab title of the captain console page,[Project Phoenix — Captain Console]
console.captain.screen_label,Phone-frame screen label of the captain console,Captain Console
console.captain.command,"captain console — ""Command"" panel heading",Command
console.captain.mission,"captain console — ""Mission"" panel heading",Mission
console.cruiser_comms.doc_title,Browser-tab title of the comms console page,[Project Phoenix — Comms Console]
console.comms.navigation,"comms console — ""Navigation"" panel heading",Navigation
console.comms.comms,"comms console — ""Comms"" panel heading",Comms
console.comms.messages.one,"comms console footer — message count, exactly one. {n} is the count",[{n} MESSAGE]
console.comms.messages.other,"comms console footer — message count, zero or several. {n} is the count",[{n} MESSAGES]
console.comms.seg.hails,"Comms console segment — HAILS tab label, showing the thread inbox (issue #1380)","[HAILS]"
console.comms.seg.contacts,"Comms console segment — CONTACTS tab label, showing the hailable contacts (issue #1380)","[CONTACTS]"
console.comms.seg.label,"Comms console segment — tablist aria-label naming what HAILS | CONTACTS switches between (issue #1380)","[Comms list]"
console.comms.seg.hails_unread,"Comms HAILS tab count tooltip — how many threads still carry an unread message. {n} is the count (issue #1380)","[{n} unread threads]"
console.engineering.doc_title,Browser-tab title of the engineering console page,[Project Phoenix — Engineering Console]
console.engineering.screen_label,Phone-frame screen label of the engineering console,Engineering Console
console.engineering.power,"engineering console — ""Power"" panel heading",Power
console.engineering.repair,"engineering console — ""Repair"" panel heading",Repair
console.engineering.operations,"engineering console — ""Operations"" panel heading, over the Tractor and Umbilical controls (issue #1383)","[Operations]"
console.engineering.seg.ops,"Destroyer engineering console phone segment — OPS tab label, showing the Operations column (Tractor, Umbilical) (issue #1383)","[OPS]"
console.engineering.seg.label,"Destroyer engineering console phone segment — tablist aria-label naming what REPAIR | OPS switches between (issue #1383)","[Engineering view]"
console.cruiser_helm.doc_title,Browser-tab title of the helm console page,[Project Phoenix — Helm Console]
console.destroyer_helm.doc_title,Browser-tab title of the helm console page,[Project Phoenix — Helm Console]
console.battleship_helm.doc_title,Browser-tab title of the helm console page,[Project Phoenix — Helm Console]
console.science.doc_title,Browser-tab title of the science console page,[Project Phoenix — Science Console]
console.science.screen_label,Phone-frame screen label of the science console,Science Console
console.cruiser_tactical.doc_title,Browser-tab title of the tactical console page,[Project Phoenix — Tactical Console]
console.courier_captain.doc_title,Browser-tab title of the captain console page,[Project Phoenix — Courier Captain]
console.courier_captain.screen_label,Phone-frame screen label of the captain console,Courier Captain
console.captain.shields_power,"captain console — ""Shields & Power"" panel heading",[Shields & Power]
console.captain.repair,"captain console — ""Repair"" panel heading",Repair
console.captain.navigation,"captain console — ""Navigation"" panel heading",Navigation
console.captain.comms,"captain console — ""Comms"" panel heading",Comms
console.captain.seg.target,"Destroyer captain console phone segment — TARGET tab label, showing the sensor target card and scan readout (issue #1377)","[TARGET]"
console.captain.seg.mission,"Destroyer captain console phone segment — MISSION tab label, showing objectives and the mission clock (issue #1377)","[MISSION]"
console.captain.seg.label,"Destroyer captain console phone segment — tablist aria-label naming what TARGET | MISSION switches between (issue #1377)","[Captain view]"
console.command.doc_title,Browser-tab title of the command console page,[Project Phoenix — Command Console]
console.command.screen_label,Phone-frame screen label of the command console,[Command]
console.command.directing,"command console — label before the directed station's name",[Directing]
console.command.stance_heading,command console — heading over the stance list,[Stance]
console.command.ai_directed,command console — persistent cue that the directed station is under AI control and can be commanded,[AI — DIRECTABLE]
console.command.human_held,command console — cue that the directed station is human-held and off the command board,[CREWED — NOT DIRECTABLE]
console.command.command_auto,command console — cue that Command itself is currently run by the ship AI,[COMMAND ON AI]
console.command.current_stance,command console — label before the stance currently in force,[Current]
console.command.stance.default,"command console — name of the synthesized Default row that sends the alert-neutral stance matching the current alert",[Default]
console.command.advice_heading,"target console — heading over the non-binding Command intent advice shown while a human holds the directed station",[COMMAND INTENT]
console.command.advice_hint,"target console — note that the shown Command intent is advisory and the human retains control",[Advisory — you retain control]
console.courier_tactical.doc_title,Browser-tab title of the tactical console page,[Project Phoenix — Courier Tactical]
console.courier_tactical.screen_label,Phone-frame screen label of the tactical console,Courier Tactical
console.tactical.weapons,"tactical console — ""Weapons"" panel heading",Weapons
console.tactical.sensors,"tactical console — ""Sensors"" panel heading",Sensors
console.tactical.helm,"tactical console — ""Helm"" panel heading",Helm
console.engineering.shields,"engineering console — ""Shields"" panel heading",Shields
console.tactical.intel,"tactical console — ""Intel"" panel heading (issue #1030)",Intel
console.common.no_waypoint,Console footer when no waypoint is set,NO WAYPOINT
console.common.active_hail,Comms footer while a hail with an unnamed sender is open,ACTIVE HAIL
console.common.waypoint,Fallback name for an unnamed waypoint,WAYPOINT
console.common.locked,Tactical footer when a target is locked but unnamed,LOCKED
console.navigation.not_set,Navigation console — waypoint readout when none is set,NOT SET
console.navigation.custom,Navigation console — selected-entity readout for a custom point,CUSTOM
console.navigation.none,Navigation console — selected-entity readout when nothing is selected,NONE
console.navigation.seg.mission,"Navigation console phone segment — MISSION tab label, showing the objective list (issue #1379)","[MISSION]"
console.navigation.seg.label,"Navigation console phone segment — tablist aria-label naming what TRAFFIC | MISSION switches between (issue #1379)","[Navigation view]"
console.common.nav_toggle,Button that toggles the navigation chart overlay,Nav
console.common.comms_toggle,Button that toggles the comms overlay,Comms
console.common.objectives_toggle,Button that toggles the objectives overlay,Objectives
console.common.red_alert_badge,Badge shown while the ship is at red alert,Red Alert
console.shields.threat_bearing,"Shields console — standing bearing of the nearest hostile in sensor range, the same fact the backfilled Shields focus AI reads",Threat Bearing
console.common.no_data,Generic readout placeholder when no telemetry is available,NO DATA
console.shield.shld,Abbreviated shield label on a single-fraction shield readout,SHLD
console.shield.down,Shield facing readout when that facing is down,DOWN
console.shield.online,Shield status summary: shields operating,ONLINE
console.shield.shield_down,Shield status summary: shields collapsed,SHIELD DOWN
console.shield.degraded,Shield status summary: one or more facings down,DEGRADED
console.sensors.doc_title,Browser-tab title of the sensors console page,[Project Phoenix - Sensors Console]
console.sensors.screen_label,Phone-frame screen label of the sensors console,Sensors Console
console.sensors.scan_summary,"sensors console — ""Scan Summary"" panel heading",Scan Summary
console.sensors.scan_range,"sensors console — ""Scan Range"" metric label",Scan Range
console.sensors.contacts,"sensors console — ""Contacts"" metric label",Contacts
console.sensors.target_analysis,"sensors console — ""Target Analysis"" panel heading",Target Analysis
console.sensors.name,sensors console — target name metric label,Name
console.sensors.kind,sensors console — target kind metric label,Kind
console.sensors.shield_status,sensors console — target shield status metric label,Shield Status
console.common.cancel_impulse,Button that aborts an active impulse-drive charge,Cancel Impulse
console.common.target,Fallback name for an unnamed locked target,TARGET
console.repair.core,"The ship's core — the systems owned by no station. Names both the repair-target row and the core damage bar beside the station bars, on repair and engineering",Core
console.repair.footer_status,repair console footer — hull percent and repair-team activity. {pct} is hull percent; {active} of {total} teams are working,[{pct}% HULL · {active}/{total} ACTIVE]
console.radar.science_target,Radar blip label for the science-locked target,SCIENCE TARGET
console.radar.tactical_target,Radar blip label for the tactical-locked target,TACTICAL TARGET
console.radar.torpedo_armed,"Tactical radar badge drawn beside a hostile contact whose hull carries torpedo tubes. A capability warning shown before that contact fires, not a launch warning. Sits next to a blip, so keep it very short",[TORP]
component.tactical_radar.label,Accessible name (aria-label) for the Tactical console's radar target scope — the keyboard/pointer target picker (issue #1170),Tactical radar
station.captain.name,Captain station display name (station ids stay English in TOML),Captain
station.helm.name,Helm station display name,Helm
station.tactical.name,Tactical station display name,Tactical
station.repair.name,Repair station display name,Repair
station.sensors.name,Sensors station display name,Sensors
station.shields.name,Shields station display name,Shields
station.navigation.name,Navigation station display name,Navigation
station.power.name,Power station display name,Power
station.comms.name,Comms station display name,Comms
station.engineering.name,Engineering station display name,Engineering
station.pilot.name,Pilot station display name (courier),Pilot
station.science.name,Science station display name (cruiser),Science
station.command.name,Command station display name (issue #1107 auxiliary station),Command
shield_arc.fore.label,Shield arc label — the forward facing. Shared by every hull's [[shield_arc]] block,Fore
shield_arc.aft.label,Shield arc label — the rear facing. Shared by every hull's [[shield_arc]] block,Aft
shield_arc.port.label,Shield arc label — the left-hand facing. Shared by every hull's [[shield_arc]] block,Port
shield_arc.starboard.label,Shield arc label — the right-hand facing. Shared by every hull's [[shield_arc]] block,Starboard
shield_arc.omni.label,Shield arc label — the all-round backup facing that absorbs when a directional arc is down. Shared by every hull's [[shield_arc]] block,Omni
shield_arc.all.label,"Shield arc label — a single facing covering all bearings, on hulls with no directional arcs. Shared by every hull's [[shield_arc]] block",All
weapon.phaser_fore.display_name,Weapon mount display name — a forward-facing phaser bank. Shared by every hull carrying that mount,[Phaser Bank (Fore)]
weapon.phaser_aft.display_name,Weapon mount display name — an aft-facing phaser bank. Shared by every hull carrying that mount,[Phaser Bank (Aft)]
weapon.phaser_omni.display_name,Weapon mount display name — an all-round phaser bank. Shared by every hull carrying that mount,[Phaser Bank (Omni)]
weapon.blaster_fore.display_name,Weapon mount display name — a single forward blaster. Shared by every hull carrying that mount,Blaster
weapon.blaster_heavy_fore.display_name,Weapon mount display name — a forward-facing heavy blaster bank. Shared by every hull carrying that mount,[Heavy Blaster Bank (Fore)]
weapon.blaster_port.display_name,Weapon mount display name — a port-facing blaster bank. Shared by every hull carrying that mount,[Blaster Bank (Port)]
weapon.blaster_starboard.display_name,Weapon mount display name — a starboard-facing blaster bank. Shared by every hull carrying that mount,[Blaster Bank (Starboard)]
weapon.torpedo_tube_fore.display_name,Weapon mount display name — a single forward torpedo tube. Shared by every hull carrying that mount,[Torpedo Tube (Fore)]
weapon.torpedo_tube_aft.display_name,Weapon mount display name — a single aft torpedo tube. Shared by every hull carrying that mount,[Torpedo Tube (Aft)]
weapon.torpedo_tube_fore_port.display_name,Weapon mount display name — the port tube of a forward torpedo battery. Shared by every hull carrying that mount,[Torpedo Tube (Fore Port)]
weapon.torpedo_tube_fore_starboard.display_name,Weapon mount display name — the starboard tube of a forward torpedo battery. Shared by every hull carrying that mount,[Torpedo Tube (Fore Starboard)]
weapon.torpedo_tube_fore_centre.display_name,Weapon mount display name — the centre tube of a forward torpedo battery. Shared by every hull carrying that mount,[Torpedo Tube (Fore Centre)]
weapon.torpedo_tube_aft_port.display_name,Weapon mount display name — the port tube of an aft torpedo battery. Shared by every hull carrying that mount,[Torpedo Tube (Aft Port)]
weapon.torpedo_tube_aft_starboard.display_name,Weapon mount display name — the starboard tube of an aft torpedo battery. Shared by every hull carrying that mount,[Torpedo Tube (Aft Starboard)]
help.captain.0.heading,"Help modal — captain station, section 1 heading",Command
help.captain.0.body,"Help modal — captain station, section 1 body text",[You set the ship's posture. Coordinate the crew and call the shots — no one else has the full picture.]
help.captain.1.heading,"Help modal — captain station, section 2 heading",Red Alert
help.captain.1.body,"Help modal — captain station, section 2 body text","[Raises ship-wide combat readiness. Call it before entering a fight, not after taking the first hit.]"
help.captain.2.heading,"Help modal — captain station, section 3 heading",View Selector
help.captain.2.body,"Help modal — captain station, section 3 body text",[Keep the main screen camera updated so the whole bridge sees what matters right now.]
help.helm.0.heading,"Help modal — helm station, section 1 heading",Pilot
help.helm.0.body,"Help modal — helm station, section 1 body text",[Keep the ship moving and the target in arc for Tactical. You control where the fight happens.]
help.helm.1.heading,"Help modal — helm station, section 2 heading",[Thrust & Steering]
help.helm.1.body,"Help modal — helm station, section 2 body text","[Drag to accelerate, reverse, or steer. WASD or the arrow keys steer too, as does a gamepad stick.]"
help.helm.2.heading,"Help modal — helm station, section 3 heading",Impulse Drive
help.helm.2.body,"Help modal — helm station, section 3 body text","[10× speed burst for rapid travel. Damage cancels it, so it's best for non-combat travel. Press Ctrl or gamepad B to charge, again to cancel.]"
help.helm.3.heading,"Help modal — helm station, section 4 heading",Boost
help.helm.3.body,"Help modal — helm station, section 4 body text","[Hold Shift or gamepad A for 3× speed while the battery lasts. It drains in a few seconds and takes far longer to refill, so save it for closing a gap.]"
help.helm.4.heading,"Help modal — helm station, section 5 heading",On Screen
help.helm.4.body,"Help modal — helm station, section 5 body text",[Push your radar to the viewscreen when someone needs to see your situation.]
help.tactical.0.heading,"Help modal — tactical station, section 1 heading",Weapons Officer
help.tactical.0.body,"Help modal — tactical station, section 1 body text",[Deliver firepower to the enemy.]
help.tactical.1.heading,"Help modal — tactical station, section 2 heading",Target Lock
help.tactical.1.body,"Help modal — tactical station, section 2 body text",[Lock first — phasers and torpedoes both require an active lock by clicking on the target.]
help.tactical.2.heading,"Help modal — tactical station, section 3 heading",Phasers
help.tactical.2.body,"Help modal — tactical station, section 3 body text",[Fast and continuous but arc-limited. Enable Auto so they fire the instant the target crosses your fire arc.]
help.tactical.3.heading,"Help modal — tactical station, section 4 heading",Torpedoes
help.tactical.3.body,"Help modal — tactical station, section 4 body text","[Use them when on priority target. They do less damage to shields than hull, sensors can monitor target shields.]"
help.repair.0.heading,"Help modal — repair station, section 1 heading",Damage Control
help.repair.0.body,"Help modal — repair station, section 1 body text",[Keep the ship in the fight. Damaged systems degrade everyone's performance — act early.]
help.repair.1.heading,"Help modal — repair station, section 2 heading",Hull Status
help.repair.1.body,"Help modal — repair station, section 2 body text","[Your ship health gauge, it doesn't show where the damage is, the other bridge officers should ask for repairs.]"
help.repair.2.heading,"Help modal — repair station, section 3 heading",Repair Teams
help.repair.2.body,"Help modal — repair station, section 3 body text","[Dispatch teams to damaged consoles, sooner rather than later.]"
help.power.0.heading,"Help modal — power station, section 1 heading",Power Officer
help.power.0.body,"Help modal — power station, section 1 body text",[You decide how much performance each system gets. Shift allocations as the battle changes.]
help.power.1.heading,"Help modal — power station, section 2 heading",Power Allocation
help.power.1.body,"Help modal — power station, section 2 body text",[Distribute 6 base points across systems. Higher level means better performance from that station.]
help.power.2.heading,"Help modal — power station, section 3 heading",Battery Reserve
help.power.2.body,"Help modal — power station, section 3 body text",[Holds up to 2 emergency power points. Let it drain completely and everyone gets locked out for a time.]
help.shields.0.heading,"Help modal — shields station, section 1 heading",Shield Officer
help.shields.0.body,"Help modal — shields station, section 1 body text",[Absorb incoming fire and keep the ship alive.]
help.shields.1.heading,"Help modal — shields station, section 2 heading",Shield Facings
help.shields.1.body,"Help modal — shields station, section 2 body text","[Four quadrants: Fore, Aft, Port, Starboard.]"
help.shields.2.heading,"Help modal — shields station, section 3 heading",Focus
help.shields.2.body,"Help modal — shields station, section 3 body text",[Concentrate capacity on one facing to tank heavy fire by tapping it. Tap again to rebalance shields]
help.sensors.0.heading,"Help modal — sensors station, section 1 heading",Sensors Officer
help.sensors.0.body,"Help modal — sensors station, section 1 body text",[Extend the crew's awareness beyond visual range.]
help.sensors.1.heading,"Help modal — sensors station, section 2 heading",Long-Range Scan
help.sensors.1.body,"Help modal — sensors station, section 2 body text",[Detect contacts before they enter combat range and provides some extra information on their status]
help.navigation.0.heading,"Help modal — navigation station, section 1 heading",Navigator
help.navigation.0.body,"Help modal — navigation station, section 1 body text",[Read the map to keep the ship heading in the right direction.]
help.navigation.1.heading,"Help modal — navigation station, section 2 heading",System Chart
help.navigation.1.body,"Help modal — navigation station, section 2 body text",[Overlay the nav chart on the main screen so the Captain and Helm see the strategic picture.]
help.navigation.2.heading,"Help modal — navigation station, section 3 heading",Cancel Impulse
help.navigation.2.body,"Help modal — navigation station, section 3 body text",[Abort an active impulse charge if Helm is about to overshoot or fly into a hazard.]
help.navigation.3.heading,"Help modal — navigation station, section 4 heading",Waypoints
help.navigation.3.body,"Help modal — navigation station, section 4 body text","[Tap a contact on the chart to select it, then ""Set as Waypoint"" to mark it as the destination. ""Set Waypoint"" lets you place a destination anywhere on the map, and ""Clear Waypoint"" removes it.]"
help.comms.0.heading,"Help modal — comms station, section 1 heading",Comms Officer
help.comms.0.body,"Help modal — comms station, section 1 body text","[Connect the ship to the outside world. You are the first to know about orders, threats, and opportunities.]"
help.comms.1.heading,"Help modal — comms station, section 2 heading",Contacts
help.comms.1.body,"Help modal — comms station, section 2 body text",[Track who is in hailing range.]
help.comms.2.heading,"Help modal — comms station, section 3 heading",Messages
help.comms.2.body,"Help modal — comms station, section 3 body text",[Incoming transmissions can carry mission-critical intelligence.]
help.comms.3.heading,"Help modal — comms station, section 4 heading",Objectives
help.comms.3.body,"Help modal — comms station, section 4 body text",[Mission goals update as the situation changes. Alert the Captain when new orders arrive.]
help.engineering.0.heading,"Help modal — engineering station, section 1 heading",Engineering Officer
help.engineering.0.body,"Help modal — engineering station, section 1 body text","[Keep the ship running under fire. You manage shields, power, and repairs from a single station.]"
help.engineering.1.heading,"Help modal — engineering station, section 2 heading",Shields
help.engineering.1.body,"Help modal — engineering station, section 2 body text","[Four facings: Fore, Aft, Port, Starboard. Focus one to tank heavy fire, tap again to rebalance.]"
help.engineering.2.heading,"Help modal — engineering station, section 3 heading",Power Allocation
help.engineering.2.body,"Help modal — engineering station, section 3 body text",[Distribute base points across systems. Higher level means better performance. Keep an eye on the battery reserve.]
help.engineering.3.heading,"Help modal — engineering station, section 4 heading",Repair Teams
help.engineering.3.body,"Help modal — engineering station, section 4 body text",[Dispatch teams to damaged systems. Damaged systems degrade everyone's performance — act early.]
help.science.0.heading,"Help modal — science station, section 1 heading",Science Officer
help.science.0.body,"Help modal — science station, section 1 body text",[Extend the crew's awareness and keep the shields up. You monitor long-range sensors and manage defensive coverage.]
help.science.1.heading,"Help modal — science station, section 2 heading",Long-Range Scan
help.science.1.body,"Help modal — science station, section 2 body text",[Detect contacts before they enter combat range and provide extra information on their status.]
help.science.2.heading,"Help modal — science station, section 3 heading",Shield Facings
help.science.2.body,"Help modal — science station, section 3 body text","[Four quadrants: Fore, Aft, Port, Starboard. Focus capacity on one facing to tank heavy fire.]"
help.modal_heading,Help modal heading; the modal dismisses on any tap,[HELP — tap to dismiss]
settings.title,Settings gear button tooltip and dialog name,Settings
settings.rating,Settings — station rating (difficulty) section heading,Rating
settings.volume,Settings — audio volume section heading,Volume
settings.qr_code,Settings — QR code section heading,QR Code
settings.toggle_qr,Settings — button that shows/hides the join QR code on the viewscreen,[Toggle QR on Screen]
settings.display,"Native host settings menu — Gameplay tab, heading over this window's display options (issue #1367)",[Display]
settings.toggle_fullscreen,Native host settings menu — button that fills the display with this window or gives its border back,[Toggle Fullscreen]
settings.display_hint,Native host settings menu — explains that the fullscreen control moves this window's mode rather than a browser's,[Fills the display this window is on. The viewscreen returns to the display you assigned it.]
settings.station,Settings — station section heading,Station
settings.leave_station,Settings — button that releases the player's claimed station,Leave Station
settings.afk,Settings — Away From Keyboard section heading (issue #1104),Away
settings.afk_enter,"Settings — button to step away; delegates the player's station systems to AI while keeping the seat",Go AFK
settings.afk_active,"Settings — button state while AFK; tap to return and restore control",Away — Tap to Return
settings.tab.debug,Server settings menu — name of the Debug/Cheat tab (hidden in a release build),[Debug / Cheat]
settings.tab.audio,Server settings menu — name of the Audio tab,Audio
settings.tab.gameplay,Server settings menu — name of the Gameplay tab,Gameplay
settings.tab.station_help,Phone client settings menu — name of the current station help tab,Station Help
settings.tab.ship_manual,Phone client settings menu — name of the ship manual tab,Ship Manual
settings.station_help.unavailable,Phone client Settings Station Help tab — shown when the player has no station or it has no authored help,[Station help is unavailable until you take a station.]
settings.master_volume,"Server settings menu — Audio tab, master volume section heading",Master Volume
settings.master_volume_value,Server settings menu — master volume readout as a percentage. {value} is the whole-number percentage.,{value}%
settings.master_volume_hint,Server settings menu — explains that master volume scales the per-sound volumes authored in the ship and world TOML rather than replacing them,[Scales every authored sound volume.]
settings.debug.output,"Server settings menu — Debug tab, heading over the debug output selectors",Debug Output
settings.debug.output_hint,Server settings menu — explains that picking a debug output opens the output panel beside the viewscreen,[Pick one to open the output panel.]
settings.debug.client_hint,"Client settings menu — explains that a phone's debug toggles draw on the shared host viewscreen, not on the phone itself",[These draw on the host viewscreen.]
settings.debug.modifiers,Server settings menu — debug output showing the ship modifier state,Modifiers
settings.debug.damage,Server settings menu — debug output showing the recent damage log,Damage Log
settings.debug.entities,Server settings menu — debug output showing per-entity behaviour,Entity Behaviour
settings.debug.inspector,Server settings menu — debug output showing the entity inspector,Entity Inspector
settings.debug.station_activity,Server settings menu — debug output charting per-station admitted-command activity split by control source,Station Activity
settings.debug.station_activity_empty,Server settings menu — station-activity chart placeholder shown before any command has been admitted,No station activity yet.
settings.debug.station_activity_human,Server settings menu — station-activity chart legend label for commands issued by a human-crewed station,Human
settings.debug.station_activity_ai,Server settings menu — station-activity chart legend label for commands issued by an AI-crewed station,AI
settings.debug.station_activity_buckets,"Server settings menu — station-activity chart caption naming the time-bucket length in seconds, {secs} is the number",{secs}s buckets
settings.debug.ai_doctrine,Server settings menu — debug output showing each AI ship's scored-objective doctrine pool,AI Doctrine
settings.debug.ai_doctrine_empty,Server settings menu — AI doctrine panel placeholder shown before any AI ship has a doctrine pool,No AI ships yet.
settings.debug.ai_doctrine_tick,"Server settings menu — AI doctrine panel caption naming the sim tick the pool was projected at, {tick} is the number",tick {tick}
settings.debug.ai_doctrine_chosen,"Server settings menu — AI doctrine panel label for the directive a ship is acting on, {directive} is the directive label",Acting on {directive}
settings.debug.ai_doctrine_none,Server settings menu — AI doctrine panel label shown when a ship has no chosen directive,no directive
settings.debug.ai_doctrine_col_objective,Server settings menu — AI doctrine candidate table column header for the objective id,Objective
settings.debug.ai_doctrine_col_score,Server settings menu — AI doctrine candidate table column header for the utility score,Score
settings.debug.ai_doctrine_col_directive,Server settings menu — AI doctrine candidate table column header for the machine-readable directive,Directive
settings.debug.ai_doctrine_col_target,Server settings menu — AI doctrine candidate table column header for the resolved target,Target
settings.debug.ai_doctrine_col_status,Server settings menu — AI doctrine candidate table column header for the objective status,Status
settings.debug.console_latency,Server settings menu — debug output showing how long a console action takes to be acknowledged on the surface that issued it,Console Latency
settings.debug.console_latency_caption,"Server settings menu — console-latency table caption: the figures are milliseconds, a dash means the segment cannot be measured on that path, the phone figure is time-until-next-refresh rather than processing time, and expired counts actions that were never answered","ms · — = not measurable on this path · phone = time until the console next received server state, not processing time · expired = actions never answered"
settings.debug.console_latency_empty,Server settings menu — console-latency table placeholder shown before any console action has been measured,No console actions measured yet.
settings.debug.console_latency_phone,Server settings menu — console-latency table row label for measurements taken by a phone console over the wireless bridge,Phone
settings.debug.console_latency_sim,Server settings menu — console-latency table row label for the simulation's own time between accepting a command and broadcasting the result,Simulation
settings.debug.scenario,"Server settings menu — debug output showing the running scenario's working state (flags, objectives, triggers, queues, commitments, dossier)",Scenario State
settings.debug.scenario_empty,Server settings menu — scenario-state panel placeholder shown before any scenario state exists,No scenario state.
settings.debug.scenario.none,"Server settings menu — scenario-state panel label for an empty surface (no rows)",(none)
settings.debug.scenario.flags,Server settings menu — scenario-state panel section heading over the world flags table,Flags
settings.debug.scenario.objectives,Server settings menu — scenario-state panel section heading over the objectives table,Objectives
settings.debug.scenario.triggers,Server settings menu — scenario-state panel section heading over the triggers table,Triggers
settings.debug.scenario.delayed,Server settings menu — scenario-state panel section heading over the delayed-action queue,Delayed Actions
settings.debug.scenario.deadlines,Server settings menu — scenario-state panel section heading over the deadline queue,Deadlines
settings.debug.scenario.commitments,Server settings menu — scenario-state panel section heading over the commitments board,Commitments
settings.debug.scenario.dossier,Server settings menu — scenario-state panel section heading over the comms dossier,Dossier
settings.debug.scenario.at_secs,"Server settings menu — scenario-state panel: a delayed action's fire time in seconds, {secs} is the number",@{secs}s
settings.debug.scenario.trigger_fired,Server settings menu — scenario-state panel badge for a trigger that has already fired,fired
settings.debug.scenario.trigger_waiting,Server settings menu — scenario-state panel badge for a trigger armed but with its when-gate not holding,waiting
settings.debug.scenario.trigger_armed,Server settings menu — scenario-state panel badge for a trigger armed and eligible to fire,armed
settings.debug.ai_hosts_heading,Server settings menu — AI panel heading over the per-host fine-system policy-machine view,Policy machines
settings.debug.ai_hosts_last,Server settings menu — AI policy-machine label for the transition the machine most recently committed,Last transition
settings.debug.ai_hosts_blocked,Server settings menu — AI policy-machine label for the transition the machine considered but did not take,Blocked by
settings.debug.cheats,"Server settings menu — Debug tab, heading over the cheat toggles",Cheats
settings.debug.wireframes,Server settings menu — toggle drawing region wireframes in the world,Region Wireframes
settings.debug.godmode,Server settings menu — toggle that makes the player ship take no damage,God Mode
settings.debug.instagib,Server settings menu — toggle that multiplies weapon damage so hits kill outright,Instagib
settings.debug.session,"Server settings menu — Debug tab, heading over the session/save actions",Session
settings.debug.teleport,Server settings menu — jump the ship to the shared Navigation waypoint; disabled when there is no waypoint,[Teleport to Waypoint]
settings.debug.save_snapshot,Server settings menu — save the running session to the browser,Save Session
settings.debug.resume_snapshot,Server settings menu — reload the page and resume the saved session,[Resume Saved Session]
settings.debug.export_snapshot,Server settings menu — download the running session as a portable save file (issue #866),[Export Session To File]
settings.gameplay.simulation,"Server settings menu — Gameplay tab, heading over the pause control",Simulation
settings.gameplay.pause,Server settings menu — button that pauses the simulation clock,Pause
settings.gameplay.resume,Server settings menu — button that resumes a paused simulation clock,Resume
settings.gameplay.session,"Server settings menu — Gameplay tab, heading over the exit control",Session
settings.gameplay.exit_to_lobby,Server settings menu — ends the current mission and returns everyone to the lobby,[Exit to Lobby]
settings.gameplay.join_code,"Server settings menu — Gameplay tab, heading over the crew join-code readout and its rotate lever (issue #1115)",[Join Code]
settings.gameplay.join_code_label,Server settings menu — accessible label for the read-only crew join-code readout beside the rotate lever,[Current join code]
settings.gameplay.rotate_code,"Server settings menu — button that regenerates this ship's crew join code, invalidating the old one immediately (issue #1115)",[New Code]
settings.gameplay.rotate_locked_hint,"Server settings menu — tooltip on a rotate-code lever (crew or fleet) while a mission is in progress, explaining why it is disabled (issue #1115 AC2)",[A join code can only be regenerated between missions.]
settings.fleet,"Server settings menu — Gameplay tab, heading over the multi-ship fleet controls (issue #1114)",[Fleet]
settings.fleet.hint,Server settings menu — explains what opening a fleet does: this host mints one privileged fleet code that other SHIP HOSTS type. Crew still join their own ship with its own code,[Open a fleet to fly alongside other ship hosts. Crew still join their own ship with the code on the viewscreen.]
settings.fleet.open,Server settings menu — button that mints this session's one privileged fleet code and makes this host the fleet lead,[Open Fleet]
settings.fleet.close,Server settings menu — button that stops new ship hosts joining. Hosts already in the fleet are not disconnected,[Close Admission]
settings.fleet.reopen,Server settings menu — button that lets new ship hosts join again after admission was closed,[Reopen Admission]
settings.fleet.leave,Server settings menu — button that leaves the fleet: closes this host's fleet code or its link to the fleet lead,[Leave Fleet]
settings.fleet.join,Server settings menu — button that joins the fleet whose code has been typed into the field beside it,[Join Fleet]
settings.fleet.rotate,"Server settings menu — button, fleet LEAD only, that regenerates the fleet code, invalidating the old one immediately (issue #1115)",[New Fleet Code]
settings.fleet.code_label,Server settings menu — accessible label for the field a ship host types another host's fleet code into,[Fleet code]
settings.fleet.code_placeholder,Server settings menu — greyed-out hint inside the fleet-code field,[FLEET]
settings.tab.accessibility,Phone client settings menu — name of the Accessibility tab,Accessibility
settings.accessibility.presentation,Phone client Accessibility tab — heading over the presentation (display) settings,Presentation
settings.accessibility.intro_hint,Phone client Accessibility tab — explains the settings change how YOUR console presents information; effect-named and never asks for or infers a reason or condition,[Adjust how your console looks and moves. Turn on whatever helps you play.]
settings.accessibility.local_hint,Phone client Accessibility tab — states the profile is private to this player and stored on this device only,[Private to you and saved on this device.]
settings.accessibility.os_unavailable,Native Accessibility settings when a Windows preference read is unavailable,[Some system preferences could not be read. Choose your settings here; unread preferences use standard defaults.]
settings.accessibility.text_scale,Phone client Accessibility tab — heading over the text size control,Text Size
settings.accessibility.text_scale_value,Phone client Accessibility tab — text size readout as a percentage. {value} is the whole-number percentage.,{value}%
settings.accessibility.text_scale_hint,Phone client Accessibility tab — explains larger text size scales every label and readout on your consoles,[Scales the text on all of your console screens.]
settings.accessibility.text_scale_reset,Phone client Accessibility tab — button that returns text size to the default,[Reset Text Size]
settings.accessibility.contrast,Phone client Accessibility tab — heading over the contrast control,Contrast
settings.accessibility.contrast_hint,Phone client Accessibility tab — explains higher contrast strengthens the difference between text and background,[Strengthen the difference between text and background.]
settings.accessibility.reduced_motion,Phone client Accessibility tab — heading over the motion control,Motion
settings.accessibility.reduced_motion_hint,Phone client Accessibility tab — explains reducing motion stills non-essential animation such as pulses and flashes,[Still non-essential animation such as pulses and flashes.]
settings.accessibility.follow_system,Phone client Accessibility tab — tri-state option that follows the device system preference,System
settings.accessibility.contrast_more,Phone client Accessibility tab — contrast option that forces higher contrast on,More
settings.accessibility.contrast_standard,Phone client Accessibility tab — contrast option that forces standard contrast,Standard
settings.accessibility.motion_reduce,Phone client Accessibility tab — motion option that forces reduced motion on,Reduce
settings.accessibility.motion_allow,Phone client Accessibility tab — motion option that allows full motion even when the device asks to reduce it,Allow
station.rating.std.name,Display name of the Std station rating (identifier in TOML),STANDARD
station.rating.simplified.name,Display name of the Simplified station rating,SIMPLIFIED
station.rating.backfill.name,"Display name of the implicit Backfill rating (station unmanned, AI operates all its systems)",BACKFILL (AI)
manual.title,Ship manual button tooltip and dialog name,Ship Manual
manual.heading,Ship manual overlay heading; the overlay dismisses on a backdrop tap,[SHIP MANUAL — tap outside to dismiss]
manual.empty,Ship manual — shown when no manual has been received yet,[Ship manual unavailable]
manual.automated_systems,Ship manual — heading above the per-rating list of AI-operated systems,[AI automation by rating]
manual.rating.none,Ship manual — shown for a rating that automates no systems,[none — fully hands-on]
manual.section.shields,Ship manual — heading of the generated Shields system section,Shields
manual.shields.max_hp,"Ship manual — Shields section, base HP per arc. {value} is the number.",[Base strength: {value} HP per arc]
manual.shields.regen,"Ship manual — Shields section, regen per second. {value} is the number.",[Regeneration: {value} HP/s per arc]
manual.shields.arcs,"Ship manual — Shields section, number of shield arcs. {value} is the count.",[Shield arcs: {value}]
manual.section.phaser_bank,Ship manual — heading of a generated Phaser Bank section,Phaser Bank
manual.phaser_bank.beam_range,"Ship manual — Phaser Bank section, beam range in world units. {value} is the number.",[Beam range: {value}]
manual.phaser_bank.beam_damage,"Ship manual — Phaser Bank section, beam damage per second. {value} is the number.",[Beam damage: {value} HP/s]
manual.phaser_bank.cooldown,"Ship manual — Phaser Bank section, cooldown in seconds. {value} is the number.",[Cooldown: {value} s]
manual.phaser_bank.fire_arc,"Ship manual — Phaser Bank section, fire arc in degrees. {value} is the number.",[Fire arc: {value}°]
manual.section.blaster_bank,Ship manual — heading of a generated Blaster Bank section,Blaster Bank
manual.blaster_bank.range,"Ship manual — Blaster Bank section, range in world units. {value} is the number.",Range: {value}
manual.blaster_bank.volley,"Ship manual — Blaster Bank section, projectiles per volley. {value} is the count.",[Volley: {value} shots]
manual.blaster_bank.cooldown,"Ship manual — Blaster Bank section, cooldown in seconds. {value} is the number.",[Cooldown: {value} s]
manual.blaster_bank.fire_arc,"Ship manual — Blaster Bank section, fire arc in degrees. {value} is the number.",[Fire arc: {value}°]
manual.blaster_bank.barrels,"Ship manual — Blaster Bank section, number of barrels. {value} is the count.",Barrels: {value}
manual.section.torpedo_tube,Ship manual — heading of a generated Torpedo Tube section,Torpedo Tube
manual.torpedo_tube.fire_arc,"Ship manual — Torpedo Tube section, launch arc in degrees. {value} is the number.",[Launch arc: {value}°]
manual.torpedo_tube.load_time,"Ship manual — Torpedo Tube section, load time in seconds. {value} is the number.",[Load time: {value} s]
manual.torpedo_tube.volley_max,"Ship manual — Torpedo Tube section, volley capacity. {value} is the count.",[Volley capacity: {value}]
manual.section.torpedo_magazine,Ship manual — heading of the generated Torpedo Magazine section,Torpedo Magazine
manual.torpedo_magazine.capacity,"Ship manual — Torpedo Magazine section, stored torpedoes. {value} is the count.",[Torpedo stores: {value}]
manual.torpedo_magazine.damage_hull,"Ship manual — Torpedo Magazine section, warhead hull damage. {value} is the number.",[Warhead hull damage: {value}]
manual.torpedo_magazine.damage_shields,"Ship manual — Torpedo Magazine section, warhead shield damage. {value} is the number.",[Warhead shield damage: {value}]
manual.torpedo_magazine.tubes,"Ship manual — Torpedo Magazine section, number of launch tubes. {value} is the count.",[Launch tubes: {value}]
manual.section.tactical_radar,Ship manual — heading of the generated Tactical Radar section,Tactical Radar
manual.tactical_radar.range,"Ship manual — Tactical Radar section, range in world units. {value} is the number.",Range: {value}
manual.section.sensors,Ship manual — heading of the generated Sensors section,Sensors
manual.sensors.range,"Ship manual — Sensors section, long-range radar range. {value} is the number.",[Long-range radar: {value}]
manual.section.sensor_radar,Ship manual — heading of the generated Sensor Radar section,Sensor Radar
manual.sensor_radar.range,"Ship manual — Sensor Radar section, radar range in world units. {value} is the number.",Range: {value}
manual.section.power_reactor,Ship manual — heading of the generated Power Reactor section,Power Reactor
manual.power_reactor.capacity,"Ship manual — Power Reactor section, reactor capacity. {value} is the number.",[Reactor capacity: {value}]
manual.power_reactor.power_groups,"Ship manual — Power Reactor section, number of power groups. {value} is the count.",[Power groups: {value}]
manual.section.power_battery,Ship manual — heading of the generated Power Battery section,Power Battery
manual.power_battery.emergency_threshold,"Ship manual — Power Battery section, emergency reserve threshold. {value} is the percentage.",[Emergency reserve: {value}%]
manual.section.repair,Ship manual — heading of the generated Repair section,Repair
manual.repair.teams,"Ship manual — Repair section, number of repair teams. {value} is the count.",[Repair teams: {value}]
manual.repair.rate,"Ship manual — Repair section, repair rate in HP per second. {value} is the number.",[Repair rate: {value} HP/s]
manual.repair.travel,"Ship manual — Repair section, team travel time in seconds. {value} is the number.",[Team travel: {value} s]
manual.section.comms,Ship manual — heading of the generated Comms section,Comms
manual.comms.range,"Ship manual — Comms section, comms range in world units. {value} is the number.",Range: {value}
manual.section.helm_thrust,Ship manual — heading of the generated Helm section,Helm
manual.helm_thrust.max_speed,"Ship manual — Helm section, maximum forward speed. {value} is the number.",[Max speed: {value}]
manual.helm_thrust.max_reverse_speed,"Ship manual — Helm section, maximum reverse speed. {value} is the number.",[Max reverse: {value}]
manual.helm_thrust.max_yaw_rate,"Ship manual — Helm section, maximum turn rate in radians per second. {value} is the number.",[Max turn rate: {value} rad/s]
manual.helm_thrust.impulse_steering,"Ship manual — Helm section, steering multiplier while impulse is engaged. {value} is the number.",[Impulse steering: {value}×]
manual.helm_thrust.movement_mode,"Ship manual — Helm section, vertical movement mode. {value} is the resolved mode name.",[Movement mode: {value}]
manual.helm_thrust.movement_mode.planar,Ship manual — Helm movement mode value: planar (surface-plane only),Planar
manual.helm_thrust.movement_mode.bounded,Ship manual — Helm movement mode value: bounded vertical motion,Bounded vertical
manual.helm_thrust.movement_mode.full_3d,Ship manual — Helm movement mode value: full six-degree-of-freedom 3D,Full 3D
client.default_ship_name,Lobby header — placeholder ship name before the scenario loads,Phoenix
client.standing_by,Lobby header — ship mission line before a scenario is chosen,Standing by
client.pill_connecting,Lobby ready-pill while the WebRTC connection is being established,CONNECTING
client.no_station,Lobby — station detail panel when the player holds no station,[No station assigned]
client.connecting_host,Lobby status line while connecting to the host,[Connecting to host…]
client.ready,Lobby READY button (also cancels a launch countdown),READY
client.ready_confirmed,Lobby READY button after the player has readied up,✓ READY
client.connecting,Connection status overlay while connecting,Connecting…
client.retry_now,Connection overlay — button that retries immediately,Retry now
client.retry_now_tip,Tooltip on the retry button,[Retry connection now]
client.fullscreen_tip,"Tooltip on the fullscreen toggle, on both the phone client and the host viewscreen",Toggle fullscreen
client.name_label,Lobby name field — the label beside the text input,Name
client.name_placeholder,Lobby name field — greyed-out hint inside the empty text input,Your name
client.preparing_scenario,Asset-loading overlay while models and icons pre-cache. Shown on the phone client and on both host viewscreen overlays,Preparing scenario…
client.return_to_lobby,Game-over overlay — button back to the lobby,[Return to Lobby]
client.waiting_scenario,Overlay shown while the host picks the next scenario,[Waiting for host to select a scenario…]
client.logo_alt,Phone loading surface — accessible name of the insignia beside the progress stack,[Project Phoenix insignia]
client.loading_assets,Phone loading surface status line while the host pre-caches models and icons,[Loading — assets]
client.loading_waiting_host,Phone loading surface status line while the host is still choosing a World,[Waiting on host]
client.loading_retrying,Phone loading surface status line when the link to the host has gone and the page is dialling again,[Link lost — retrying]
client.loading_ticks_assets,Phone loading surface — small print under the bar naming what the asset preload is counting,[Models · icons · rigs]
client.loading_ticks_none,Phone loading surface — small print under an indeterminate bar; there is no fraction to report,[No progress to report]
client.loading_of_total,Phone loading surface — the measured percentage against its total. {pct} is the whole percentage,[{pct} / 100]
client.loading_ship,Phone loading surface — the ship the crew is about to fly. {hull} is the hull id and {class} its class badge,[{hull} · {class}]
client.loading_ship_class_only,Phone loading surface — the ship line when the Session names a class but no hull id. {class} is the class badge,[{class}]
client.select_scenario,Phone scenario picker — heading over the scenario list,[Select a scenario]
client.select_ship,Phone scenario picker — heading over the ship list,[Select a ship]
client.scenario_locked,Phone scenario picker — status once the selection is locked and the world is loading,Loading scenario…
client.scenario_mod_origin,Phone scenario picker — badge on a scenario button showing it came from an applied mod pack. {name} is the pack display name,[Mod: {name}]
client.mods_active,Phone lobby — heading above the list of mod packs the host applied to this session,[Mods active]
client.mods_active_version,Phone lobby — the version suffix on one active-mod row. {version} is the pack version string,[v{version}]
client.reconnecting,Connection banner after a disconnect while auto-reconnecting,[Disconnected — reconnecting…]
client.conn_error,Connection banner after a connection error while auto-reconnecting,[Connection error — reconnecting…]
client.bridge_title,Console title when no specific console is active,Bridge
client.ship_destroyed,Game-over overlay headline when the hull reaches zero,Ship Destroyed
client.release,Station card button — release your own claimed station,RELEASE
client.taken,Station card button — station is held by another player,TAKEN
client.claim,Station card button — claim a free station,CLAIM
client.station_ineligible,Station card button — a free station incompatible with this player's private accessibility assistance profile (issue #1103),[UNAVAILABLE]
client.station_ineligible_reason,"Station card — private functional explanation shown only to this player when a seat is incompatible with their requested assistance (issue #1103); {functions} is a comma-joined list of functional labels","[This seat runs these manually here, and you asked for help with them: {functions}.]"
client.assist_function.helm.course-keeping,Functional label for the helm course-keeping assist-function (issue #1103),[keeping course]
client.assist_function.tactical.target-selection,Functional label for the tactical target-selection assist-function (issue #1103),[selecting targets]
client.assist_function.sensors.contact-triage,Functional label for the sensors contact-triage assist-function (issue #1103),[triaging contacts]
client.assist_function.comms.dialogue-timing,Functional label for the comms dialogue-timing assist-function (issue #1103),[timing dialogue]
client.leave,Station detail button — leave the current station,LEAVE
client.take_station,Lobby readiness button relabelled during an active round — takes the claimed station from Backfill AI,TAKE STATION
client.release_confirm,Station release button after arming — asks the player to confirm returning the station to Backfill AI mid-round,CONFIRM RELEASE?
client.all_crew_ready,Lobby ready-pill when every station is readied,[ALL CREW READY]
client.awaiting_crew,Lobby ready-pill while stations are still unready,AWAITING CREW
client.status_select_station,Lobby status line before the player claims a station,[Select a station to join the crew]
client.status_select_console,Lobby status line after claiming. {station} is the station name,[Select a console at {station} to continue]
client.status_launching,Lobby status line during countdown. {secs} is seconds remaining,[Launching in {secs}s  (click READY to cancel)]
client.status_all_ready,Lobby status line when the launch fires,[All crew ready — launching!]
client.status_waiting_crew,Lobby status line while others ready up,[Waiting for the rest of the crew…]
client.status_standing_by,Lobby status line while unready. {station} is the station name,[Standing by at {station} — press READY when ready]
server.doc_title,Browser-tab title of the host viewscreen page,[Project Phoenix — View Screen]
server.landing.title,Landing screen — the game name in the identity lockup,[Project Phoenix]
server.landing.tagline,Landing screen — the line under the game name,[Bridge simulator]
server.landing.logo_alt,Landing screen — accessible name of the logo mark,[Project Phoenix insignia]
server.landing.menu_label,Landing screen — accessible name of the menu of routes,[Main menu]
server.landing.rail_stamp,Landing screen — decorative hull-plate stamp down the side rail,[PHX-074-A]
server.landing.platform_web,Landing screen — which build this host is: the browser one,[Web build]
server.landing.platform_native,Landing screen — which build this host is: the desktop one,[Native build]
server.landing.status_no_session,Landing screen status bar — nothing has been started yet,[No session]
server.landing.status_hosting,Landing screen status bar — a route is open but the mission has not started,[Hosting — not started]
server.landing.build,Landing screen status bar — which build is running. {build} is the build id,[Build {build}]
server.landing.new_game,Landing screen menu — start a fresh session as the host,[New Game]
server.landing.new_game_desc,Landing screen menu — the line under New Game,[Host · scenario and hull]
server.landing.load_game,Landing screen menu — resume a saved session as the host,[Load Game]
server.landing.load_game_desc,Landing screen menu — the line under Load Game,[Host · resume a save]
server.landing.host_gm,Landing screen menu — start a fresh session on this machine as the game master with no crew consoles,[Host as GM]
server.landing.host_gm_desc,Landing screen menu — the line under Host as GM,"[Game master · scenario and hull, crew on AI]"
server.landing.join_peer,Landing screen menu — join someone else’s session as a game master peer,[Join as Peer]
server.landing.join_peer_desc,Landing screen menu — the line under Join as Peer,[Game master · join code]
server.landing.connect_host,Landing screen menu — join someone else’s session as a crew console,[Connect to Host]
server.landing.connect_host_desc,Landing screen menu — the line under Connect to Host,[Crew console · join code]
server.landing.status_host_gm,Landing screen status bar — the Host as GM route is open and the mission has not started,[Game master — not started]
server.landing.status_peer,Landing screen status bar — the Join as Peer route is open and no code has been accepted yet,[Peer — awaiting code]
server.landing.status_client,Landing screen status bar — the Connect to Host route is open and no code has been accepted yet,[Client — awaiting code]
server.landing.join_code_label,Landing screen join stage — the label over the code entry field,[Join code]
server.landing.join_code_placeholder,Landing screen join stage — placeholder inside the empty code field,[Eight letters]
server.landing.join_code_hint,Landing screen join stage — the line under the code field explaining both ways to enter one,[Type the eight letters shown on the viewscreen — or paste the whole code.]
server.landing.join_peer_role,Landing screen join stage — what a fleet code joins this host AS,[Game master peer]
server.landing.join_peer_blurb,Landing screen join stage — what joining as a game master peer means,[Joins as a second host-class peer: the game master surface with its own view of the session. Choose the World the fleet is flying once the code is accepted.]
server.landing.join_peer_submit,Landing screen join stage — the button that joins the fleet behind the typed code,[Join session]
server.landing.connect_host_role,Landing screen join stage — what a crew code joins this machine AS,[Crew console client]
server.landing.connect_host_blurb,Landing screen join stage — what connecting as a crew console means,[Joins as a console client: claim a station in the lobby and take that seat on the bridge. This one leaves the host page for the console page.]
server.landing.connect_host_submit,Landing screen join stage — the button that opens the console page on the typed code,[Connect]
server.landing.join_after_boot,Landing screen join stage — refusing a peer join because this host has already loaded a world and the game master profile is chosen at boot,[This host has already started a session. The game master profile is chosen when a session starts — reload the page to join a fleet as a game master.]
server.landing.load_mod_pack,Landing screen menu — add a mod pack before a session exists,[Load mod pack]
server.landing.load_mod_pack_desc,Landing screen menu — the line under Load mod pack,[Content · add a pack]
server.landing.exit_desktop,Landing screen menu — native only; quit the application,[Exit to Desktop]
server.landing.exit_desktop_desc,Landing screen menu — the line under Exit to Desktop,[Native build only]
server.landing.exit_confirm_title,Landing screen — heading of the panel that asks before quitting,[Exit to desktop]
server.landing.exit_confirm_eyebrow,Landing screen — small label beside the quit heading naming which build this is,[Native build]
server.landing.exit_confirm_lead,Landing screen — the quit confirmation's own headline,[Close the session]
server.landing.exit_confirm_note,Landing screen — what quitting costs; shown under the quit confirmation headline,"[Nothing is running, so nothing is lost. Any crew still holding this ship’s join code will need a new one next time.]"
server.landing.exit_confirm_cta,Landing screen — the button that confirms quitting,[Quit]
server.landing.confirm_back,Landing screen — the control that closes a confirmation without acting on it,[Back]
server.landing.packs.title,Landing screen mod-pack shelf — heading of the panel listing the scanned folder,[Mod packs]
server.landing.packs.folder,Landing screen mod-pack shelf — which folder is being scanned. {dir} is the path,[Folder {dir}]
server.landing.packs.empty,Landing screen mod-pack shelf — the folder was read and holds no pack archives,[No mod packs in this folder.]
server.landing.packs.scan_failed,Landing screen mod-pack shelf — the folder itself could not be read; the host’s own message follows,[That folder could not be read.]
server.landing.packs.install,Landing screen mod-pack shelf — the button that installs the highlighted pack,[Install pack]
server.landing.packs.accepted,Landing screen mod-pack shelf — the last attempt succeeded. {pack} is the archive file name,[{pack} installed.]
server.landing.packs.refused,Landing screen mod-pack shelf — the last attempt failed and nothing was applied. {pack} is the archive file name,[{pack} was refused. Nothing was installed.]
server.landing.packs.findings_heading,Landing screen mod-pack shelf — heading over what the validator reported,[Report]
server.landing.packs.severity_error,Landing screen mod-pack shelf — label on a finding that blocked the install,[Error]
server.landing.packs.severity_warning,Landing screen mod-pack shelf — label on a finding that did not block the install,[Warning]
server.landing.packs.installed_heading,Landing screen mod-pack shelf — heading over the packs already applied this session,[Applied this session]
server.landing.packs.installed_line,Landing screen mod-pack shelf — one applied pack. {name} {version} {id} come from its manifest,[{name} {version} — {id}]
server.landing.packs.conflict_heading,Landing screen mod-pack shelf — heading over paths carried by more than one applied pack,[Overridden content]
server.landing.packs.conflict_line,"Landing screen mod-pack shelf — one contested path. {path} is the authored file, {winner} the pack that owns it, {losers} the packs it shadows",[{path}: {winner} wins over {losers}]
server.select_world,Host lobby — heading over the scenario picker,[Select a world]
server.select_ship,Host lobby — picker heading after a world with multiple ships is chosen,[Select a ship]
server.no_scenarios,Host scenario picker — shown when the pre-load catalog is empty,[No scenarios available]
server.hulls_offered.one,"Host scenario picker — a World row's count of the hulls it offers, exactly one. {n} is the count",[{n} hull]
server.hulls_offered.other,"Host scenario picker — a World row's count of the hulls it offers, zero or several. {n} is the count",[{n} hulls]
server.back_to_worlds,Host scenario picker — step back out of the hull stage to the World list,[Back]
server.loading,Host page — generic loading label,Loading…
server.crew,Host lobby — crew count label,Crew
server.spectator,Host lobby — tag on spectating players,Spectator
server.awaiting_selection,Host lobby badge before a scenario is selected,AWAITING SELECTION
server.connected,Host lobby — connected-players rail heading,Connected
server.waiting_players,Host lobby hint while no players have joined,[Waiting for players to connect…]
server.waiting_ready,Host lobby hint while players ready up,[Waiting for crew to ready up…]
server.no_players,Host lobby player list when empty,[No players connected yet]
server.reserved,Host lobby — station reserved by a disconnected player,RESERVED
server.launching_in,Host lobby badge during countdown. {secs} is seconds remaining,[LAUNCHING IN {secs}s]
server.hint_launching,Host lobby hint during countdown. {secs} is seconds remaining,[Launching in {secs}s — anyone can unready to cancel]
server.conn_error_refresh,Host connection banner on unrecoverable error,[Error — refresh to retry]
server.upload_mod_pack,Host scenario picker — button that opens the mod-pack ZIP file chooser,[Upload mod pack]
server.launch_ai_ship,Host lobby button that starts the scenario with no human crew. The glyph is part of the label,⬡ Launch AI Ship
server.launch_ai_ship_tip,Tooltip on the host lobby AI-only launch button,Launch with fully AI-controlled crew
server.mod_pack_reading,Host scenario picker — status while an uploaded mod pack is being read and validated,[Validating mod pack…]
server.mod_pack_applied,Host scenario picker — status when an uploaded mod pack passed validation and its scenarios were added,[Mod pack applied]
server.mod_pack_rejected,Host scenario picker — status heading when an uploaded mod pack failed validation and nothing was applied,[Mod pack rejected — nothing applied]
server.mod_pack_read_error,Host scenario picker — status when the uploaded file could not be read at all,[Could not read the uploaded file]
server.import_snapshot,Host scenario picker — button that opens the saved-game file chooser (issue #866),[Import saved game]
server.import_snapshot_reading,Host scenario picker — status while an imported save file is being read,[Reading saved game…]
server.import_snapshot_read_error,Host scenario picker — status when the chosen save file could not be read off disk at all,[Could not read that file]
server.import_snapshot_damaged,"Host scenario picker — status when the chosen file is not a save this build can parse: truncated, edited, or never a save. {detail} is the parser's own reason","[That file is damaged and could not be read as a saved game. {detail}]"
server.import_snapshot_incompatible,"Host scenario picker — status when the chosen file IS a save but this build cannot honour it. {detail} is vellum-save's own sentence naming which version dimension moved","[That saved game was made by a different build. {detail}]"
server.import_snapshot_loading,Host scenario picker — status while the world an imported save names is being loaded on its behalf,[Loading the world that save was taken in…]
server.import_snapshot_not_stored,"Host save catalogue — status when an imported save is a valid file but this browser's storage would not keep it, so it never became a catalogue row (issue #1363). {detail} is the Store's own reason","[That saved game could not be added to this browser's catalogue. {detail}]"
server.hud_doc_title,Document title of the native viewscreen HUD overlay page (gui/viewscreen-hud.html),[Phoenix Viewscreen HUD]
server.hud_nominal,Viewscreen HUD — ship condition when undamaged,NOMINAL
server.hud_alert,Viewscreen HUD — ship condition while the ship is at red alert,ALERT
server.hud_designation,Viewscreen HUD — default ship designation,PHOENIX
server.hud_nav,Viewscreen HUD status slot: navigation,Nav
server.hud_tac,Viewscreen HUD status slot: tactical,Tac
server.hud_eng,Viewscreen HUD status slot: engineering,Eng
server.hud_sys,Viewscreen HUD status slot: systems,Sys
server.hud_heading,Viewscreen HUD nav readout. {deg} is the 3-digit heading,HEADING {deg}
server.hud_hull,Viewscreen HUD hull readout. {pct} is hull percent,HULL {pct}
server.hud_weapons_hot,Viewscreen HUD tactical slot while the ship is at red alert,[WEAPONS HOT]
server.hud_clear,Viewscreen HUD tactical slot while the ship is not at red alert,[CLEAR]
server.computer_message.label,Viewscreen ship's-computer message banner — source label above the message text,SHIP'S COMPUTER
server.computer_message.severity.info,Viewscreen ship's-computer message banner — severity word,Info
server.computer_message.severity.advisory,Viewscreen ship's-computer message banner — severity word,Advisory
server.computer_message.severity.warning,Viewscreen ship's-computer message banner — severity word,Warning
server.computer_message.severity.critical,Viewscreen ship's-computer message banner — severity word,Critical
server.unknown_scenario,Host lobby title when the selected scenario carries no title of its own,[Unknown Scenario]
server.complexity_low,Host lobby station card — complexity pill for a Low-complexity console preset,[LOW]
server.complexity_normal,Host lobby station card — complexity pill for any other console preset,[NORMAL]
server.slots_reserved.one,"Host lobby compact chip, exactly one reserved station slot. {n} is the count, {max} the total slots",[↻ {n} station slot reserved (max {max})]
server.slots_reserved.other,"Host lobby compact chip, zero or several reserved station slots. {n} is the count, {max} the total slots",[↻ {n} station slots reserved (max {max})]
server.spectator_waiting,Host lobby pill for a connected player holding no station yet. {name} is the player name,[{name} (waiting)]
server.no_relay_warning,Host lobby warning under the QR when no TURN relay credentials could be fetched,[⚠ No relay server — players on mobile networks may fail to connect]
server.relay_fallback_notice,Host lobby notice under the QR when the credential worker is down and the free shared OpenRelay TURN is in use,[Using free fallback relay — connections may be slower than usual]
server.client_ice_state,"Host lobby line for an inbound client stuck mid-connection. {id} is the client short id, {state} the ICE state",[client {id}…: connection {state}]
server.fleet.title,Host viewscreen fleet panel (issue #1114) — heading over the list of ship hosts in this multi-ship session,[Fleet]
server.fleet.code_caption,Host viewscreen fleet panel — caption above the SERVER code another ship host types to join this fleet. Distinct from the crew code above it,[fleet code — for another ship host]
server.fleet.slot_owner,Host viewscreen fleet panel — label for the ship slot belonging to the host that opened the fleet. {n} is the slot number,[Ship {n} · fleet lead]
server.fleet.slot_member,Host viewscreen fleet panel — label for a ship slot belonging to an admitted host. {n} is the slot number,[Ship {n}]
server.fleet.no_ship,Host viewscreen fleet panel — shown in a slot whose host has not chosen a hull yet,[no ship chosen yet]
server.fleet.disconnected,Host viewscreen fleet panel — shown on a frozen slot whose host has dropped and has not yet been recovered,[disconnected]
server.fleet.open,"Host viewscreen fleet panel — status while new ship hosts may still join. {n} is the number of slots taken, {max} the fleet capacity",[Admitting ships — {n} of {max}]
server.fleet.closed,Host viewscreen fleet panel — status when the operator has closed admission. Ships already in the fleet are unaffected,[Admission closed — ships already here stay]
server.fleet.frozen,Host viewscreen fleet panel — status once the mission has started and the slot roster can no longer change,[Fleet locked — mission under way]
server.fleet.error_full,Host page — the fleet refused this host because every ship slot is taken,[That fleet is full.]
server.fleet.error_frozen,Host page — the fleet refused this host because its mission has already started and the ship roster is frozen,[That fleet has already launched — no new ship can join it.]
server.fleet.error_joining,Host page — this host could not reach the fleet it was asked to join. {reason} is the already-localised sentence for the underlying refusal,[Could not join that fleet. {reason}]
server.fleet.error_wrong_type,"Host page — the code typed into the fleet field is a CREW code (the one a phone uses), not a fleet code. The inverse of client.join.error_wrong_type, which is the same refusal read on a phone",[That is a crew code. Ask the other bridge for its fleet code.]
server.fleet.error_closed,Host page — the fleet has stopped admitting new ship hosts. Nothing to do with any ship's crew list,[That fleet has closed its ship list.]
server.fleet.error_unknown,Host page — no fleet is holding the code this host typed,[No fleet is using that code. Check the other viewscreen and try again.]
server.fleet.error_host_gone,Host page — the fleet lead disappeared while this host was connected or connecting,[That fleet's lead went offline.]
server.fleet.error_version,Host page — the fleet is running a different release of the game than this host,[That fleet is running a different version. Reload this page from the same build.]
server.fleet.error_content,"Host page — the fleet is running different mission content, even though the protocol matches. Distinct from error_version, which is a different build",[That fleet is running different mission content. Start this host on the same scenario manifest.]
server.fleet.error_stamp_missing,"Host page — one of the two hosts could not say what content it is running, so the fleet refused rather than guessing. Includes the case where this host has not loaded its scenario manifest yet",[These two hosts cannot say they are running the same content. Reload this page and try again.]
server.fleet.ready,Host viewscreen fleet panel — shown on a slot whose host has locked its hull and loaded its world,[ready]
server.fleet.refused_change,Host page — the fleet declined a change this host asked for about its own slot. It is still in the fleet. {reason} is the already-localised sentence for the underlying refusal,[The fleet did not take that change. {reason}]
server.monitor_row.label,Host lobby (issue #1330) — heading over the row of buttons that choose which monitor shows the shared viewscreen. Native host only; the browser host reports no monitors and the row is absent,[Viewscreen monitor]
server.monitor_row.monitor,"Host lobby monitor button. {name} is the display's OS-reported name, {w} and {h} its native resolution in pixels",[{name} · {w}×{h}]
server.monitor_row.monitor_unnamed,Host lobby monitor button for a display the OS reported no name for. {w} and {h} are its native resolution in pixels,[Unnamed display · {w}×{h}]
server.monitor_row.primary,Host lobby monitor button — marker on the display the OS calls the primary one,[primary]
server.monitor_row.viewscreen,Host lobby monitor button — marker on the display currently showing the shared viewscreen,[showing the viewscreen]
server.monitor_row.stations,"Host lobby monitor button — the consoles already open on this display, which is why moving the shared viewscreen onto it is refused rather than evicting them. {stations} is the list of consoles, each a station id or the name of the crew member a hand-authored profile opened one for",[holding {stations}]
server.station_row.label,Host lobby (issue #1331) — heading over one station card's row of buttons that choose which monitor that station's console opens on. Native host only; the browser host reports no monitors and the row is absent,[Console screen]
server.station_row.off,"Host lobby station screen row — the button that closes this station's console, so no monitor is showing it. It is the row's state when no screen is chosen",[Off]
server.station_row.full,"Host lobby station screen row — marker on a greyed screen button whose monitor already holds as many consoles as it may. The operator frees a slot on it or picks another screen",[full]
server.station_row.full_holding,"Host lobby station screen row — marker on a greyed screen button, naming what its monitor is already holding so the operator can see which console to close rather than only that this one cannot be pressed. {stations} is that list, each entry a station id or the name of a crew member a hand-authored profile opened a console for",[full — {stations}]
server.station_row.full_authored,"Host lobby station screen row — marker on a greyed screen button whose monitor is full AND one of the consoles on it was opened by a hand-authored --profile. That console has no station row, no off button and nothing in the lobby that frees it, so the operator is told the slot is not theirs to reclaim rather than being left hunting for a control that does not exist. {stations} is everything on the screen, in the order it is drawn; {authored} is the subset the lobby cannot free. The copy is number-neutral on purpose: {authored} may name one console or several, and a verb agreeing with either would be wrong for the other","[full — {stations}; opened by the host's own settings and not closable from here: {authored}]"
server.station_row.needs_second_monitor,"Host lobby station screen row — shown instead of the buttons when the only display is the one showing the shared viewscreen, which a console never covers. Crew join from phones instead",[Consoles need a second monitor — crew join from phones.]
server.bridge_layout.unknown_monitor,"Host lobby feedback — the monitor a button named is not one of this bridge's displays, most often because it was unplugged between the press and the apply. {monitor} is the display's stable identity",[Monitor {monitor} is not one of this bridge's displays — it may have been unplugged.]
server.bridge_layout.unknown_station,Host lobby feedback — a layout action named a station this ship does not have. {station} is the station id,[Station {station} is not on this ship's roster.]
server.bridge_layout.station_on_viewscreen,"Host lobby feedback — a console may never open on the monitor showing the shared view. {station} is the station id, {monitor} the display's identity","[Monitor {monitor} is showing the viewscreen, so {station}'s console may not open on it.]"
server.bridge_layout.monitor_full,"Host lobby feedback — the monitor already holds as many consoles as it may. {monitor} is the display's identity, {stations} the consoles it holds — each a station id or the name of a crew member a hand-authored profile opened one for — and {max} the per-screen maximum","[Monitor {monitor} already holds {max} console(s) ({stations}). Free a slot or pick another screen.]"
server.bridge_layout.viewscreen_holds_stations,"Host lobby feedback — the viewscreen was asked to move onto a monitor holding station consoles, which are never evicted to make room. {monitor} is the display's identity, {stations} the consoles it holds","[Monitor {monitor} is holding the console(s) for {stations}, so the viewscreen may not move onto it. Unassign them first.]"
server.bridge_layout.adopt_viewscreen_refused,Host lobby feedback — a saved layout named a viewscreen monitor this bridge cannot use. {monitor} is the display's identity,"[The saved layout puts the viewscreen on monitor {monitor}, which this bridge cannot do; the viewscreen stays where it is.]"
server.bridge_layout.adopt_pane_no_station,"Host lobby feedback — a layout pane belongs to a named person rather than to a station, so there is nothing to seat. {label} is the participant name, {monitor} the display's identity","[The pane for {label} on monitor {monitor} names no station, so the layout leaves it alone.]"
server.bridge_layout.adopt_station_twice,"Host lobby feedback — a layout seats one station on two screens; the first placement stands. {station} is the station id, {monitor} the ignored display","[Station {station} is placed on more than one screen; its first placement stands and monitor {monitor} is ignored.]"
server.bridge_layout.adopt_seat_refused,"Host lobby feedback — a console could not be placed where the layout asked, and is left unassigned. {station} is the station id, {monitor} the display's identity",[Station {station}'s console cannot open on monitor {monitor}; it is left unassigned.]
server.bridge_layout.adopt_viewscreen_gone,"Host lobby feedback — the chosen viewscreen display was unplugged, so the shared view fell back to another. {monitor} is the display that left, {replacement} the one it moved to","[Monitor {monitor} was showing the viewscreen and is no longer connected, so the viewscreen moved to {replacement}.]"
server.bridge_layout.adopt_viewscreen_covers,"Host lobby feedback — the chosen viewscreen display was unplugged and every remaining display was already holding a console, so the shared view landed on top of one. {monitor} is the display it landed on, {occupants} what that display is holding: station ids, and the names of crew members a hand-authored profile opened consoles for","[No screen was free for the viewscreen to fall back to, so it moved onto monitor {monitor} on top of {occupants}.]"
server.bridge_layout.adopt_station_monitor_gone,"Host lobby feedback — a console's display was unplugged and its console is left unassigned rather than moved. {station} is the station id, {monitor} the display that left","[Station {station}'s console was on monitor {monitor}, which is no longer connected; it is left unassigned.]"
server.bridge_layout.adopt_station_off_roster,"Host lobby feedback — a console belongs to a station this ship no longer has, so it is closed. {station} is the station id, {monitor} the display it was on","[Station {station} is not on this ship's roster, so its console on monitor {monitor} is closed.]"
server.bridge_layout.adopt_console_could_not_open,"Host lobby feedback — a console did not appear and bounded recovery has stopped. The physical screen is free, but the station remains reserved until the host chooses Off. {station} is the station id, {monitor} the display it could not be put on","[Station {station}'s console could not open on monitor {monitor}. Its station stays reserved; move it to a screen or choose Off to release it.]"
server.bridge_layout.adopt_console_retiling,"Host lobby feedback — a second console opened on a screen (or left it), so the console that was already there is rebuilt at its new half. Nobody asked THAT one to move: its page reloads, its crew member reconnects on the same identity, and their station is on AI control for as long as the load takes — assigned station screens keep their reservation throughout the reload. An ordinary participant pane restores only a station nobody claimed while it was loading. {console} is the station id or the crew member's name, {monitor} the display","[Monitor {monitor}'s split changed, so {console}'s console is re-tiling and will reconnect.]"
server.bridge_layout.adopt_console_resized,"Host lobby feedback — a display renegotiated its resolution while holding exactly the consoles it already held, so every pane on it is rebuilt at its new size. No console joined or left, which is what makes this a different sentence from the re-tiling one beside it rather than the same one with a different cause. The cost to whoever is at it is identical: the page reloads, they reconnect on the same identity, and their station is on AI control for as long as the load takes — assigned station screens keep their reservation, while an ordinary participant pane restores only a station nobody claimed while it was loading. {console} is the station id or the crew member's name, {monitor} the display","[Monitor {monitor} changed size, so {console}'s console is rebuilt to fit it and will reconnect.]"
server.bridge_layout.adopt_no_monitors,Host lobby feedback — no displays were reported at all and a bridge is at least one screen. {count} is how many monitors the layout still names,"[No monitors were reported at all; the layout is left as it was, still naming {count}.]"
client.status_connected,Connection status once the WebRTC link is up,Connected
client.status_transport_unavailable,"Connection status when this page's own transport module never loaded, so there is no way to reach any host at all. The remedy is a reload of this page — scanning the QR would only load the same page again",[This page did not finish loading. Reload it to join.]
client.status_waiting_server,Connection status while waiting for the signalling server,[Waiting for server]
client.status_connecting_host,Connection status while dialling the host,[Connecting to host]
client.status_disconnected,Connection status after losing the link,Disconnected
client.status_unreachable,Connection status when WebRTC relay traffic appears blocked,[Cannot reach host - the network may be blocking WebRTC relay traffic. Try a different network.]
client.diag_no_relay,Connection diagnostics line when no TURN relay credentials could be fetched,[⚠ No relay server — connection may fail on mobile networks]
client.diag_relay_ok,Connection diagnostics line when the TURN relay probe succeeds,[Relay server: reachable]
client.diag_relay_fallback,Connection diagnostics line when the credential worker is down and the free shared OpenRelay TURN is in use,[Using free fallback relay — connection may be slower than usual]
client.diag_relay_fallback_ok,Connection diagnostics line when the free fallback relay is in use and the probe confirmed it reachable,[Free fallback relay: reachable — connection may be slower than usual]
client.diag_relay_fail,Connection diagnostics line when the TURN relay probe fails,[⚠ Relay server unreachable — this network may block relay traffic]
client.diag_stage,"Connection diagnostics stage line. {attempt} is the attempt number, {ice} the ICE connection state, {types} the candidate types gathered",[attempt {attempt} — ICE: {ice} — candidates: {types}]
client.diag_none,Connection diagnostics placeholder when no ICE candidates have been gathered yet,[none]
client.diag_ws_relay,"Connection diagnostics line when this network blocked a direct link entirely and the join service is carrying the game itself. Works, but every message takes a longer road",[⚠ No direct link on this network — the join service is carrying the game. Expect more lag.]
client.diag_transport_pinned,"Connection diagnostics line when the join link deliberately restricted which transport may be used. {mode} is the mode name from the URL (direct, turn, ws-relay). A failure here may be the pin's fault rather than the network's",[Transport pinned to {mode} by this link — remove it to try every route.]
client.diag_selected,"Connection diagnostics line naming the route the connection actually took. {local} and {remote} are candidate types (host, srflx, relay), {relay} the relay server's address when one carried it",[route: {local} → {remote} via {relay}]
client.diag_relay_shedding,"Connection diagnostics line when the link cannot keep up and snapshot updates are being dropped. Commands still arrive. {n} is how many have been dropped",[⚠ Dropping display updates ({n}) — commands still get through.]
client.diag_copy,Button under the connection diagnostics that copies the whole readout for pasting into a bug report,[Copy diagnostics]
client.diag_copied,Confirmation shown on the copy-diagnostics button once the readout is on the clipboard,[Copied]
server.client_ws_relay,"Host lobby line for a crew member whose network blocked a direct link, so the join service is carrying their traffic. {id} is the client short id",[client {id}…: no direct link — carried by the join service]
server.client_relay_shedding,"Host lobby line for a crew member whose link cannot keep up, so display updates are being dropped on the way to them. Commands still arrive. Shown ALONGSIDE the transport line, not instead of it. {id} is the client short id, {n} how many updates have been dropped",[client {id}…: dropping display updates ({n}) — commands still get through]
server.transport_pinned,"Host viewscreen connection diagnostics when this host was started with a transport restriction in its URL. {mode} is the mode name (direct, turn, ws-relay)",[Transport pinned to {mode} on this host — remove it to try every route.]
server.diag_copy,Button under the host viewscreen connection diagnostics that copies the whole readout for pasting into a bug report,[Copy diagnostics]
server.diag_copied,Confirmation shown on the host copy-diagnostics button once the readout is on the clipboard,[Copied]
client.doc_title,Browser-tab title of the client console page,[Project Phoenix — Console]
entity.alliance_courier.behaviour.doctrine.destroy_hostiles.text,assets/entities/alliance_courier.toml → [behaviour.doctrine] text,[Engage and destroy hostile ships]
entity.alliance_courier.behaviour.doctrine.hold_station.text,assets/entities/alliance_courier.toml → [behaviour.doctrine] text,Hold station
entity.alliance_destroyer.behaviour.doctrine.destroy_hostiles.text,assets/entities/alliance_destroyer.toml → [behaviour.doctrine] text,[Engage and destroy hostile ships]
entity.alliance_destroyer.behaviour.doctrine.hold_station.text,assets/entities/alliance_destroyer.toml → [behaviour.doctrine] text,Hold station
entity.alliance_cruiser.behaviour.doctrine.destroy_hostiles.text,assets/entities/alliance_cruiser.toml → [behaviour.doctrine] text,[Engage and destroy hostile ships]
entity.alliance_cruiser.behaviour.doctrine.hold_station.text,assets/entities/alliance_cruiser.toml → [behaviour.doctrine] text,Hold station
entity.alliance_battleship.behaviour.doctrine.destroy_hostiles.text,assets/entities/alliance_battleship.toml → [behaviour.doctrine] text,[Engage and destroy hostile ships]
entity.alliance_battleship.behaviour.doctrine.hold_station.text,assets/entities/alliance_battleship.toml → [behaviour.doctrine] text,Hold station
world.probe_targeted_pass.trigger.action.obj_destroy_target.text,assets/worlds/probe_targeted_pass.toml → [trigger.action] text,[Destroy the Harrow warship.]
world.probe_huge_rock.trigger.action.obj_cross_the_belt.text,assets/worlds/probe_huge_rock.toml → [trigger.action] text,[Cross the belt and return.]
chatter.sender.sensors,Coordination chatter/popup — sender label for the Sensors system,Sensors
chatter.sender.weapons,Coordination chatter/popup — sender label for the Weapons/Tactical system,Weapons
chatter.sender.navigation,Coordination chatter/popup — sender label for the Navigation system,Navigation
chatter.sender.power,Coordination chatter/popup — sender label for the Power system,Power
chatter.sender.shields,Coordination chatter/popup — sender label for the Shields system,Shields
chatter.sender.ai,Coordination chatter/popup — generic sender label when the origin system is unnamed,AI
chatter.addressee.core,Coordination chatter — sender label for a system the ship's Core owns (belongs to no station),Core
chatter.addressee.ship,Coordination chatter/popup — undecorated destination label for a ship-wide advisory; the route layout supplies brackets,Ship
coordination.advisory.fallback_title,Coordination popup — title for a bare advisory that carries no sender label,Advisory
coordination.alert.fallback_title,Coordination popup — title for an alert that carries no title of its own,Alert
coordination.frequency_hint.title,"Coordination popup/chatter — Sensors-to-Tactical shield-frequency hint, title",Frequency Hint
coordination.frequency_hint.body,Coordination popup/chatter — frequency-hint body. {frequency} is the target's shield frequency,Tune to: {frequency}
coordination.shield.fallback_label,Coordination popup/chatter — placeholder shield-facing name when none is supplied,Shield
coordination.system.fallback_label,Coordination popup/chatter — placeholder system name when none is supplied,System
coordination.shield_offline.title,Coordination popup/chatter — a shield facing has gone offline. {label} is the facing name,{label} Offline
coordination.shield_restored.title,Coordination popup/chatter — a shield facing has recovered. {label} is the facing name,{label} Restored
coordination.target_designation.title,Coordination popup/chatter — Sensors designates a target for Tactical. {label} is the target name,Sensors designates: {label}
coordination.arc_bearing.title,Coordination popup/chatter — Weapons asks Helm to bring a weapon family to bear. {weapon} is the family name,"Tactical: come about, bring {weapon} to bear"
coordination.arc_withdraw.title,Coordination popup/chatter — Weapons withdraws a standing arc-bearing request. {weapon} is the family name,Belay that — {weapon} no longer able to bear
coordination.weapon_family.phasers,"Coordination popup/chatter — weapon family name, phasers",phasers
coordination.weapon_family.blasters,"Coordination popup/chatter — weapon family name, blasters",blasters
coordination.weapon_family.torpedoes,"Coordination popup/chatter — weapon family name, torpedoes",torpedoes
coordination.power_brownout.title,Coordination popup/chatter — a power group is browning out. {label} is the affected system,{label} Power Brownout
coordination.power_brownout.body,Coordination popup/chatter — power-brownout body. {level} is the allocated power level,Allocation: {level}
coordination.navigate.title,Coordination popup/chatter — Navigation clears Helm toward a waypoint. {x} and {z} are the waypoint coordinates,"Navigation: steer toward waypoint ({x}, {z})"
coordination.repair.title,Coordination popup/chatter — a system needs repair. {label} is the station or system name,Repair requested: {label}
coordination.system_destroyed.title,Coordination popup/chatter — a System reached Destroyed. {label} is its authored display name,System Destroyed: {label}
coordination.system_destroyed.body,Coordination popup/chatter — destroyed-System alert body. {label} is its authored display name,{label} destroyed.
coordination.threat_bearing.title,"Coordination popup/chatter — Sensors warns Shields of a threat. {deg} is the bearing in degrees and {distance} is range in metres","Sensors: threat bearing {deg}° — Hostile closing, range {distance}m, bearing {deg}°"
coordination.intent.target_acquired,Coordination popup — an AI seat took a target. Intent-advisory title,Target acquired
coordination.intent.target_switched,Coordination popup — an AI seat switched targets. Intent-advisory title,Switching target
coordination.intent.combat_posture_entered,Coordination popup — an AI seat entered combat posture. Intent-advisory title,Combat posture
coordination.intent.combat_posture_left,Coordination popup — an AI seat left combat posture. Intent-advisory title,Standing down
coordination.intent.breaking_off,Coordination popup — an AI seat is breaking off. Intent-advisory title,Breaking off
coordination.intent.shield_arc_focused,Coordination popup — an AI seat concentrated the shields on one facing. Intent-advisory title,Focusing shields
coordination.intent.power_brownout,Coordination popup — an AI seat reports a power brownout. Intent-advisory title,Power brownout
coordination.intent.manoeuvre_begun,Coordination popup — an AI seat began a manoeuvre. Intent-advisory title,Manoeuvring
server.mod_pack_applied_packs,Host scenario picker — heading above the list of currently-applied mod packs,[Applied packs]
server.mod_pack_row,"Host scenario picker — one applied mod pack row. {name} is the pack display name, {version} its version, {count} the number of files it carries",[{name} {version} — {count} files]
server.mod_pack_move_up,Host scenario picker — button that moves an applied mod pack earlier in load order (lower precedence),[Up]
server.mod_pack_move_down,"Host scenario picker — button that moves an applied mod pack later in load order (higher precedence, wins conflicts)",[Down]
server.mod_pack_remove,Host scenario picker — button that removes an applied mod pack from the stack,[Remove]
server.mod_pack_conflicts,Host scenario picker — heading above the list of authored paths carried by more than one applied mod pack,[Path conflicts]
server.mod_pack_conflict_entry,"Host scenario picker — one path conflict line. {path} is the authored path, {winner} the pack id that wins it, {losers} the shadowed pack ids","[{path}: {winner} wins, shadows {losers}]"
server.mod_pack_findings,Host scenario picker — heading above the validation findings from the last mod-pack upload,[Findings]
server.game_over.ship_destroyed,Game-over overlay / viewscreen HUD — the player's ship was destroyed. Emitted as an id by the built-in death sites (issue #977),Ship Destroyed
power.group.helm,"Power console / chatter — display label for the helm power group (issue #977). Emitted by power_group_label, resolved via localiseTree",HELM
power.group.weapons,Power console / chatter — display label for the weapons power group (issue #977),WEAPONS
power.group.shields,Power console / chatter — display label for the shields power group (issue #977),SHIELDS
power.group.unknown,Power console / chatter — fallback label for an unrecognised power group id (issue #977),UNKNOWN
shield.facing.all,Shield console / chatter — default facing label for a single-arc grid (issue #977),All
shield.facing.fore,"Shield console / chatter — default facing label, forward arc (issue #977)",Fore
shield.facing.aft,"Shield console / chatter — default facing label, aft arc (issue #977)",Aft
shield.facing.port,"Shield console / chatter — default facing label, port arc (issue #977)",Port
shield.facing.starboard,"Shield console / chatter — default facing label, starboard arc (issue #977)",Starboard
shield.facing.arc_0,"Shield console / chatter — default facing label for the 5+-arc legacy constructor, arc 0 (issue #977)",Arc 0
shield.facing.arc_1,"Shield console / chatter — default facing label for the 5+-arc legacy constructor, arc 1 (issue #977)",Arc 1
shield.facing.arc_2,"Shield console / chatter — default facing label for the 5+-arc legacy constructor, arc 2 (issue #977)",Arc 2
shield.facing.arc_3,"Shield console / chatter — default facing label for the 5+-arc legacy constructor, arc 3 (issue #977)",Arc 3
shield.facing.arc_4,"Shield console / chatter — default facing label for the 5+-arc legacy constructor, arc 4 (issue #977)",Arc 4
shield.facing.arc_5,"Shield console / chatter — default facing label for the 5+-arc legacy constructor, arc 5 (issue #977)",Arc 5
shield.facing.arc_6,"Shield console / chatter — default facing label for the 5+-arc legacy constructor, arc 6 (issue #977)",Arc 6
shield.facing.arc_7,"Shield console / chatter — default facing label for the 5+-arc legacy constructor, arc 7 (issue #977)",Arc 7
component.deadlines.empty,Deadline countdown panel when the mission has authored no visible deadlines (issue #1024),[NO MISSION DEADLINES]
component.deadlines.heading,Deadline countdown panel — heading above the list of visible mission deadlines (issue #1024),[MISSION CLOCK]
component.deadlines.fired,Deadline countdown panel — shown in place of the countdown once a deadline's time has run out (issue #1024),[TIME UP]
component.deadlines.cancelled,Deadline countdown panel — shown in place of the countdown once the mission has called a deadline off (issue #1024),[STOOD DOWN]
world.probe_deadlines.deadline.window_opens.label,assets/worlds/probe_deadlines.toml → [deadline] label,[Transfer window opens]
world.probe_deadlines.deadline.stabiliser_failure.label,assets/worlds/probe_deadlines.toml → [deadline] label,[Stabiliser failure]
world.probe_deadlines.deadline.first_warning.label,assets/worlds/probe_deadlines.toml → [deadline] label,[First warning]
world.probe_narrative.global.title,assets/worlds/probe_narrative.toml → [global] title,[Narrative timeline probe]
world.probe_narrative.global.description,assets/worlds/probe_narrative.toml → [global] description,[A probe world that authors one of every mission-timeline beat (issue #1338).]
world.probe_narrative.entity.lyra.name,assets/worlds/probe_narrative.toml → [[entity]] name,[Lyra Ascending]
world.probe_narrative.report.lyra.heading,"Post-mission report row heading in the #1344 probe world",[Lyra Ascending]
world.probe_narrative.report.lyra.saved,"Post-mission report row outcome in the #1344 probe world — the crew answered and she came through",[Answered and came through.]
world.probe_narrative.game_over.closed,"Ending reason for the #1344 probe world — declared a defeat, and still report-bearing",[The probe window closed.]
world.probe_narrative.entity.wreck.name,assets/worlds/probe_narrative.toml → [[entity]] name,[Derelict hauler]
world.probe_narrative.deadline.window_opens.label,assets/worlds/probe_narrative.toml → [deadline] label,[Transfer window opens]
world.probe_narrative.objective.hold_the_channel,assets/worlds/probe_narrative.toml → add_objective text,[Hold the channel open]
world.probe_narrative.objective.log_the_wreck,assets/worlds/probe_narrative.toml → add_objective text,[Log the wreck]
world.probe_narrative.objective.sound_off,assets/worlds/probe_narrative.toml → add_objective text,[Sound off]
world.probe_narrative.comms.lyra_hails,assets/worlds/probe_narrative.toml → comms node message,[Lyra Ascending: we are still on the ladder. Are you receiving?]
world.probe_narrative.comms.stand_by,assets/worlds/probe_narrative.toml → comms response text,[Receiving you. Stand by.]
world.probe_narrative.computer_message.debris,assets/worlds/probe_narrative.toml → show_message text (issue #1342),[Debris field detected on approach.]
world.probe_narrative.computer_message.charge,assets/worlds/probe_narrative.toml → show_message text (issue #1342),[Tactical charge nearing safety threshold.]
world.probe_narrative.computer_message.wreck_cleared,assets/worlds/probe_narrative.toml → show_message text (issue #1342),[Derelict cleared from the approach lane.]
system_hull.power_reactor.display_name,Shared hull component display name — the ship's reactor. Shared by every hull carrying that component,Power Reactor
system_hull.power_battery.display_name,Shared hull component display name — the ship's battery. Shared by every hull carrying that component,Power Battery
system_hull.core.display_name,Shared hull component display name — the ship's core. Shared by every hull carrying that component,Core
entity.asteroid.name,Shared entity name for every asteroid variant (assets/entities/asteroid_*.toml),Asteroid
tractor.refused.no_lock,"Tractor-beam refusal — Tactical holds no lock, so the beam has nothing to grip (issue #1156)","[No lock — designate a target on Tactical.]"
tractor.refused.out_of_range,"Tractor-beam refusal — the locked target is past the beam's authored range (issue #1156)","[Out of range — close on the target.]"
tractor.refused.unpowered,"Tractor-beam refusal — the tractor's power group is below its authored minimum level (issue #1156)","[Insufficient power allocated.]"
tractor.refused.disabled,"Tractor-beam refusal — the tractor system is damaged to Disabled (issue #1156)","[Tractor disabled.]"
console.engineering.tractor,"Engineering console — Tractor panel heading (issue #1156)","[Tractor]"
console.tractor.engage,"Engineering console — Tractor engage button (issue #1156)","[Engage]"
console.tractor.release,"Engineering console — Tractor release button (issue #1156)","[Release]"
console.tractor.idle,"Engineering console — Tractor status when the beam is idle and holding nothing (issue #1156)","[Idle]"
console.tractor.holding,"Engineering console — Tractor status prefix when the beam is holding a target (issue #1156)","[Holding]"
console.tractor.range,"Engineering console — Tractor range readout label (issue #1156)","[Range]"
dock.refused.no_markers,"Dock refusal — the hull (or the target) declares no dock markers, so nothing can mate (issue #1159)","[No dock markers on this hull.]"
dock.refused.no_target,"Dock refusal — no hull carrying dock markers is within the authored dock range (issue #1159)","[No berth in range.]"
dock.refused.out_of_range,"Dock refusal — the dock-marker pair drifted past the authored range while forming or held (issue #1159)","[Drifted out of dock range.]"
dock.refused.unpowered,"Dock refusal — the dock's power group is below its authored minimum level (issue #1159)","[Insufficient power allocated.]"
dock.refused.disabled,"Dock refusal — the dock system is damaged to Disabled (issue #1159)","[Dock disabled.]"
dock.refused.target_lost,"Dock refusal — the docked hull no longer exists (issue #1159)","[Berth lost.]"
console.dock.dock,"Helm console — Dock button (issue #1159)","[Dock]"
console.dock.undock,"Helm console — Undock button (issue #1159)","[Undock]"
console.dock.available,"Helm console — dock status when a berth is in range (issue #1159)","[Berth in range]"
console.dock.docked,"Helm console — dock status prefix when the two hulls are mated (issue #1159)","[Docked]"
repair.dispatch.refused.no_free_team,"External repair-dispatch refusal — every repair team is already out on a job or spoken for, so none is free to send abroad (issue #1161)","[No team free to dispatch.]"
repair.dispatch.refused.no_target,"External repair-dispatch refusal — the ship has designated no target, so there is nowhere to send a team (issue #1161)","[No target — designate an ally or structure.]"
repair.dispatch.refused.out_of_range,"External repair-dispatch refusal — the designated target is past the authored dispatch range (issue #1161)","[Out of range — close on the target.]"
repair.dispatch.refused.team_busy,"External repair-dispatch refusal — the named repair team is already out on an internal job, so it cannot cross over (issue #1386)","[That team is busy — pick another.]"
repair.dispatch.refused.already_abroad,"External repair-dispatch refusal — another repair team already holds the ship's one field-repair claim; recall it before sending a second (issue #1386)","[Another team is already abroad — recall it first.]"
console.repair.dispatch,"Repair console — External repair-dispatch panel heading (issue #1161)","[Field Repair]"
console.repair.dispatch.send,"Repair console — button that dispatches a repair team to the designated target (issue #1161)","[Dispatch]"
console.repair.dispatch.recall,"Repair console — button that recalls a dispatched repair team home (issue #1161)","[Recall]"
console.repair.dispatch.idle,"Repair console — external-dispatch status when no team is working abroad (issue #1161)","[No team dispatched]"
console.repair.dispatch.working,"Repair console — external-dispatch status prefix when a team is working a target abroad (issue #1161)","[Working]"
console.repair.dispatch.range,"Repair console — external-dispatch range readout label (issue #1161)","[Reach]"
umbilical.refused.undocked,"Transfer-umbilical refusal — the umbilical is not docked to anything, so there is nothing to bridge (issue #1160)","[Not docked — the umbilical bridges nothing.]"
umbilical.refused.unpowered,"Transfer-umbilical refusal — the umbilical's power group is below its authored minimum level (issue #1160)","[Insufficient power allocated.]"
umbilical.refused.disabled,"Transfer-umbilical refusal — the umbilical system is damaged to Disabled (issue #1160)","[Umbilical disabled.]"
umbilical.refused.no_capacity,"Transfer-umbilical refusal — a docked end carries no capacity under the authored id, most often the partner (issue #1160)","[Nothing to transfer here.]"
console.engineering.umbilical,"Engineering console — Umbilical panel heading (issue #1160)","[Umbilical]"
console.umbilical.start,"Engineering console — Umbilical start button (issue #1160)","[Start]"
console.umbilical.stop,"Engineering console — Umbilical stop button (issue #1160)","[Stop]"
console.umbilical.idle,"Engineering console — Umbilical status when the flow is idle (issue #1160)","[Idle]"
console.umbilical.flowing,"Engineering console — Umbilical status when the flow is running (issue #1160)","[Flowing]"
console.umbilical.rate,"Engineering console — Umbilical rate readout label (issue #1160)","[Rate]"
console.umbilical.levels,"Engineering console — Umbilical both-ends level readout label, operator then partner (issue #1160)","[Levels]"
component.scan.heading,"Science scan readout — heading above the last sensor reading (issue #1032)","[SENSOR RETURN]"
component.scan.none,"Science scan readout when the hull carries no survey suite at all (issue #1032)","[NO SURVEY SUITE]"
component.scan.idle,"Science scan readout when the suite is fitted and nothing has been read yet (issue #1032)","[NOTHING SCANNED]"
component.scan.take,"Science scan readout — button that reads the selected contact (issue #1032)","[TAKE READING]"
component.scan.condition,"Science scan readout — row label for the subject's structural condition, derived from its condition track (issue #1032)","[Structural condition]"
component.scan.mass,"Science scan readout — row label for the subject's authored mass, content identity rather than a live measurement (issue #1154)","[Mass]"
component.scan.flag.held,"Science scan readout — value shown for an operational flag the subject is still holding (issue #1032)","[Nominal]"
component.scan.flag.down,"Science scan readout — value shown for an operational flag the subject has dropped (issue #1032)","[Failed]"
scan.refusal.not_capable,"Scan refusal — this hull authored no survey suite (issue #1032)","[This hull carries no survey suite.]"
scan.refusal.no_such_target,"Scan refusal — nothing in the world answers to the contact the console named (issue #1032)","[Contact lost.]"
scan.refusal.no_readable_condition,"Scan refusal — the contact carries nothing structural the suite can read (issue #1032)","[Nothing structural to read on that contact.]"
scan.refusal.out_of_range,"Scan refusal — the contact is past the coarsest authored band (issue #1032)","[Out of sensor range — close on the contact.]"
scan.refusal.underpowered,"Scan refusal — the sensor bus is below its authored power level or the grid is locked out (issue #1032)","[Insufficient power to the sensor bus.]"
scan.refusal.blinded,"Scan refusal — interference has pushed the return past the coarsest band (issue #1032)","[Interference — the return is noise.]"
entity.alliance_destroyer.scan.band.detailed.label,"assets/entities/alliance_destroyer.toml -> [[scan.band]] label","[Detailed Survey]"
entity.alliance_destroyer.scan.band.coarse.label,"assets/entities/alliance_destroyer.toml -> [[scan.band]] label","[Coarse Sweep]"
world.probe_scan.entity.skyway_depot.name,assets/worlds/probe_scan.toml -> [[entity]] name,[Skyway Transfer Depot]
world.probe_scan.entity.sealed_depot.name,assets/worlds/probe_scan.toml -> [[entity]] name,[Sealed Depot]
world.probe_scan.entity.lonely_beacon.name,assets/worlds/probe_scan.toml -> [[entity]] name,[Lonely Beacon]
world.probe_scan.capacity.berths.label,assets/worlds/probe_scan.toml -> [[entity.overrides.infrastructure.capacity]] label,[Berths]
world.probe_scan.threshold.transfer_capable.label,assets/worlds/probe_scan.toml -> [[entity.overrides.infrastructure.threshold]] label,[Transfer arm]
world.probe_stabilise.entity.tender.name,assets/worlds/probe_stabilise.toml -> [[entity]] name,[Tender]
world.probe_operations.entity.tug.name,assets/worlds/probe_operations.toml -> [[entity]] name,[Tug]
world.probe_operations.entity.hulk.name,assets/worlds/probe_operations.toml -> [[entity]] name,[Derelict Hauler]
world.probe_operations.entity.outrider.name,assets/worlds/probe_operations.toml -> [[entity]] name,[Outrider]
world.probe_operations.entity.convoy.name,assets/worlds/probe_operations.toml -> [[entity]] name,[Convoy Hauler]
world.probe_operations.entity.tender.name,assets/worlds/probe_operations.toml -> [[entity]] name,[Transfer Tender]
world.probe_operations.entity.berth.name,assets/worlds/probe_operations.toml -> [[entity]] name,[Berth Depot]
world.probe_operations.entity.sister.name,assets/worlds/probe_operations.toml -> [[entity]] name,[Sister Ship]
world.probe_operations.entity.depot_clear.name,assets/worlds/probe_operations.toml -> [[entity]] name,[Clearwater Depot]
world.probe_operations.entity.packhorse.name,assets/worlds/probe_operations.toml -> [[entity]] name,[Packhorse]
world.probe_operations.entity.depot_storm.name,assets/worlds/probe_operations.toml -> [[entity]] name,[Stormside Depot]
world.probe_operations.entity.storm.name,assets/worlds/probe_operations.toml -> [[entity]] name,[Radiation Storm Band]
world.probe_stabilise.entity.skyhook.name,assets/worlds/probe_stabilise.toml -> [[entity]] name,[Skyhook]
world.probe_tractor.entity.derelict.name,assets/worlds/probe_tractor.toml -> [[entity]] name,[Derelict Hulk]
world.probe_held_response.entity.structure.name,assets/worlds/probe_held_response.toml -> [[entity]] name,[Stricken Platform]
world.probe_external_repair.entity.ally.name,assets/worlds/probe_external_repair.toml -> [[entity]] name,[Allied Depot]
entity.repair_tender.station.engineering.description,"Repair tender Engineering station description (issue #1161)","[Engineering — repair teams and field dispatch.]"
entity.tractor_tug.power_groups.tractor.label,"Tractor tug power-group label for the tractor group (issue #1156)","[Tractor]"
entity.tractor_tug.station.engineering.description,"Tractor tug Engineering station description (issue #1156)","[Engineering — power and the tractor beam.]"
world.probe_dock.entity.berth.name,assets/worlds/probe_dock.toml -> [[entity]] name,[Dock Berth]
entity.dock_probe.power_groups.dock.label,"Dock probe power-group label for the dock group (issue #1159)","[Dock]"
entity.dock_probe.station.helm.description,"Dock probe Helm station description (issue #1159)","[Helm — flies the ship and works the dock.]"
world.probe_umbilical.entity.depot.name,assets/worlds/probe_umbilical.toml -> [[entity]] name,[Supply Depot]
world.probe_operations.entity.derelict.name,assets/worlds/probe_operations.toml -> [[entity]] name,[Derelict Hulk]
world.probe_operations.entity.depot.name,assets/worlds/probe_operations.toml -> [[entity]] name,[Supply Depot]
world.probe_operations.entity.ally.name,assets/worlds/probe_operations.toml -> [[entity]] name,[Allied Depot]
entity.umbilical_probe.power_groups.dock.label,"Umbilical probe power-group label for the dock group (issue #1160)","[Dock]"
entity.umbilical_probe.power_groups.umbilical.label,"Umbilical probe power-group label for the umbilical group (issue #1160)","[Umbilical]"
entity.umbilical_probe.station.helm.description,"Umbilical probe Helm station description (issue #1160)","[Helm — flies the ship and works the dock.]"
entity.umbilical_probe.station.engineering.description,"Umbilical probe Engineering station description (issue #1160)","[Engineering — power and the transfer umbilical.]"
component.civilians.heading,"Civilian traffic panel on the Navigation console — heading above the list of civilian craft (issue #1028)","[TRAFFIC]"
component.civilians.empty,"Civilian traffic panel when the world carries no civilian craft (issue #1028)","[NO CIVILIAN TRAFFIC]"
component.civilians.compliance.unordered,"Civilian traffic panel — the craft is under no order and flying its own lane (issue #1028)","[ON LANE]"
component.civilians.compliance.received,"Civilian traffic panel — an order has reached the craft and it has not answered yet (issue #1028)","[HAILED]"
component.civilians.compliance.acknowledged,"Civilian traffic panel — the craft has answered the order but has not acted on it yet (issue #1028)","[ACK]"
component.civilians.compliance.complying,"Civilian traffic panel — the craft is doing as it was asked (issue #1028)","[COMPLYING]"
component.civilians.compliance.non_compliant,"Civilian traffic panel — the craft agreed and then could not carry the order out (issue #1028)","[STUCK]"
component.civilians.compliance.refused,"Civilian traffic panel — the craft declined the order and carried on with its own lane (issue #1028)","[REFUSED]"
civilian.compliance.reason.declined,"Reason a civilian gives for refusing an order when its disposition authors none of its own (issue #1028)","[Not able to oblige.]"
civilian.compliance.reason.unable,"Reason shown when a civilian accepted an order and the world then made it impossible — the dock is gone, the lane resolves nowhere (issue #1028)","[Unable to comply.]"
civilian.order.rejected.unknown_target,"Navigation console feedback when an order names a craft this world does not have (issue #1028)","[No such craft.]"
civilian.order.rejected.malformed,"Navigation console feedback when an order is malformed — a divert naming both a route and an anchor, or neither (issue #1028)","[Order not understood.]"
entity.ship_civilian_hauler.name,assets/entities/ship_civilian_hauler.toml → name (top level),[Civilian Hauler]
entity.ship_civilian_hauler.target.description,assets/entities/ship_civilian_hauler.toml → [target] description,[Bulk hauler. Unarmed. Running a contracted lane.]
world.entity.probe_depot.name,assets/worlds/probe_civilian_traffic.toml -> [[entity]] name,[Probe Depot]
world.entity.hauler_kestrel.name,assets/worlds/probe_civilian_traffic.toml -> [[entity]] name,[Kestrel]
world.entity.hauler_wren.name,assets/worlds/probe_civilian_traffic.toml -> [[entity]] name,[Wren]
world.entity.hauler_teal.name,assets/worlds/probe_civilian_traffic.toml -> [[entity]] name,[Teal]
world.entity.hauler_gull.name,assets/worlds/probe_civilian_traffic.toml -> [[entity]] name,[Gull]
world.probe_civilian_traffic.wren.refusal,"Reason the Wren gives for refusing a divert in the #1028 probe world","[Contracted lane. Not diverting.]"
world.probe_commitments.deadline.records_deadline.label,assets/worlds/probe_commitments.toml -> [[deadline]] label,[Records hearing convenes]
world.probe_commitments.commitment.safe_passage.terms,"Terms of the safe-passage promise in the #1029 probe world","[Safe passage for the strike committee's people]"
world.probe_commitments.commitment.safe_passage.resolves,"What counts as keeping the safe-passage promise in the #1029 probe world","[They are clear of the skyway]"
world.probe_commitments.commitment.surface_records.terms,"Terms of the surface-the-records promise in the #1029 probe world","[The maintenance records go to the hearing]"
world.probe_commitments.commitment.surface_records.resolves,"What counts as keeping the surface-the-records promise in the #1029 probe world","[The hearing has them before it convenes]"
world.probe_commitments.comms.committee_calls,"Body of the committee's follow-up hail in the #1029 probe world","[Committee to Phoenix. Where do we stand?]"
world.probe_commitments.comms.stall,"Response text — stalling the committee, always offered, in the #1029 probe world","[Nothing to report yet.]"
world.probe_commitments.comms.honour_word,"Response text — offered ONLY while the safe-passage promise is still owed, in the #1029 probe world","[You have my word, and I mean to keep it.]"
component.dossier.heading,"Dossier panel on the destroyer tactical console — heading over the subject list (issue #1030)","[INTEL FILES]"
component.dossier.empty,"Dossier panel when this crew hold no files at all (issue #1030)","[NO FILES]"
component.dossier.back,"Dossier fact sheet — returns to the subject list, leaving the overlay open (issue #1030)","[← FILES]"
component.dossier.select_prompt,"Dossier panel — the sheet pane on desktop before any subject is picked, beside the always-visible list (issue #1382)","[SELECT A SUBJECT]"
component.dossier.nothing_on_file,"Dossier panel — a subject exists and nothing is known about it yet; shown in the list and on the sheet (issue #1030)","[NOTHING ON FILE]"
component.dossier.gathered,"Dossier fact sheet — heading over the entries this crew gathered themselves, as distinct from what they were given (issues #1030/#1031)","[GATHERED]"
component.dossier.yes,"Dossier fact sheet — a yes/no fact that holds (issue #1030)","[YES]"
component.dossier.no,"Dossier fact sheet — a yes/no fact that does not hold (issue #1030)","[NO]"
component.dossier.provenance.scan,"Dossier evidence — learned from a sensor scan (issue #1031)","[FROM SCAN]"
component.dossier.provenance.dialogue,"Dossier evidence — learned from something somebody said (issue #1031)","[FROM DIALOGUE]"
component.dossier.provenance.records,"Dossier evidence — learned by comparing records (issue #1031)","[FROM RECORDS]"
component.dossier.provenance.briefing,"Dossier evidence — learned from the mission briefing (issue #1031)","[FROM BRIEFING]"
dossier.fact.faction,"Dossier fact label — which faction the subject belongs to (issue #1030)","[Affiliation]"
dossier.fact.comms,"Dossier fact label — whether the subject is inside comms range right now (issue #1030)","[In hailing range]"
dossier.fact.condition,"Dossier fact label — the subject structure's condition (issue #1030)","[Condition]"
dossier.fact.commitment_open,"Dossier fact label — a promise made to this party and still owed (issue #1030)","[Promised]"
dossier.fact.commitment_kept,"Dossier fact label — a promise made to this party and kept (issue #1030)","[Promise kept]"
dossier.fact.commitment_broken,"Dossier fact label — a promise made to this party and broken (issue #1030)","[Promise broken]"
faction.alliance.display_name,"assets/factions/alliance.toml -> display_name","[Alliance]"
faction.harrow.display_name,"assets/factions/harrow.toml -> display_name","[Harrow]"
faction.pirate.display_name,"assets/factions/pirate.toml -> display_name","[Raiders]"
faction.requiem.display_name,"assets/factions/requiem.toml -> display_name","[Requiem]"
world.probe_dossier.entity.skyway_control.name,"assets/worlds/probe_dossier.toml -> [[entity]] name","[Skyway Control]"
world.probe_dossier.entity.strike_committee.name,"assets/worlds/probe_dossier.toml -> [[entity]] name","[Strike Committee]"
world.probe_dossier.entity.skyway_depot.name,"assets/worlds/probe_dossier.toml -> [[entity]] name","[Skyway Depot]"
world.probe_dossier.entity.sealed_depot.name,"assets/worlds/probe_dossier.toml -> [[entity]] name","[Sealed Depot]"
world.probe_dossier.entity.lonely_beacon.name,"assets/worlds/probe_dossier.toml -> [[entity]] name","[Marker Beacon]"
world.probe_dossier.capacity.berths.label,"Crew-facing label for the berths capacity in the #1030 probe world","[Berths]"
world.probe_dossier.threshold.transfer_capable.label,"Crew-facing label for the transfer-arm operational flag in the #1030 probe world","[Transfer arm serviceable]"
world.probe_dossier.commitment.safe_passage.terms,"Terms of the safe-passage promise in the #1030 probe world","[Safe passage for the committee's people]"
world.probe_dossier.commitment.safe_passage.resolves,"What counts as keeping the safe-passage promise in the #1030 probe world","[They are clear of the skyway]"
world.probe_destroy.entity.tender.name,assets/worlds/probe_destroy.toml -> [[entity]] name,[Tender]
world.probe_destroy.entity.skyhook.name,assets/worlds/probe_destroy.toml -> [[entity]] name,[Skyhook]
world.probe_destroy.deadline.skyhook_collapse.label,assets/worlds/probe_destroy.toml -> [[deadline]] label,[Skyhook collapse]
world.probe_destroy.objective.hold_skyhook.text,"Objective text — the skyhook the crew is meant to keep standing, in the #1033 probe world","[Hold the skyhook.]"
world.probe_destroy.objective.clear_band.text,"Objective text — the storm bands the sweep retires, in the #1033 probe world","[Clear the storm band.]"
entity.skyhook.name,assets/entities/skyhook.toml -> name (top level),[Orbital Skyhook]
entity.skyhook.target.description,assets/entities/skyhook.toml -> [target] description,"[The orbital head of a planetary tether. Lifts freight and people between the surface and the sky.]"
entity.skyhook.capacity.transfer_berths.label,assets/entities/skyhook.toml -> [[infrastructure.capacity]] label,[Transfer berths]
entity.skyhook.capacity.climber_load.label,assets/entities/skyhook.toml -> [[infrastructure.capacity]] label,[Souls per climber]
entity.skyhook.threshold.lift_capable.label,assets/entities/skyhook.toml -> [[infrastructure.threshold]] label,[Certified to lift]
entity.skyhook.threshold.tether_stable.label,assets/entities/skyhook.toml -> [[infrastructure.threshold]] label,[Tether stable]
world.falling_skyway.global.title,assets/worlds/falling_skyway.toml -> [global] title,[Falling Skyway]
world.falling_skyway.global.description,assets/worlds/falling_skyway.toml -> [global] description,"[A skyhook over a city of forty million, and it is coming apart. Three parties need the same two berths. The corridor does not stop while you decide.]"
world.falling_skyway.available_ships.0.label,assets/worlds/falling_skyway.toml -> [[available_ships]] label,[Alliance Destroyer]
world.falling_skyway.entity.skyhook.name,assets/worlds/falling_skyway.toml -> [[entity]] name,[Skyhook Verrow]
world.falling_skyway.entity.depot_ladder_a.name,assets/worlds/falling_skyway.toml -> [[entity]] name,[Ladder Depot A]
world.falling_skyway.entity.depot_ladder_b.name,assets/worlds/falling_skyway.toml -> [[entity]] name,[Ladder Depot B]
world.falling_skyway.entity.skyway_control.name,assets/worlds/falling_skyway.toml -> [[entity]] name,[Skyway Control]
world.falling_skyway.entity.strike_committee.name,assets/worlds/falling_skyway.toml -> [[entity]] name,[Strike Committee]
world.falling_skyway.entity.havelock_cutter.name,assets/worlds/falling_skyway.toml -> [[entity]] name,[Havelock Cutter]
world.falling_skyway.entity.havelock_enforcer.name,"assets/worlds/falling_skyway.toml -> Havelock's hired security picket. [bracketed]: unapproved copy",[HAVELOCK PICKET]
world.falling_skyway.entity.convoy_meridian.name,assets/worlds/falling_skyway.toml -> [[entity]] name,[Convoy Meridian]
world.falling_skyway.entity.hauler_lark.name,assets/worlds/falling_skyway.toml -> [[entity]] name,[Hauler Lark]
world.falling_skyway.entity.hauler_pell.name,assets/worlds/falling_skyway.toml -> [[entity]] name,[Hauler Pell]
world.falling_skyway.entity.shuttle_wick.name,assets/worlds/falling_skyway.toml -> [[entity]] name,[Shuttle Wick]
world.falling_skyway.capacity.fuel_lift.label,assets/worlds/falling_skyway.toml -> [[entity.overrides.infrastructure.capacity]] label,[Fuel lift per window]
world.falling_skyway.threshold.pumping.label,assets/worlds/falling_skyway.toml -> [[entity.overrides.infrastructure.threshold]] label,[Pumping]
world.falling_skyway.deadline.tether_slip.label,assets/worlds/falling_skyway.toml -> [[deadline]] label,[Tether slip]
world.falling_skyway.deadline.lark_first_hail_due.label,Hidden authored safety beat for Hauler Lark's first check-in,[Lark safety check]
world.falling_skyway.deadline.skyway_survey_due.label,assets/worlds/falling_skyway.toml -> [[deadline]] label,[Survey due to Control]
world.falling_skyway.deadline.lark_final_hail_due.label,Hidden authored safety beat for Hauler Lark's Critical second check-in,[Lark final safety check]
world.falling_skyway.deadline.lark_collision_due.label,Hidden authored terminal beat for Hauler Lark's corridor collision,[Lark corridor entry]
world.falling_skyway.objective.survey.text,Objective text — the Act 1 condition read in Falling Skyway,"[Scan Skyhook Verrow and both ladder depots. File the completed survey with Skyway Control.]"
world.falling_skyway.objective.survey_scan_depot_b.text,Objective step — Falling Skyway survey reading at Ladder Depot B,[Scan Ladder Depot B.]
world.falling_skyway.objective.survey_scan_depot_a.text,Objective step — Falling Skyway survey reading at Ladder Depot A,[Scan Ladder Depot A.]
world.falling_skyway.objective.survey_scan_head.text,Objective step — Falling Skyway survey reading at Skyhook Verrow,[Scan Skyhook Verrow.]
world.falling_skyway.objective.survey_report.text,Objective step — file the completed Falling Skyway survey with Control,[Hail Skyway Control and file the completed survey.]
world.falling_skyway.objective.corridor.text,Objective text — the Act 1 corridor watch in Falling Skyway,"[Keep the corridor moving. See the lead hauler through the gate.]"
world.falling_skyway.objective.triage.text,Objective text — the Act 1 triage call in Falling Skyway,[Name the structure that takes the first repair team.]
world.falling_skyway.comms.survey_incomplete,Dialogue body — Control refuses a partial Falling Skyway survey,"[Control. We cannot accept a corridor survey without readings from the head and both depots. Complete the three scans and call again.]"
world.falling_skyway.comms.survey_ready,Dialogue body — Control is ready to receive the completed Falling Skyway survey,"[Skyway Control. We have your carrier. Send the head and depot survey when ready.]"
world.falling_skyway.comms.file_survey,Response text — filing the completed Falling Skyway survey with Control,"[Control, receiving. Filing the skyhook and both depot condition reads now.]"
world.falling_skyway.comms.survey_received,Dialogue body — Control acknowledges the completed Falling Skyway survey,[Survey received and entered against the corridor record. Control out.]
world.falling_skyway.comms.survey_unfiled,Dialogue body — Control acts on the existing record after Falling Skyway's survey deadline,"[Destroyer, survey deadline. No complete report reached Control. We are proceeding on Havelock's filed corridor figures.]"
world.falling_skyway.comms.lark_safety_check,Dialogue body — Hauler Lark narrates its intended corridor transit thirty seconds before the survey deadline,"[Destroyer, Hauler Lark. We are thirty seconds from the Meridian throat on the filed corridor clearance. Confirm it is safe for transit.]"
world.falling_skyway.comms.lark_final_check,Dialogue body — Hauler Lark's Critical second check at the survey deadline,"[Destroyer, Lark. We are at the survey deadline with no stop order. Send scan proof now or we enter the throat in twenty seconds.]"
world.falling_skyway.comms.lark_unsafe_response,Response text — the crew use a valid survey scan to stop Hauler Lark,"[Lark, hold outside the throat. Our survey scan proves the filed clearance is unsafe. Do not enter.]"
world.falling_skyway.comms.lark_holding,Dialogue body — Hauler Lark acknowledges the scan-backed stop order,"[Destroyer, Lark. Scan evidence received. Holding clear of the corridor. Transit cancelled.]"
world.falling_skyway.comms.lark_collision_report,Dialogue body — Hauler Lark announces entry immediately before the committed corridor collision,"[Destroyer, Lark. No scan-backed stop received. We are entering the corridor now—stand by—]"
world.falling_skyway.game_over.lark_collision,Defeat reason — uncontrolled Hauler Lark physically destroys the Falling Skyway,"[Hauler Lark struck Skyway Meridian in the uncontrolled corridor. The structure is lost.]"
world.falling_skyway.game_over.mission_complete,Victory reason — the Falling Skyway episode reaches its authored resolution,"[The transfer window has closed and the Falling Skyway record is complete.]"
world.falling_skyway.report.lyra.heading,"Post-mission report row heading (issue #1344) — names the stricken hauler the rescue was about, so the row reads as a person's ship and not a scenario flag",[Lyra Ascending]
world.falling_skyway.report.lyra.saved,"Post-mission report row outcome — Lyra was under control before the second radiation band closed over the lane",[Pulled clear of the lane before the band closed.]
world.falling_skyway.report.lyra.crew_saved,"Post-mission report row outcome (T2 refinement) — Lyra's crew were taken off and she warped out under her own power; saving her is saving her people, not her hull",[Her crew came off before the band closed. She made her own way out.]
world.falling_skyway.report.lyra.lost,"Post-mission report row outcome — Lyra was still adrift when the deadline ran out and the second band took her",[Still adrift when the band closed. She was lost.]
world.probe_evidence.entity.skyway_hook.name,"assets/worlds/probe_evidence.toml -> [[entity]] name","[Skyway Hook]"
world.probe_evidence.entity.line_foreman.name,"assets/worlds/probe_evidence.toml -> [[entity]] name","[Line Foreman]"
world.probe_evidence.capacity.berths.label,"Crew-facing label for the berths capacity in the #1031 probe world","[Berths]"
world.probe_evidence.deadline.survey_window.label,"assets/worlds/probe_evidence.toml -> [[deadline]] label","[Survey returns]"
world.probe_evidence.evidence.stress_fracture,"Evidence text — what the hull scan of the skyway hook found, in the #1031 probe world","[Scan: stress fracture through the primary spar.]"
world.probe_evidence.evidence.foreman_admission,"Evidence text — what the line foreman admitted on an open channel, in the #1031 probe world","[The foreman: the spar was signed off without being looked at.]"
world.probe_evidence.comms.foreman_calls,"Dialogue body — the line foreman on an open channel, in the #1031 probe world","[Foreman here. You are asking about the hook.]"
world.probe_evidence.comms.press,"Response text — pressing the foreman for what he knows, in the #1031 probe world","[Who signed the inspection off?]"
world.probe_evidence.comms.let_it_go,"Response text — letting the foreman off the hook, in the #1031 probe world","[Nothing further.]"
world.falling_skyway.workforce.skyway_workers.label,assets/worlds/falling_skyway.toml -> [[workforce]] label,[Skyway Workers]
world.falling_skyway.workforce.havelock_operations.label,assets/worlds/falling_skyway.toml -> [[workforce]] label,[Havelock Operations]
world.probe_restraint.entity.enforcer.name,"assets/worlds/probe_restraint.toml -> the always-armed hostile the hold is tested on. [bracketed]: unapproved copy",[PROBE ENFORCER]
world.probe_restraint.entity.claimant_disabled.name,"assets/worlds/probe_restraint.toml -> the claimant taken out of the fight alive. [bracketed]: unapproved copy",[PROBE CLAIMANT A]
world.probe_restraint.entity.claimant_destroyed.name,"assets/worlds/probe_restraint.toml -> the claimant destroyed. [bracketed]: unapproved copy",[PROBE CLAIMANT B]
world.probe_strike.workforce.workers.label,assets/worlds/probe_strike.toml -> [[workforce]] label,[Probe Workers]
world.probe_strike.workforce.operator.label,assets/worlds/probe_strike.toml -> [[workforce]] label,[Probe Operator]
world.probe_strike.entity.tender_struck.name,assets/worlds/probe_strike.toml -> [[entity]] name,[Struck-side Tender]
world.probe_strike.entity.depot_struck.name,assets/worlds/probe_strike.toml -> [[entity]] name,[Struck Depot]
world.probe_strike.entity.tender_working.name,assets/worlds/probe_strike.toml -> [[entity]] name,[Working-side Tender]
world.probe_strike.entity.depot_working.name,assets/worlds/probe_strike.toml -> [[entity]] name,[Working Depot]
world.probe_strike.entity.sister_struck.name,assets/worlds/probe_strike.toml -> [[entity]] name,[Struck-side Sister]
world.probe_strike.entity.rig_struck.name,assets/worlds/probe_strike.toml -> [[entity]] name,[Struck Rig]
world.probe_strike.entity.sister_clear.name,assets/worlds/probe_strike.toml -> [[entity]] name,[Clear-side Sister]
world.probe_strike.entity.rig_clear.name,assets/worlds/probe_strike.toml -> [[entity]] name,[Unworked Rig]
world.falling_skyway.objective.line.text,Objective text — the dispute era in Falling Skyway,[Get the line at Ladder Depot B working again.]
world.falling_skyway.objective.corroborate.text,Objective text — the optional evidence-filing route in Falling Skyway,[Put the Ladder B scan discrepancy and the worker's account on Control's record.]
world.falling_skyway.commitment.safe_passage.terms,"Commitment terms — the captain's promise to the strike committee, Falling Skyway","[The corridor stays clear for the workers' craft through the final transfer window.]"
world.falling_skyway.commitment.safe_passage.resolves,Commitment resolution condition — the safe-passage promise in Falling Skyway,[Settled when the transfer window closes.]
world.falling_skyway.commitment.surface_records.terms,"Commitment terms — the captain's promise to file the scan discrepancy and corroboration, Falling Skyway","[The Ladder B scan discrepancy and the rigger's corroboration go to Skyway Control, unedited.]"
world.falling_skyway.commitment.surface_records.resolves,Commitment resolution condition — the evidence-bundle promise in Falling Skyway,[Settled at mission close if Control accepted the scan discrepancy and rigger's account; broken immediately if force closes that unfiled route first.]
world.falling_skyway.evidence.ladder_b_maintenance_file,"Evidence text — the operator's own maintenance file on Ladder B, Falling Skyway","[Operator's file on Ladder B: every inspection signed off, none of them by anyone who was on the rung that day.]"
world.falling_skyway.evidence.picket_cleared_hurt,"Evidence text — what clearing the picket by force cost, Falling Skyway","[The Ladder B picket was cleared by Havelock security on our authorisation. There were casualties.]"
world.falling_skyway.comms.committee_hails,Dialogue body — the strike committee open the negotiation in Falling Skyway,"[Destroyer, this is the committee at Ladder B. Before you ask: nobody is going back up that rung until somebody fixes what is wrong down here.]"
world.falling_skyway.comms.committee_hardens_one,Dialogue body — the strike committee's first unanswered escalation in Falling Skyway,"[Destroyer, the tether is slipping and you have left us waiting. The floor will not take promises alone now. Bring us the file as well.]"
world.falling_skyway.comms.committee_hardens_two,Dialogue body — the strike committee's final unanswered escalation in Falling Skyway,"[Still no answer. Every undertaking and the Ladder B file are the price of a vote now. Havelock will find people braced for them if you send them in.]"
world.falling_skyway.comms.listen,Response text — hearing the strike committee out in Falling Skyway,[I am listening. Tell me what is wrong down there.]
world.falling_skyway.comms.dismiss,Response text — talking down to the strike committee in Falling Skyway,[There are forty million people under that tether. Stand your people down.]
world.falling_skyway.comms.committee_terms,Dialogue body — the strike committee's two demands in Falling Skyway,"[Two things. Nobody works that rung while the tether is slipping, so the corridor is clear when the transfer runs. And the maintenance file on Ladder B goes to Control — not back to the operator who wrote it.]"
world.falling_skyway.comms.committee_terms_hardened,Dialogue body — the hardened strike committee's three-part settlement threshold in Falling Skyway,"[The floor has heard promises before. This time we need both undertakings and the Ladder B file in our hands before anyone votes.]"
world.falling_skyway.comms.committee_ready,Dialogue body — the strike committee have enough to take to the floor in Falling Skyway,[That is more than anyone has offered us in six weeks. Say the word and I will put it to the floor.]
world.falling_skyway.comms.promise_passage,Response text — promising the workers safe passage in the transfer window in Falling Skyway,[You have my word. The corridor is clear when the transfer runs.]
world.falling_skyway.comms.promise_records,Response text — promising to file the scan discrepancy and corroboration in Falling Skyway,"[I will put the scan discrepancy and the rigger's corroboration in front of Control, unedited.]"
world.falling_skyway.comms.show_file,Response text — showing the committee the crew have already read the file in Falling Skyway,[I have read the file. It does not say what they told you it says.]
world.falling_skyway.comms.call_the_vote,Response text — asking the strike committee to put the offer to their floor in Falling Skyway,[Then put it to the floor.]
world.falling_skyway.comms.stall,Response text — keeping the committee's channel open without answering in Falling Skyway,[Give me a minute.]
world.falling_skyway.comms.committee_settles,Dialogue body — the strike committee's floor carries the vote in Falling Skyway,[The vote is carried. Twenty minutes to get the gear back on and the rung is yours.]
world.falling_skyway.comms.committee_signs_off,"Dialogue body — the strike committee's last word after the picket is forced, Falling Skyway",[We watched them come over the rail. Do not call this channel again.]
world.falling_skyway.comms.committee_no_longer_talking,Dialogue body — the strike committee refusing to negotiate after the force-open in Falling Skyway,[There is nothing to talk about now. You know what you did.]
world.falling_skyway.comms.havelock_hails,Dialogue body — Havelock security offer to clear the picket in Falling Skyway,"[Destroyer, Havelock Cutter. Company asset. That picket is costing the ladder a berth a minute and Control will not touch it. We can have the rung clear in ten minutes on your authorisation. Or you can go and talk to them.]"
world.falling_skyway.comms.ask_for_file,Response text — asking Havelock for the Ladder B maintenance file in Falling Skyway,[Send me the maintenance file on Ladder B. All of it.]
world.falling_skyway.comms.havelock_sends_file,Dialogue body — Havelock hand over the maintenance file in Falling Skyway,[Sending it now. You will find it is all in order.]
world.falling_skyway.comms.force_warned,Response text — authorising the force-open with a warning first in Falling Skyway,[Clear it. But you give them ten minutes on the open channel first.]
world.falling_skyway.comms.force_now,Response text — authorising the force-open immediately in Falling Skyway,[Clear it. My authorisation.]
world.falling_skyway.comms.refuse_force,Response text — refusing Havelock the authorisation in Falling Skyway,[Nobody goes near that picket. I will deal with it.]
world.falling_skyway.comms.havelock_stands_off,Dialogue body — Havelock standing off in Falling Skyway,[Your call. We will be here when it stops being your call.]
world.falling_skyway.comms.havelock_acknowledges,Dialogue body — Havelock acknowledging the authorisation in Falling Skyway,[Copy that. Boarding party away.]
world.falling_skyway.comms.force_route_closed,Dialogue body — Havelock rejects a stale force order after the route closes in Falling Skyway,"[Negative, Destroyer. That clearance order is closed. We will not act on it.]"
world.falling_skyway.comms.force_report_clean,Dialogue body — the force-open outcome with nobody hurt in Falling Skyway,"[Rung is clear. They stood off when they saw us coming — nobody hurt, gear mostly still on it.]"
world.falling_skyway.comms.force_report_one,Dialogue body — the force-open outcome with one casualty in Falling Skyway,[Rung is clear. One of theirs went over the rail and came up wrong. He is breathing. Transfers can run.]
world.falling_skyway.comms.force_report_hurt,Dialogue body — the force-open outcome with several casualties in Falling Skyway,[Rung is clear. Three of theirs are in our sick bay and one of ours with them. You will want that off the log.]
entity.region_radiation_band.name,assets/entities/region_radiation_band.toml -> name (top level),[Radiation Band]
entity.region_radiation_band.target.description,assets/entities/region_radiation_band.toml -> [target] description,"[A front of hard radiation off the sun's limb. Hull-scouring, blinding, and moving. Cross it if you must; do not live in it.]"
world.probe_storm.entity.tug_storm.name,assets/worlds/probe_storm.toml -> [[entity]] name,[Storm-side Tug]
world.probe_storm.entity.hulk_storm.name,assets/worlds/probe_storm.toml -> [[entity]] name,[Storm-side Hulk]
world.probe_storm.entity.tug_clear.name,assets/worlds/probe_storm.toml -> [[entity]] name,[Clear-side Tug]
world.probe_storm.entity.hulk_clear.name,assets/worlds/probe_storm.toml -> [[entity]] name,[Clear-side Hulk]
world.probe_storm.entity.loiterer.name,assets/worlds/probe_storm.toml -> [[entity]] name,[Loiterer]
world.probe_storm.entity.crosser.name,assets/worlds/probe_storm.toml -> [[entity]] name,[Crosser]
world.probe_storm.entity.bystander.name,assets/worlds/probe_storm.toml -> [[entity]] name,[Bystander]
world.probe_storm.deadline.storm_front.label,assets/worlds/probe_storm.toml -> [[deadline]] label,[Storm front]
world.probe_storm.deadline.storm_dwell.label,assets/worlds/probe_storm.toml -> [[deadline]] label,[Dwell band]
world.probe_storm.objective.recover_hulk.text,"Objective text — the tow the storm stretches, in the #1037 probe world",[Get the hulk under control.]
world.probe_storm.objective.sweep_clear.text,"Objective text — the sweep retiring its last band, in the #1037 probe world",[See the sweep through.]
world.falling_skyway.entity.lyra_ascending.name,assets/worlds/falling_skyway.toml -> [[entity]] name,[Lyra Ascending]
world.falling_skyway.threshold.under_control.label,assets/worlds/falling_skyway.toml -> [[entity.overrides.infrastructure.threshold]] label,[Under control]
world.falling_skyway.deadline.storm_front.label,assets/worlds/falling_skyway.toml -> [[deadline]] label,[Radiation front]
world.falling_skyway.deadline.storm_band_one.label,assets/worlds/falling_skyway.toml -> [[deadline]] label,[First band]
world.falling_skyway.deadline.storm_band_two.label,assets/worlds/falling_skyway.toml -> [[deadline]] label,[Second band]
world.falling_skyway.deadline.lyra_clear.label,assets/worlds/falling_skyway.toml -> [[deadline]] label,[Lyra clear of the lane]
world.falling_skyway.deadline.storm_band_three.label,assets/worlds/falling_skyway.toml -> [[deadline]] label,[Third band]
world.falling_skyway.deadline.storm_passed.label,assets/worlds/falling_skyway.toml -> [[deadline]] label,[Storm passes]
world.falling_skyway.objective.shelter.text,Objective text — the Act 2 corridor clearance in Falling Skyway,[Get the corridor traffic into storm shelter before the first band arrives.]
world.falling_skyway.objective.shelter_meridian.text,Objective text — route Convoy Meridian out of the Falling Skyway storm corridor,[Order Convoy Meridian onto the storm shelter run.]
world.falling_skyway.objective.shelter_lark.text,Objective text — route Hauler Lark out of the Falling Skyway storm corridor,[Order Hauler Lark onto the storm shelter run.]
world.falling_skyway.objective.shelter_pell.text,Objective text — route Hauler Pell out of the Falling Skyway storm corridor,[Order Hauler Pell onto the storm shelter run.]
world.falling_skyway.civilian_order.storm_shelter,Navigation order button for endangered Falling Skyway traffic,[ORDER TO STORM SHELTER]
world.falling_skyway.objective.traffic_loss_report.text,Objective text — mandatory report after civilian traffic is lost in Falling Skyway,[Report the civilian traffic losses to Skyway Control.]
world.falling_skyway.evidence.traffic_lost_meridian,Dossier ledger entry when Convoy Meridian is destroyed in Falling Skyway,[Convoy Meridian lost during the radiation sweep.]
world.falling_skyway.evidence.traffic_lost_lark,Dossier ledger entry when Hauler Lark is destroyed in Falling Skyway,[Hauler Lark lost during the radiation sweep.]
world.falling_skyway.evidence.traffic_lost_pell,Dossier ledger entry when Hauler Pell is destroyed in Falling Skyway,[Hauler Pell lost during the radiation sweep.]
world.falling_skyway.evidence.traffic_lost_wick,Dossier ledger entry when Shuttle Wick is destroyed in Falling Skyway,[Shuttle Wick lost during the radiation sweep.]
world.falling_skyway.comms.traffic_lost_meridian,Urgent Skyway Control report when Convoy Meridian is destroyed,[Control to destroyer. Convoy Meridian is gone. We have logged the loss.]
world.falling_skyway.comms.traffic_lost_lark,Urgent Skyway Control report when Hauler Lark is destroyed,[Control to destroyer. Hauler Lark is gone. We have logged the loss.]
world.falling_skyway.comms.traffic_lost_pell,Urgent Skyway Control report when Hauler Pell is destroyed,[Control to destroyer. Hauler Pell is gone. We have logged the loss.]
world.falling_skyway.comms.traffic_lost_wick,Urgent Skyway Control report when Shuttle Wick is destroyed,[Control to destroyer. Shuttle Wick is gone. We have logged the loss.]
world.falling_skyway.objective.approach.text,Objective text — the Act 2 approach to the stricken craft in Falling Skyway,"[Lyra Ascending is adrift in the lane with no drive. Close on her before the front does.]"
world.falling_skyway.objective.rescue_scan.text,Objective step — assess Lyra Ascending through the shared Sensors scan path,[Scan Lyra Ascending and assess her drive.]
world.falling_skyway.objective.rescue.text,Objective text — the Act 2 tow rescue in Falling Skyway,"[Get a line on Lyra Ascending and pull her clear before the second band.]"
world.falling_skyway.objective.storm.text,Objective text — the Act 2 storm watch in Falling Skyway,[See the sweep through. The corridor is yours again when the last band passes.]
world.falling_skyway.objective.lee.text,Objective text — the Act 2 withdrawal to the storm lee in Falling Skyway,[Take the ship west into the lee and ride the rest of it out.]
world.falling_skyway.objective.loss_report.text,Objective text — the Act 2 rescue-failure consequence in Falling Skyway,[Report the loss of Lyra Ascending to Skyway Control.]
world.probe_scandiff.entity.ladder_frayed.name,assets/worlds/probe_scandiff.toml -> [[entity]] name,[Frayed Rung]
world.probe_scandiff.entity.ladder_sound.name,assets/worlds/probe_scandiff.toml -> [[entity]] name,[Sound Rung]
world.probe_scandiff.entity.ladder_unread.name,assets/worlds/probe_scandiff.toml -> [[entity]] name,[Unread Rung]
world.probe_scandiff.entity.ladder_slipping.name,assets/worlds/probe_scandiff.toml -> [[entity]] name,[Slipping Rung]
world.probe_scandiff.threshold.certified_load.label,assets/worlds/probe_scandiff.toml -> [[infrastructure.threshold]] label,[Certified load standard]
world.probe_scandiff.evidence.record_certified,"Evidence text — the operator's recorded claim about a rung, probe_scandiff",[Operator's file: this rung was inspected and re-rated at the certified load standard.]
world.probe_scandiff.evidence.record_contradicted,"Evidence text — the reading and the record put side by side, probe_scandiff",[The rung cannot carry what its own file says it was signed off to carry.]
world.falling_skyway.threshold.certified_load.label,assets/worlds/falling_skyway.toml -> [[infrastructure.threshold]] label,[Certified load standard]
world.falling_skyway.evidence.ladder_b_record_inspection,"Evidence text — the operator's recorded inspection of Ladder B, Falling Skyway",[Operator's file on Ladder B: inspected eleven weeks ago and signed off at the certified load standard.]
world.falling_skyway.evidence.ladder_b_record_reinforced,"Evidence text — the operator's recorded reinforcement of Ladder B, Falling Skyway","[Operator's file on Ladder B: transfer arm reinforced last spring, re-rated for full load, no follow-up required.]"
world.falling_skyway.entity.rigger_tacket.name,assets/worlds/falling_skyway.toml -> [[entity]] name,[Rigger Tacket]
world.falling_skyway.evidence.ladder_b_worker_account,"Evidence text — the rigger's account of the Ladder B inspections, Falling Skyway","[Tacket, who rigs the Ladder B transfer arm: nobody came up to look at it, and the re-rating was signed in an office.]"
world.falling_skyway.objective.confront.text,Objective text — the Act 3 confrontation the corroboration unlocks in Falling Skyway,"[You have the record and a witness to it. Put both to Havelock when the transfer window opens.]"
world.falling_skyway.commitment.protect_witness.terms,"Commitment terms — the captain's promise to keep the rigger's name back, Falling Skyway","[Rigger Tacket's name stays out of anything that reaches Havelock until she puts it there herself.]"
world.falling_skyway.commitment.protect_witness.resolves,Commitment resolution condition — the witness-protection promise in Falling Skyway,[Settled at mission close against whether the crew named Rigger Tacket to Havelock.]
world.falling_skyway.comms.rigger_hails,Dialogue body — the rigger opens the corroboration channel in Falling Skyway,"[Destroyer — Tacket. I rig the transfer arm at B, or I did until six weeks ago. Committee say you have the operator's file on it. I was up there the week it says it was inspected.]"
world.falling_skyway.comms.rigger_ask,Response text — asking the rigger what actually happened in Falling Skyway,[Then tell me what actually happened up there.]
world.falling_skyway.comms.rigger_later,Response text — putting the rigger's channel down without answering in Falling Skyway,[Stand by. I will come back to you.]
world.falling_skyway.comms.rigger_stands_by,Dialogue body — the rigger waiting on an open channel in Falling Skyway,[I will be on this channel. It is not as though I am working.]
world.falling_skyway.comms.rigger_account,Dialogue body — the rigger's account of the Ladder B inspections in Falling Skyway,"[Nobody came up. Not that week, not the week after. The collar on that arm is the one that was on it four years ago — you can see the paint line where the new one was meant to sit. Whoever signed it off did it from an office. I will say all of that to Control. I would rather Havelock did not hear my name from you first.]"
world.falling_skyway.comms.rigger_protect,Response text — promising to keep the rigger's name back in Falling Skyway,[Your name stays out of it until you put it there yourself.]
world.falling_skyway.comms.rigger_no_promise,Response text — refusing the rigger cover in Falling Skyway,[I am not going to promise you that. It goes in the report as it stands.]
world.falling_skyway.comms.rigger_thanks,Dialogue body — the rigger signing off with the promise given in Falling Skyway,[Then you will have it in writing before the window opens. Mind how you go up there.]
world.falling_skyway.comms.rigger_accepts_risk,Dialogue body — the rigger signing off without cover in Falling Skyway,[Fair enough. I would rather you were honest with me than careful with me.]
world.falling_skyway.comms.evidence_ready,Dialogue body — Control opening the scan-and-corroboration filing thread in Falling Skyway,[Skyway Control. I have the Ladder B discrepancy and the worker's account in the queue. Confirm that both go onto the corridor record unedited.]
world.falling_skyway.comms.file_evidence,Response text — filing the scan discrepancy and worker account with Control in Falling Skyway,"[File the scan comparison and the worker's account with Control, unedited.]"
world.falling_skyway.comms.evidence_filed,Dialogue body — Control acknowledging the evidence filing in Falling Skyway,[Logged. Ladder B's scan comparison and the worker's account are now on the Control record.]
world.falling_skyway.comms.evidence_route_closed,Dialogue body — Control refusing a stale evidence filing after its route closed in Falling Skyway,[Skyway Control. I cannot accept that filing: the negotiated evidence route is closed.]
world.probe_corroborate.entity.rung_both.name,assets/worlds/probe_corroborate.toml -> [[entity]] name,[Both-Halves Rung]
world.probe_corroborate.entity.rung_late.name,assets/worlds/probe_corroborate.toml -> [[entity]] name,[Late-Record Rung]
world.probe_corroborate.entity.rung_forced.name,assets/worlds/probe_corroborate.toml -> [[entity]] name,[Forced-Open Rung]
world.probe_corroborate.entity.rung_unheard.name,assets/worlds/probe_corroborate.toml -> [[entity]] name,[Unread Rung]
world.probe_corroborate.entity.rung_quiet.name,assets/worlds/probe_corroborate.toml -> [[entity]] name,[Quiet Rung]
world.probe_corroborate.entity.witness_both.name,assets/worlds/probe_corroborate.toml -> [[entity]] name,[Both-Halves Witness]
world.probe_corroborate.entity.witness_late.name,assets/worlds/probe_corroborate.toml -> [[entity]] name,[Late-Record Witness]
world.probe_corroborate.entity.witness_forced.name,assets/worlds/probe_corroborate.toml -> [[entity]] name,[Forced-Open Witness]
world.probe_corroborate.entity.witness_unheard.name,assets/worlds/probe_corroborate.toml -> [[entity]] name,[Unread Witness]
world.probe_corroborate.entity.witness_quiet.name,assets/worlds/probe_corroborate.toml -> [[entity]] name,[Quiet Witness]
world.probe_corroborate.evidence.record_both,"Evidence text — the records comparison on the both-halves rung, probe_corroborate",[The both-halves rung cannot carry what its own file says it was signed off to carry.]
world.probe_corroborate.evidence.record_late,"Evidence text — the records comparison that arrived late, probe_corroborate",[The late-record rung cannot carry what its own file says it was signed off to carry.]
world.probe_corroborate.evidence.record_forced,"Evidence text — the records comparison on the forced-open rung, probe_corroborate",[The forced-open rung cannot carry what its own file says it was signed off to carry.]
world.probe_corroborate.evidence.record_unheard,"Evidence text — the records comparison nobody on the unread rung ever made, probe_corroborate",[The unread rung cannot carry what its own file says it was signed off to carry.]
world.probe_corroborate.evidence.record_quiet,"Evidence text — the records comparison nobody on the quiet rung ever made, probe_corroborate",[The quiet rung cannot carry what its own file says it was signed off to carry.]
world.probe_corroborate.evidence.account_both,"Evidence text — the witness's account of the both-halves rung, probe_corroborate",[A rigger who was on the both-halves rung: nobody came up to inspect it.]
world.probe_corroborate.evidence.account_late,"Evidence text — the witness's account of the late-record rung, probe_corroborate",[A rigger who was on the late-record rung: nobody came up to inspect it.]
world.probe_corroborate.evidence.account_forced,"Evidence text — the account no witness on the forced-open rung ever gave, probe_corroborate",[A rigger who was on the forced-open rung: nobody came up to inspect it.]
world.probe_corroborate.evidence.account_unheard,"Evidence text — the account no witness on the unread rung ever gave, probe_corroborate",[A rigger who was on the unread rung: nobody came up to inspect it.]
world.probe_corroborate.evidence.account_quiet,"Evidence text — the account no witness on the quiet rung ever gave, probe_corroborate",[A rigger who was on the quiet rung: nobody came up to inspect it.]
world.probe_corroborate.comms.witness_hails,"Dialogue body — a witness opening the corroboration channel, probe_corroborate",[I worked that rung. I hear you have the file on it.]
world.probe_corroborate.comms.witness_ask,"Response text — asking the witness what happened, probe_corroborate",[Tell me what happened up there.]
world.probe_corroborate.comms.witness_account,"Dialogue body — the witness's account, probe_corroborate",[Nobody came up. Put that where it will be read.]
entity.skyhook.threshold.load_bearing.label,assets/entities/skyhook.toml -> [[infrastructure.threshold]] label,[Load bearing]
entity.skyhook.threshold.tether_tensioned.label,assets/entities/skyhook.toml -> [[infrastructure.threshold]] label,[Tether tension]
entity.skyhook.threshold.station_holding.label,assets/entities/skyhook.toml -> [[infrastructure.threshold]] label,[Station holding]
world.falling_skyway.deadline.skyhook_failure.label,assets/worlds/falling_skyway.toml -> [[deadline]] label,[Verrow: projected failure]
world.falling_skyway.entity.head_lighter.name,assets/worlds/falling_skyway.toml -> Act 3 collapse handler spawn_entity name,[Verrow Crew Lighter]
world.falling_skyway.entity.head_pod.name,assets/worlds/falling_skyway.toml -> Act 3 collapse handler spawn_entity name,[Verrow Work Pod]
world.falling_skyway.threshold.under_tow.label,assets/worlds/falling_skyway.toml -> Act 3 survivor craft [[infrastructure.threshold]] label,[Under tow]
world.falling_skyway.objective.head_standoff.text,Objective text — the Act 3 approach to the skyhook head in Falling Skyway,[Take station off the head and stay inside stabiliser range of it.]
world.falling_skyway.objective.head_watch.text,Objective text — the Act 3 standing watch on the skyhook in Falling Skyway,"[Keep Skyhook Verrow standing. It is carrying the whole corridor on a ribbon that has been slipping since before you arrived.]"
world.falling_skyway.objective.tether_one.text,Objective text — the Act 3 first tether warning in Falling Skyway,"[Verrow is past its load limit and still taking traffic. Stabilise the head. If nobody does, it comes down.]"
world.falling_skyway.objective.tether_two.text,Objective text — the Act 3 second tether warning in Falling Skyway,"[Tension control has gone and the head is swinging on the ribbon. Stabilise Verrow, or start deciding who comes off it.]"
world.falling_skyway.objective.tether_three.text,Objective text — the Act 3 final tether warning in Falling Skyway,"[LAST WARNING. Verrow cannot hold its own station. One stabiliser run still saves it; in half a minute nothing will.]"
world.falling_skyway.objective.head_report.text,Objective text — the Act 3 collapse report to Control in Falling Skyway,[Report the loss of Skyhook Verrow to Skyway Control.]
world.falling_skyway.objective.muster.text,Objective text — the Act 3 epilogue approach to the debris in Falling Skyway,[Get the ship into the debris field where the head used to be.]
world.falling_skyway.objective.survivors.text,Objective text — the Act 3 survivor-rescue epilogue in Falling Skyway,"[Two craft came off Verrow before it went. Get a line on both of them and pull them out of the debris.]"
world.falling_skyway.objective.lighter.text,Objective text — the Act 3 survivor lighter tow in Falling Skyway,[Get a line on the Verrow crew lighter and pull it out of the debris.]
world.falling_skyway.objective.pod.text,Objective text — the Act 3 survivor pod tow in Falling Skyway,[Get a line on the Verrow work pod and pull it out of the debris.]
world.falling_skyway.comms.head_reports_load,"Dialogue body — the gang on the skyhook head check in as Act 3 opens, Falling Skyway","[Destroyer, Verrow head, gang boss speaking. Storm is off us and Control has put the corridor back on our berths, so we are carrying the lot on a ribbon that has been slipping since breakfast. Thought you should know there are people up here.]"
world.falling_skyway.comms.head_warns_one,"Dialogue body — the skyhook head's first warning, Falling Skyway","[Destroyer, Verrow head. We are past our load limit and Control will not stop sending traffic at us. Trim is going. We can hold it a while, and a while is not all night.]"
world.falling_skyway.comms.head_warns_two,"Dialogue body — the skyhook head's second warning, Falling Skyway","[Verrow head. Tension control has gone on the ribbon and the whole structure is swinging with it — you can feel it through the plates. I have a full shift up here and one lift.]"
world.falling_skyway.comms.head_warns_three,"Dialogue body — the skyhook head's final warning, Falling Skyway","[Destroyer — Verrow. She will not hold station. We are riding down the ribbon. Whatever you were going to do, do it now.]"
world.falling_skyway.comms.head_acknowledge,Response text — acknowledging the skyhook head's warning in Falling Skyway,"[Copy, Verrow. Keep this channel open and keep talking to me.]"
world.falling_skyway.comms.head_clear_it,Response text — ordering the skyhook head cleared in Falling Skyway,"[Get your people off the head. Now, and all of them.]"
world.falling_skyway.comms.head_stays_up,"Dialogue body — the gang staying on the head after an acknowledgement, Falling Skyway",[Understood. We will be stood by the rail if she goes.]
world.falling_skyway.comms.head_clearing,"Dialogue body — the gang coming off the head in time, Falling Skyway","[You are sure. Right — everybody down, transfer is off. If you are wrong about this, the corridor is yours to explain.]"
world.falling_skyway.comms.head_clearing_late,"Dialogue body — the evacuation ordered too late to clear the head, Falling Skyway",[Now? There is one lift and it takes six at a time. I will get who I can. The rest of us are staying with her.]
world.falling_skyway.comms.head_already_clear,"Dialogue body — the head already evacuated, Falling Skyway","[Nobody left up here to tell, Destroyer. We are on the lighter watching it with you.]"
world.falling_skyway.comms.head_holds,"Dialogue body — the skyhook head stabilised and holding, Falling Skyway","[She is steady. Trim is back and the swing has gone out of the ribbon. That was closer than I want in the log, Destroyer.]"
world.falling_skyway.comms.head_holds_empty,"Dialogue body — the head held after being evacuated, Falling Skyway","[She held. And we are on a lighter looking at an empty head and a transfer nobody is running tonight. Your call. I am not saying it was the wrong one.]"
world.falling_skyway.comms.lighter_calls,"Dialogue body — the survivor lighter calling for a tow, Falling Skyway","[Anyone on this channel — Verrow crew lighter. Our drive went with the head. We are in the debris with the pod somewhere off our beam and we cannot steer out of it.]"
world.falling_skyway.evidence.head_collapse,"Evidence text — the skyhook's structural failure, Falling Skyway",[Skyhook Verrow failed structurally at the tether head and was lost with the corridor's only two transfer berths.]
world.probe_collapse.entity.tender.name,assets/worlds/probe_collapse.toml -> [[entity]] name,[Stabiliser Tender]
world.probe_collapse.entity.rescuer.name,assets/worlds/probe_collapse.toml -> [[entity]] name,[Rescue Tug]
world.probe_collapse.entity.hook_saved.name,assets/worlds/probe_collapse.toml -> [[entity]] name,[Saved-side Head]
world.probe_collapse.entity.hook_lost.name,assets/worlds/probe_collapse.toml -> [[entity]] name,[Lost-side Head]
world.probe_collapse.entity.survivor.name,assets/worlds/probe_collapse.toml -> spawned by the collapse handler,[Survivor Lighter]
world.probe_collapse.deadline.projection.label,assets/worlds/probe_collapse.toml -> [[deadline]] label,[Projected failure]
world.probe_collapse.objective.saved.text,"Objective text — the head that is stabilised, in the #1040 probe world",[Keep the saved-side head standing.]
world.probe_collapse.objective.lost.text,"Objective text — the head that is not stabilised, in the #1040 probe world",[Keep the lost-side head standing.]
world.probe_collapse.objective.survivors.text,"Objective text — the collapse epilogue, in the #1040 probe world",[Get the survivor lighter out of the debris.]
world.falling_skyway.capacity.claim_committee.label,assets/worlds/falling_skyway.toml -> [[entity.overrides.infrastructure.capacity]] label,[Lift claimed — strike committee]
world.falling_skyway.capacity.claim_havelock.label,assets/worlds/falling_skyway.toml -> [[entity.overrides.infrastructure.capacity]] label,[Lift claimed — Havelock]
world.falling_skyway.capacity.claim_convoy.label,assets/worlds/falling_skyway.toml -> [[entity.overrides.infrastructure.capacity]] label,[Lift claimed — Convoy Meridian]
world.falling_skyway.capacity.window_available.label,assets/worlds/falling_skyway.toml -> [[entity.overrides.infrastructure.capacity]] label,[Lift available this window]
world.falling_skyway.capacity.window_demand.label,assets/worlds/falling_skyway.toml -> [[entity.overrides.infrastructure.capacity]] label,[Lift claimed by all three]
world.falling_skyway.capacity.window_shortfall.label,assets/worlds/falling_skyway.toml -> [[entity.overrides.infrastructure.capacity]] label,[Short by]
world.falling_skyway.capacity.window_committed.label,assets/worlds/falling_skyway.toml -> [[entity.overrides.infrastructure.capacity]] label,[Lift committed and standing]
world.falling_skyway.deadline.transfer_window.label,assets/worlds/falling_skyway.toml -> [[deadline]] label,[Transfer window opens]
world.falling_skyway.deadline.window_closes.label,assets/worlds/falling_skyway.toml -> [[deadline]] label,[Transfer window closes]
world.falling_skyway.objective.window_ready.text,Objective text — the Act 3 run-up to the transfer window in Falling Skyway,"[Prime the window transfer manifold: dock with it and send reserve fuel through the umbilical before the window opens.]"
world.falling_skyway.entity.window_transfer_manifold.name,assets/worlds/falling_skyway.toml -> [[entity]] name,[Window Transfer Manifold]
world.falling_skyway.objective.window.text,Objective text — the Act 3 transfer window itself in Falling Skyway,"[The window is open and the lift will not cover all three claims. Read Control's manifest and decide who goes.]"
world.falling_skyway.comms.window_opens_short,"Dialogue body — Control opening a transfer window that has lift in it but not enough in Falling Skyway. {available} is the lift the chain can deliver this window, {claimed} what the three claimants have asked for between them, {shortfall} the difference","[Skyway Control to destroyer: transfer window is open. The head is certified and the ladder is pumping what it can pump. That comes to {available} between them, against {claimed} asked for by the three of them, and you do not need me to tell you which of those is the larger. You are short by {shortfall}. You have lift for two of them and not for three, and nothing anybody does in the next hour changes that. Nobody down here is going to make the call for you.]"
world.falling_skyway.comms.window_opens_dead,Dialogue body — Control opening a transfer window with no lift available at all in Falling Skyway,"[Skyway Control to destroyer: transfer window is open on paper and on paper only. The head is not certified to run a climber and the ladder has nothing to put in one, so the lift available on our manifest reads nothing at all against three standing claims. Every one of them is short by the whole of it. If you want anybody off this rock before we shut, somebody has to make the chain work first.]"
world.falling_skyway.comms.window_stands_undecided,"Dialogue body — Control restating a transfer manifest that moved before the captain answered anybody in Falling Skyway. {available} is the lift still unspoken for","[Skyway Control: manifest update, Destroyer. That board has moved and you have not answered one of them yet. Lift still unspoken for reads {available}, which is any two of the claims standing against it and not the three. None of that improves by being left.]"
world.falling_skyway.comms.window_stands_any_pair,"Dialogue body — Control restating a transfer manifest on which every remaining pairing still fits in Falling Skyway. {available} is the lift still unspoken for","[Skyway Control: manifest update. Lift still unspoken for reads {available}. Every pairing left standing on that board fits inside it, so nothing I am holding decides this for you. Whoever is still waiting, they can both go.]"
world.falling_skyway.comms.window_stands_particular,"Dialogue body — Control restating a transfer manifest on which only some pairings still fit in Falling Skyway. {available} is the lift still unspoken for","[Skyway Control: manifest update, and read this one carefully. Lift still unspoken for reads {available}. Some pairs standing against that fit inside it and some do not. This has stopped being any two of them and started being which two. Check the claims against the number before you promise anybody anything.]"
world.falling_skyway.comms.window_stands_one,"Dialogue body — Control restating a transfer manifest on which several claims fit alone but no two fit together in Falling Skyway. {available} is the lift still unspoken for","[Skyway Control: manifest update. Lift still unspoken for reads {available}. More than one of them fits inside that on their own. No two of them fit inside it together. One name, Destroyer, and it is whichever one you can live with.]"
world.falling_skyway.comms.window_stands_sole_committee,"Dialogue body — Control restating a transfer manifest on which only the strike committee's claim still fits in Falling Skyway. {available} is the lift still unspoken for","[Skyway Control: manifest update. Lift still unspoken for reads {available}, and there is exactly one claim left on this board that fits inside it — the committee's, at eighteen. Any other name you give me I will have to refuse on your behalf, and I would rather you did that yourself.]"
world.falling_skyway.comms.window_stands_sole_havelock,"Dialogue body — Control restating a transfer manifest on which only Havelock's claim still fits in Falling Skyway. {available} is the lift still unspoken for","[Skyway Control: manifest update. Lift still unspoken for reads {available}. The only claim still standing that fits inside that is Havelock's twenty-two. That is the arithmetic, Destroyer. I am not telling you it is the right answer.]"
world.falling_skyway.comms.window_stands_sole_convoy,"Dialogue body — Control restating a transfer manifest on which only the convoy's claim still fits in Falling Skyway. {available} is the lift still unspoken for","[Skyway Control: manifest update. Lift still unspoken for reads {available}. The only claim on this board that still fits inside it is the convoy's twenty-six, which is the largest number I have got. Make of that what you like.]"
world.falling_skyway.comms.window_stands_none,"Dialogue body — Control restating a transfer manifest that can no longer honour any standing claim in Falling Skyway. {available} is the lift still unspoken for","[Skyway Control: manifest update, and it is the bad one. Lift still unspoken for reads {available}. Nothing left standing on this board fits inside that number. There is no name you can give me that I can put on a climber, and I am sorry to be the one saying it.]"
world.falling_skyway.comms.window_closes,Dialogue body — Control closing the transfer window in Falling Skyway,"[Skyway Control: window is shut. Anything not already at the top comes back down — that was the rule before you got here and it is not mine to bend. The manifest stands as it stands.]"
world.probe_window.workforce.crews.label,assets/worlds/probe_window.toml -> [[workforce]] label,[Depot crews]
world.probe_window.workforce.pickets.label,assets/worlds/probe_window.toml -> [[workforce]] label,[Picket]
world.probe_window.entity.head_certified.name,assets/worlds/probe_window.toml -> [[entity]] name,[Certified Head]
world.probe_window.entity.head_slipped.name,assets/worlds/probe_window.toml -> [[entity]] name,[Slipped Head]
world.probe_window.entity.rung_up.name,assets/worlds/probe_window.toml -> [[entity]] name,[Working Rung]
world.probe_window.entity.rung_worked.name,assets/worlds/probe_window.toml -> [[entity]] name,[Staffed Rung]
world.probe_window.entity.rung_struck.name,assets/worlds/probe_window.toml -> [[entity]] name,[Struck Rung]
world.probe_window.entity.rung_low.name,assets/worlds/probe_window.toml -> [[entity]] name,[Under-Line Rung]
world.probe_window.entity.manifest_full.name,assets/worlds/probe_window.toml -> [[entity]] name,[Full-Chain Manifest]
world.probe_window.entity.manifest_struck.name,assets/worlds/probe_window.toml -> [[entity]] name,[Struck-Chain Manifest]
world.probe_window.entity.manifest_low.name,assets/worlds/probe_window.toml -> [[entity]] name,[Under-Line-Chain Manifest]
world.probe_window.entity.manifest_dead.name,assets/worlds/probe_window.toml -> [[entity]] name,[No-Lift-Chain Manifest]
world.probe_window.deadline.opens.label,assets/worlds/probe_window.toml -> [[deadline]] label,[Window opens]
world.probe_window.deadline.closes.label,assets/worlds/probe_window.toml -> [[deadline]] label,[Window closes]
world.falling_skyway.capacity.shelter_berths.label,assets/worlds/falling_skyway.toml -> [[entity.overrides.infrastructure.capacity]] label,[Shelter berths — Ladder A]
world.falling_skyway.objective.parley.text,Objective text — closing on the ladder to talk to all three claimants in Falling Skyway,"[Three parties are asking and the lift covers two. Neither the committee nor the cutter can hear you from the head — close on the ladder transit and get all three on the channel.]"
world.falling_skyway.objective.choice.text,Objective text — the Act 3 safe-passage choice in Falling Skyway,"[Every claim on that manifest is somebody. Answer all three of them: take two up, and tell the third yourself.]"
world.falling_skyway.objective.berth.text,Objective text — the Act 3 last-berth allocation in Falling Skyway,[There is no lift. Skyway Control is holding one mooring on Ladder A and wants a name to put against it.]
world.falling_skyway.comms.claim_stand_by,Response text — holding a claimant's channel without deciding in Falling Skyway,[Stand by. I have not decided.]
world.falling_skyway.comms.committee_claims,Dialogue body — the strike committee ask for a lift in the transfer window in Falling Skyway,"[Destroyer, committee. Thirty-one of us on this rung and one hauler with a cracked ring frame between the lot of us. We are not asking to go first. We are asking to be counted.]"
world.falling_skyway.comms.lift_committee,Response text — granting the strike committee a lift in Falling Skyway,[You are on the manifest. Get your people to the climber head.]
world.falling_skyway.comms.deny_committee,Response text — refusing the strike committee a lift in Falling Skyway,[The lift is spoken for. You are staying on the rung.]
world.falling_skyway.comms.committee_lifting,Dialogue body — the strike committee hearing they are carried in Falling Skyway,"[Say that again on the record. — Right. Thirty-one, moving now. Nobody who matters is going to thank you for this, Destroyer. We will.]"
world.falling_skyway.comms.committee_denied,Dialogue body — the strike committee hearing they are not carried in Falling Skyway,[Understood. We will get the gear off the arm and find ourselves a wall.]
world.falling_skyway.comms.committee_waits,Dialogue body — the strike committee standing by for a decision in Falling Skyway,[We will hold. We have got very good at holding.]
world.falling_skyway.comms.havelock_claims,Dialogue body — Havelock ask for a lift in the transfer window in Falling Skyway,"[Destroyer, Havelock Cutter. Twenty-two units, and I will say plainly what it buys you. This depot chain is company-run, and the next Alliance hull through this corridor books its fuel through us. Our people are staff, not cargo.]"
world.falling_skyway.comms.lift_havelock,Response text — granting Havelock a lift in Falling Skyway,[Havelock has the second slot. Load your people.]
world.falling_skyway.comms.deny_havelock,Response text — refusing Havelock a lift in Falling Skyway,[Your staff can sit it out with everyone else. Havelock is not on the manifest.]
world.falling_skyway.comms.havelock_lifting,Dialogue body — Havelock hearing they are carried in Falling Skyway,"[Noted, and logged. You will find us reasonable the next time you come through this corridor.]"
world.falling_skyway.comms.havelock_denied,Dialogue body — Havelock hearing they are not carried in Falling Skyway,[That is your decision to make. I will make quite sure it is recorded as yours.]
world.falling_skyway.comms.havelock_waits,Dialogue body — Havelock standing by for a decision in Falling Skyway,"[We will wait. We are good at waiting, Destroyer, and better at remembering.]"
world.falling_skyway.comms.confront_unnamed,Response text — confronting Havelock with the record while protecting the witness in Falling Skyway,[Your file says that arm was inspected. I have somebody who was standing on it that week. You do not get their name.]
world.falling_skyway.comms.confront_named,Response text — confronting Havelock with the record and naming the witness in Falling Skyway,[Your file says that arm was inspected. Rigger Tacket was standing on it that week and says nobody came up.]
world.falling_skyway.comms.havelock_confronted,Dialogue body — Havelock answering a confrontation with no name attached in Falling Skyway,[Then produce them. No? Then it is an allegation from a hull that has been on station four hours. This channel is closed to you.]
world.falling_skyway.comms.havelock_confronted_named,Dialogue body — Havelock answering a confrontation with the witness named in Falling Skyway,"[Tacket. Yes. She is on our books — or she was. Thank you, Destroyer. You have saved our people a great deal of looking.]"
world.falling_skyway.comms.convoy_claims,Dialogue body — the civilian convoy ask for a lift in the transfer window in Falling Skyway,"[Skyway, Meridian, convoy lead. Twenty-six. That is four hulls and the families in them, and I know it is the biggest number on your board. I have nothing to offer you for it. I would not know what to offer.]"
world.falling_skyway.comms.lift_convoy,Response text — granting the convoy a lift in Falling Skyway,"[Meridian, bring your hulls up. All four of them.]"
world.falling_skyway.comms.deny_convoy,Response text — refusing the convoy a lift in Falling Skyway,"[Meridian, I cannot take you. Get your hulls tight against the rung and ride it out.]"
world.falling_skyway.comms.convoy_lifting,Dialogue body — the convoy hearing they are carried in Falling Skyway,"[Say again? — All four. Understood, Skyway. Understood. We are moving.]"
world.falling_skyway.comms.convoy_denied,Dialogue body — the convoy hearing they are not carried in Falling Skyway,[Understood. We will tuck in as close as they will let us. Thank you for saying it yourself.]
world.falling_skyway.comms.convoy_waits,Dialogue body — the convoy standing by for a decision in Falling Skyway,[We will stand by. There is nowhere else to stand.]
world.falling_skyway.comms.committee_pleads,Dialogue body — the strike committee asking for the last berth after the lift is gone in Falling Skyway,[Destroyer — committee. There is no climber and we all heard Control say so. If there is a mooring left on A with power at it we have people who will not last the night in the open.]
world.falling_skyway.comms.havelock_pleads,Dialogue body — Havelock asking for the last berth after the lift is gone in Falling Skyway,"[Havelock Cutter. The head is finished, so let us be practical. A is company plant, there is one berth on it, and neither of us is going to pretend that is a coincidence.]"
world.falling_skyway.comms.convoy_pleads,Dialogue body — the convoy asking for the last berth after the lift is gone in Falling Skyway,[Meridian. We are not asking for the lift any more. We are asking for a wall.]
world.falling_skyway.comms.control_berth_offer,Dialogue body — Control offering the one remaining Ladder A berth in Falling Skyway,"[Skyway Control: there is no lift and there is not going to be. What is left on this corridor is one mooring on Ladder A with power at it and three parties who want it. That one is not arithmetic, Destroyer. Give me a name.]"
world.falling_skyway.comms.control_no_berth,Dialogue body — Control with no berth left to offer at all in Falling Skyway,[Skyway Control: no lift and Ladder A is in no state to tie anybody up either. There is nothing on this corridor to give away tonight. Log it and take your ship home.]
world.falling_skyway.comms.control_berth_settled,Dialogue body — Control after the last berth has been allocated in Falling Skyway,"[The berth is allocated, Destroyer. Nothing further from this station.]"
world.falling_skyway.comms.berth_to_committee,Response text — giving the last berth to the strike committee in Falling Skyway,[The berth goes to the committee.]
world.falling_skyway.comms.berth_to_havelock,Response text — giving the last berth to Havelock in Falling Skyway,[The berth goes to Havelock.]
world.falling_skyway.comms.berth_to_convoy,Response text — giving the last berth to the convoy in Falling Skyway,[The berth goes to Meridian's convoy.]
world.falling_skyway.comms.berth_to_nobody,Response text — holding the last berth clear in Falling Skyway,[The berth stays clear. Ladder A is the last working rung on this corridor and I will not have it blocked.]
world.falling_skyway.comms.berth_given_committee,Dialogue body — Control logging the berth to the strike committee in Falling Skyway,[Logged: committee to Ladder A. I will let the other two know whose call it was.]
world.falling_skyway.comms.berth_given_havelock,Dialogue body — Control logging the berth to Havelock in Falling Skyway,[Logged: Havelock to Ladder A. That will read tidily in their report and badly in everyone else's.]
world.falling_skyway.comms.berth_given_convoy,Dialogue body — Control logging the berth to the convoy in Falling Skyway,[Logged: Meridian to Ladder A. Four hulls into a berth built for one. They will manage or they will not.]
world.falling_skyway.comms.berth_withheld,Dialogue body — Control logging the berth held clear in Falling Skyway,"[Logged: berth held clear. Somebody up the line will want that reasoning in writing, Destroyer, and you had better have some.]"
world.falling_skyway.comms.berth_waits,Dialogue body — Control standing by for a berth decision in Falling Skyway,"[Standing by, Destroyer. The weather is not.]"
world.falling_skyway.comms.committee_rides_it_out,Dialogue body — the strike committee coming through the storm largely intact in Falling Skyway,"[Committee to Destroyer. All accounted for. Cold, and all accounted for, which is more than any of us expected when this started.]"
world.falling_skyway.comms.committee_rides_it_out_hurt,Dialogue body — the strike committee coming through the storm badly in Falling Skyway,"[Committee. We got most of them behind the pump housing before it came through. Most. Do not ask me for a number tonight, Destroyer.]"
world.falling_skyway.comms.committee_rides_it_out_promised,Dialogue body — the strike committee naming the broken safe-passage promise in Falling Skyway,"[Committee. You gave us your word the corridor would be clear for our people in the transfer window. We wrote it down. I read it out to the floor myself and they voted on it. Then we watched that window shut with our people still standing on the rung. Whatever else you take off this rock, Destroyer, take that with you.]"
world.falling_skyway.comms.havelock_rides_it_out,Dialogue body — Havelock coming through the storm largely intact in Falling Skyway,[Havelock Cutter. Our staff sheltered aboard. The company will want a report and the report will have your name at the top of it.]
world.falling_skyway.comms.havelock_rides_it_out_hurt,Dialogue body — Havelock coming through the storm badly in Falling Skyway,"[Havelock. We lost people on that rung tonight. There will be an inquiry, and I will be asked who was in the corridor and what they did with the lift.]"
world.falling_skyway.comms.convoy_rides_it_out,Dialogue body — the convoy coming through the storm largely intact in Falling Skyway,"[Meridian. Four hulls, all still here. Scoured back to the frames and all still here. We will take that.]"
world.falling_skyway.comms.convoy_rides_it_out_hurt,Dialogue body — the convoy coming through the storm badly in Falling Skyway,[Meridian. We lost the third hull. Everyone aboard her was somebody's. I am not going to say anything else on an open channel.]
world.falling_skyway.comms.debrief_workers_and_convoy,Dialogue body — Control closing the window with the committee and the convoy carried in Falling Skyway,"[Skyway Control, closing the window. Manifest reads: strike committee carried, Meridian convoy carried, Havelock Operations not carried. The corridor is shut and the record stands as flown. Every party on it now knows exactly what this ship decided when it could only decide once.]"
world.falling_skyway.comms.debrief_workers_and_operator,Dialogue body — Control closing the window with the committee and Havelock carried in Falling Skyway,"[Skyway Control, closing the window. Manifest reads: strike committee carried, Havelock Operations carried, Meridian convoy not carried. The corridor is shut. The two parties with something to trade are off this rock and the one with nothing is still on it, and it is filed in those words.]"
world.falling_skyway.comms.debrief_operator_and_convoy,Dialogue body — Control closing the window with Havelock and the convoy carried in Falling Skyway,"[Skyway Control, closing the window. Manifest reads: Havelock Operations carried, Meridian convoy carried, strike committee not carried. The corridor is shut. The people who told you what was wrong with this ladder are the people still standing on it.]"
world.falling_skyway.comms.debrief_one,Dialogue body — Control closing the window with only one claim carried in Falling Skyway,"[Skyway Control, closing the window. Manifest reads one claim carried out of three, against lift that would have taken two. The corridor is shut, and that difference is filed against this ship rather than against the ladder.]"
world.falling_skyway.comms.debrief_none,Dialogue body — Control closing the window with nothing carried in Falling Skyway,"[Skyway Control, closing the window. Manifest reads nothing carried. There was lift in this window and it went up the ribbon empty. The corridor is shut and all three claims stand unmet.]"
world.falling_skyway.comms.debrief_berth,Dialogue body — Control closing a window with no lift after a berth was allocated in Falling Skyway,"[Skyway Control, closing the window. No lift ran in this corridor tonight. One mooring on Ladder A was allocated, two claims were not, and the rest of it is weather and paperwork. Log it and go.]"
world.falling_skyway.comms.debrief_berth_none,Dialogue body — Control closing a window with no lift and no berth allocated in Falling Skyway,"[Skyway Control, closing the window. No lift, no mooring allocated, three claims standing. Nothing left this rock tonight and nothing on this corridor is better than it was when you arrived. The window is shut. Go home.]"
world.falling_skyway.evidence.havelock_confronted,"Evidence text — Havelock put to their own maintenance record, Falling Skyway",[Havelock Operations were put to their own maintenance record on the open channel during the transfer window.]
world.falling_skyway.evidence.committee_rode_it_out,"Evidence text — the strike committee left in the corridor for the storm, Falling Skyway",[The strike committee were not carried in the transfer window and sheltered on the Ladder B rung. There were casualties.]
world.falling_skyway.evidence.havelock_rode_it_out,"Evidence text — Havelock staff left in the corridor for the storm, Falling Skyway",[Havelock Operations staff were not carried in the transfer window and sheltered aboard their own hulls. There were casualties.]
world.falling_skyway.evidence.convoy_rode_it_out,"Evidence text — the convoy left in the corridor for the storm, Falling Skyway",[Convoy Meridian were not carried in the transfer window and rode the corridor out in the open. There were casualties.]
world.falling_skyway.evidence.record_named_witness,"Evidence text — the filed evidence bundle followed by naming the witness to Havelock, Falling Skyway","[The Ladder B scan discrepancy and Rigger Tacket's corroboration were filed with Control unedited. The crew later named Tacket to Havelock.]"
world.falling_skyway.evidence.record_filed,"Evidence text — the filed evidence bundle with the witness protected from Havelock, Falling Skyway","[The Ladder B scan discrepancy and Rigger Tacket's corroboration were filed with Control unedited. The crew did not name Tacket to Havelock.]"
world.falling_skyway.evidence.record_buried,"Evidence text — the discrepancy established but its evidence bundle not filed, Falling Skyway","[The crew established Ladder B's scan discrepancy but did not file the discrepancy and worker account with Control.]"
world.falling_skyway.evidence.record_never_found,"Evidence text — no discrepancy established at all, Falling Skyway",[No discrepancy was established between Ladder B's condition and the operator's file on it. The claim stands unexamined.]
world.falling_skyway.evidence.word_kept,"Evidence text — every commitment kept, Falling Skyway",[Every commitment this captain gave in the Skyway corridor was kept.]
world.falling_skyway.evidence.word_broken,"Evidence text — at least one commitment broken, Falling Skyway",[At least one commitment this captain gave in the Skyway corridor was broken.]
world.falling_skyway.evidence.word_none,"Evidence text — no commitments made at all, Falling Skyway",[This captain gave no commitments in the Skyway corridor.]
world.falling_skyway.comms.committee_reprices,Dialogue body — the strike committee reacting to the transfer manifest moving in Falling Skyway,[Control's board just moved. Are we still on that manifest or are we not?]
world.falling_skyway.comms.havelock_reprices,Dialogue body — Havelock reacting to the transfer manifest moving in Falling Skyway,"[The manifest has changed since we last spoke, Destroyer. Say plainly whether Havelock is on it.]"
world.falling_skyway.comms.convoy_reprices,Dialogue body — the convoy reacting to the transfer manifest moving in Falling Skyway,"[Skyway — Meridian. Something just came off that board. Is that us?]"
server.fatal.title,Host fatal-error panel — heading shown when the ship or world TOML cannot be used,[Fatal configuration error]
server.fatal.remedy,Host fatal-error panel — what the operator should do next,[Fix the TOML and reload the page.]
server.fatal.station_config,Host fatal-error detail when a ship template fails station validation. {detail} is the validator's own message,[Station config error: {detail}]
server.fatal.load_failed,Host fatal-error detail when a ship template file cannot be fetched. {path} is the file path and {detail} the fetch error,[Could not load {path}: {detail}]
server.preload.failed,Host loading panel — the world or entity preload could not complete,[Failed to load game configuration. See the browser console for details.]
world.probe_reinforce.entity.escort.name,assets/worlds/probe_reinforce.toml -> [[entity]] name,[Escort]
console.radar.scale,"Radar scope scale readout, drawn against the outermost range ring. {range} is that ring's distance from the ship in world units, so the scope says what its own radius means and changes when damage or doctrine changes the range",[R {range}]
client.no_scenarios,"Phone scenario picker — shown when the host's catalogue arrived with nothing in it. NOT ""waiting for the host to pick"": the host has already broadcast, and the broadcast was empty",[No scenarios available]
client.pick_pending,Phone scenario/ship picker — shown on the option a player just tapped while the request is in flight and the host has not yet broadcast the lock,[Sending…]
client.pick_taken,"Phone scenario/ship picker — shown when another phone's pick landed first and locked the choice. {choice} is what that phone chose, named so the stage change has a stated cause",[Another phone chose {choice} first.]
client.game_over_victory,Game-over overlay headline when the run ended in the scenario's victory condition,[VICTORY]
client.game_over_defeat,Game-over overlay headline when the run ended in defeat — the scenario's loss condition or the hull reaching zero,[DEFEAT]
client.game_over_ended,Game-over overlay headline when the run ended without a declared win or loss,[ENGAGEMENT ENDED]
client.game_over_reported,"Game-over overlay headline when the scenario authored a post-mission report (issue #1344). It replaces the victory/defeat headline entirely: the rows below it are the result, and a win/loss word above them would be a verdict the report exists to refuse",[MISSION REPORT]
client.link_connecting,Console banner before the first state arrives from the host — an empty console is loading rather than broken,[Linking to the ship…]
client.link_dead,Console banner headline while the link to the host is down. The console behind it is dimmed and stops accepting commands,[LINK LOST]
server.qr_caption,Host viewscreen join panel — caption above the QR code telling guests what scanning it does,[Scan to join the crew]
server.qr_url_label,Host viewscreen join panel — label above the join URL in text for anyone whose camera will not scan the code,[or type this in]
client.hero.label,Accessible label for the shared Station Hero Bar tab list,[Station selector]
client.hero.help.label,Accessible label and tooltip for the Station Bar's help button — it opens the settings dialog on the Station Help tab,[Station help]
client.hero.rating,Hero Bar selected Station metadata. {rating} is its authored active rating,[Rating: {rating}]
client.hero.ai_status,"Hero Bar non-commandable status naming human-seeking Stations currently operated by AI. {stations} is a comma-separated list of Station names",[AI: {stations}]
client.hero.health.readout,Hero Bar selected-Station hull health readout. {pct} is the whole-number percentage of summed hull capacity remaining,[Hull {pct}%]
client.hero.health.none,Hero Bar readout and per-tab cue label for a Station with no damageable Systems — the neutral no-damage-model state,[No damage model]
client.hero.health.cue.healthy,Hero Bar per-tab non-colour health cue for a Station at full hull,[◇ Full]
client.hero.health.cue.damaged,Hero Bar per-tab non-colour health cue for a Station with hull damage,[◆ Damaged]
client.hero.health.cue.none,Hero Bar per-tab non-colour health cue for a Station with no damage model,[○ —]
client.hero.importance.cue.none,Hero Bar per-tab non-colour importance cue for a Station with no pending events — the neutral state,[—]
client.hero.importance.cue.unread,Hero Bar per-tab non-colour importance cue for a Station with a one-off unread off-screen event awaiting a visit,[✦ New]
client.hero.importance.cue.critical,Hero Bar per-tab non-colour importance cue for a Station under a continuing critical condition,[‼ Critical]
client.hero.importance.cue.both,Hero Bar per-tab non-colour importance cue for a Station with both a one-off unread event and a continuing critical condition,[‼✦ Critical · New]
client.spectator.spectate,Lobby button to opt out of a station and become a spectator,[Spectate]
client.spectator.join,Lobby button for a spectator to opt back in and join the crew,[Join crew]
client.spectator.lobby_status,Lobby status line shown to a spectator who holds no station,[Spectating — you will watch the mission without a station]
client.spectator.title,Heading of the spectator summary surface shown during an in-progress mission,[Spectating]
client.spectator.alert.normal,Spectator summary alert banner when the ship is not at red alert,[Condition normal]
client.spectator.alert.red,Spectator summary alert banner when the ship is at red alert,[RED ALERT]
client.spectator.hull.none,Spectator summary hull readout when the ship reports no damage model,[Ship hull — no damage model]
client.spectator.hull.readout,Spectator summary ship-wide hull readout. {pct} is the whole-number percentage of hull remaining,[Ship hull {pct}%]
client.spectator.objectives_heading,Spectator summary heading over the mission objective list,[Objectives]
client.spectator.stations_heading,Spectator summary heading over the per-station health list,[Crew stations]
client.spectator.claim_heading,Spectator surface heading over the list of open stations a spectator may claim to enter play (issue #1106),[Open stations — tap to take a seat]
client.spectator.claim_none,Shown on the Spectator surface when no open station is currently available to claim (issue #1106),[No open stations right now]
client.spectator.claim_taken,"Neutral notice on the Spectator surface after a spectator's claim lost the race and the seat is now held by someone else (issue #1106); leaks no other-player identity",[That seat was just taken — still spectating]
entity.alliance_destroyer.station.navigation.description,Alliance Destroyer lobby description for its complete human-seeking Navigation Station,[Plot waypoints and manage the system chart.]
entity.alliance_destroyer.station.comms.description,Alliance Destroyer lobby description for its complete human-seeking Comms Station,[Hail contacts and manage incoming traffic.]
world.probe_npc_tow.entity.tug.name,assets/worlds/probe_npc_tow.toml -> [[entity]] name,[Harrow Salvage Tug]
world.probe_npc_tow.entity.prize.name,assets/worlds/probe_npc_tow.toml -> [[entity]] name,[Disabled Freighter]
world.probe_npc_resupply.entity.tender.name,assets/worlds/probe_npc_resupply.toml -> [[entity]] name,[Alliance Tender]
world.probe_npc_resupply.entity.stranded.name,assets/worlds/probe_npc_resupply.toml -> [[entity]] name,[Stranded Cutter]
entity.ship_harrow_tug.power_groups.helm.label,"Harrow salvage tug helm power-group label (issue #1163)",[Helm]
entity.ship_harrow_tug.power_groups.weapons.label,"Harrow salvage tug weapons power-group label (issue #1163)",[Weapons]
entity.ship_harrow_tug.power_groups.ops.label,"Harrow salvage tug ops power-group label — the tractor bus (issue #1163)",[Ops]
entity.alliance_tender.power_groups.helm.label,"Alliance tender helm power-group label (issue #1163)",[Helm]
entity.alliance_tender.power_groups.weapons.label,"Alliance tender weapons power-group label (issue #1163)",[Weapons]
entity.alliance_tender.power_groups.ops.label,"Alliance tender ops power-group label — the dock/umbilical bus (issue #1163)",[Ops]
world.probe_npc_tow_balance.entity.tug.name,assets/worlds/probe_npc_tow_balance.toml -> [[entity]] name,[Harrow Salvage Tug]
world.probe_npc_tow_balance.entity.prize.name,assets/worlds/probe_npc_tow_balance.toml -> [[entity]] name,[Disabled Freighter]
client.join.title,Phone join screen (issue #1111) — heading above the code field when the page was opened without a host in its URL,[Enter the join code]
client.join.code_placeholder,Phone join screen — greyed-out hint inside the empty code field showing the shape of the letters. Eight of them: assets/join/join-codes.toml authors the length and this hint has to match it,[ABCDEFGH]
client.join.code_label,"Phone join screen — accessible label for the code field, read by a screen reader in place of the placeholder",[Eight-letter join code]
client.join.submit,Phone join screen — button that submits the typed code and starts the connection,[Join]
client.join.hint,"Phone join screen — help under the field explaining both accepted inputs: the letters shown on the viewscreen, or a whole code pasted from a link",[Type the eight letters shown on the viewscreen — or paste the whole code.]
client.join.error_empty,Phone join screen — the field was submitted with nothing in it,[Enter a code first.]
client.join.error_length,Phone join screen — the typed code is not the authored number of letters long,[A join code is eight letters.]
client.join.error_charset,Phone join screen — the typed code contains something that is not a letter,[Join codes are letters only.]
client.join.error_denied,"Phone join screen — the typed code is on the authored deny-list, so it was never issued to anybody",[That is not a code we hand out. Check the viewscreen.]
client.join.error_malformed,Phone join screen — a pasted full code did not have the expected three parts,[That code is not readable. Paste the whole thing or type the eight letters.]
client.join.error_wrong_type,"Phone join screen — the typed code is a fleet/server code, not a crew one. Deliberately says nothing else about that session",[That is a fleet code. Ask the bridge for the crew code.]
client.join.error_unknown,Phone join screen — no host is holding the typed code,[No ship is using that code. Check the viewscreen and try again.]
client.join.error_version,Phone join screen — the code belongs to a different release of the game than this phone is running,[That ship is running a different version. Reload this page and try again.]
client.join.error_closed,Phone join screen — the host has stopped admitting new joiners,[That ship has closed its crew list.]
client.join.error_host_gone,Phone join screen — the host disappeared while this phone was connected or connecting,[That ship went offline.]
client.join.error_exhausted,"Phone join screen — the code service could not produce a free code, which a guest can only respond to by retrying",[The join service is busy. Try again in a moment.]
client.join.error_unreachable,Phone join screen — the join service itself could not be reached,[Cannot reach the join service. Check your connection.]
client.join.error_not_phoenix,"Phone join screen — the pasted code's project GUID belongs to no Phoenix namespace at all, so it is neither a crew code nor a fleet one",[That is not a Phoenix join code.]
client.join.error_content,"Phone join screen — the host refused this phone because the two are running different mission content, even though the protocol matches. Distinct from error_version, which is a different build",[That ship is running different content. Reload this page and try again.]
client.join.error_stamp_missing,"Phone join screen — the host could not identify this phone's build at all, because the page carries no delivery stamp (an unbuilt or hand-copied bundle)",[This page could not tell the ship which build it is. Reload it from the ship's own address.]
client.join.error_too_many,Phone join screen — the join service cut this phone off after too many code attempts on one connection,[Too many tries. Reload this page and check the code on the viewscreen.]
client.join.error_relay_full,"Phone join screen — the code is right and the ship is there, but its network is so restrictive that the join service is already carrying as many phones as it may for that ship. Distinct from error_closed, which is the crew list rather than the relay",[That ship's join service is carrying as many phones as it can. Ask someone to disconnect or try another network.]
client.join.error_relay_lost,"Phone join screen — the join service stopped carrying this phone's traffic, or refused a frame it could not carry. A link failure rather than an answer about the code, so the page keeps retrying",[The join service stopped carrying this connection. Trying again.]
client.join.error_reserved_token,"Phone join screen — this page identified with a session token only the ship's own runtime may use, so the ship refused the connection. It cannot happen by accident from a phone; it means the stored token is wrong",[This device is using a reserved name. Clear this site's data and reload.]
client.join.error_invalid_token,Phone join screen — the host refused an invalid or changed session identity and retrying the same saved token cannot repair it,[This device's identity could not be accepted. Clear this site's data and reload.]
server.join.code_caption,Host viewscreen join panel — caption above the code a guest types into their phone,[or type this code]
server.join.joining_off,"Host viewscreen join panel — what it says INSTEAD of a QR when the host has no way in at all (phoenix-host --solo, or a host serving no client bundle and given no --rendezvous; since issue #1353 an ordinary host accepts LAN joins on its own port): there will never be a code, so a framed empty QR would invite a crew to scan something that cannot work",[Crew joining is off — this host has no join service.]
server.join.rendezvous_lost,"Host viewscreen connection diagnostics — the join-code service could not be reached and nothing is re-registering, so there is no code, no QR and no link. Since issue #1112 retired PeerJS there is no second route: nobody can join at all until the service comes back",[No join-code service — nobody can join until it is back.]
server.join.rendezvous_reregistering,"Host viewscreen connection diagnostics — the join-code service dropped and the host is re-registering on a backoff, but this is the FIRST-EVER registration attempt (issue #1115): there is no earlier code held to ask for back, so the one that arrives really will be a new one. See rendezvous_reclaiming for the ordinary case, an already-issued code reconnecting",[Join-code service dropped — reconnecting. A new code will appear here.]
server.join.rendezvous_reclaiming,"Host viewscreen connection diagnostics — the join-code service dropped and the host is re-registering on a backoff, presenting the reclaim secret its own earlier code carried (issue #1115). Nobody can join in the meantime, but the letters already on screen and QR'd across the room should come back rather than being replaced",[Join-code service dropped — reconnecting your code.]
task.ended.completed,"Continuous-task terminal reason — the work produced its result (issue #1341)","[Complete.]"
task.ended.released,"Continuous-task terminal reason — the operator stopped it (issue #1341)","[Released.]"
task.ended.order_withdrawn,"Continuous-task terminal reason — the standing order that opened the task is no longer active, so the crew let go (issue #1341)","[Order withdrawn.]"
task.ended.restarted,"Continuous-task terminal reason — a fresh activation replaced this one before it finished (issue #1341)","[Restarted.]"
task.ended.target_lost,"Continuous-task terminal reason — the selection or lock the work needed is gone (issue #1341)","[Target lost.]"
task.ended.target_destroyed,"Continuous-task terminal reason — the subject left the world, destroyed or removed (issue #1341)","[Target destroyed.]"
task.ended.mission_ended,"Continuous-task terminal reason — the mission ended with the work still running (issue #1341)","[Mission ended.]"
task.ended.out_of_range,"Continuous-task terminal reason — the subject is past the authored reach (issue #1341)","[Out of range.]"
task.ended.unpowered,"Continuous-task terminal reason — the owning system fell below its authored power level (issue #1341)","[Insufficient power.]"
task.ended.disabled,"Continuous-task terminal reason — the owning system was damaged out (issue #1341)","[System disabled.]"
task.ended.not_capable,"Continuous-task terminal reason — this hull cannot do this work at all (issue #1341)","[Not fitted for this.]"
task.ended.no_such_target,"Continuous-task terminal reason — nothing in the world answers to the contact the order named (issue #1341)","[No such contact.]"
task.ended.unreadable,"Continuous-task terminal reason — the subject carries nothing the work can read (issue #1341)","[Nothing to read.]"
task.ended.blinded,"Continuous-task terminal reason — interference pushed the return past anything usable (issue #1341)","[Interference.]"
entity.lifecycle_tender.power_groups.tractor.label,assets/entities/lifecycle_tender.toml -> [power_groups.tractor] label,[Tractor]
entity.lifecycle_tender.power_groups.survey.label,assets/entities/lifecycle_tender.toml -> [power_groups.survey] label,[Survey Suite]
entity.lifecycle_tender.station.engineering.description,assets/entities/lifecycle_tender.toml -> [[station]] description,[Runs the tender's tractor beam and survey suite.]
entity.lifecycle_tender.scan.band.detailed.label,assets/entities/lifecycle_tender.toml -> [[scan.band]] label,[Detailed Survey]
entity.lifecycle_tender.scan.band.coarse.label,assets/entities/lifecycle_tender.toml -> [[scan.band]] label,[Coarse Sweep]
world.probe_task_lifecycle.entity.derelict.name,assets/worlds/probe_task_lifecycle.toml -> [[entity]] name,[Derelict Hauler]
world.probe_task_lifecycle.entity.depot.name,assets/worlds/probe_task_lifecycle.toml -> [[entity]] name,[Skyway Transfer Depot]
world.probe_task_lifecycle.capacity.berths.label,assets/worlds/probe_task_lifecycle.toml -> [[entity.overrides.infrastructure.capacity]] label,[Berths]
world.probe_task_lifecycle.threshold.transfer_capable.label,assets/worlds/probe_task_lifecycle.toml -> [[entity.overrides.infrastructure.threshold]] label,[Transfer Arm]
security.dispatch.refused.disabled,"Security dispatch refusal — the Security System is damaged out, so no team can be sent anywhere (issue #1346)","[Security offline — no team can be sent.]"
security.dispatch.refused.no_such_team,"Security dispatch refusal — the command named a team this hull does not muster (issue #1346)","[No such Security team.]"
security.dispatch.refused.team_busy,"Security dispatch refusal — that team already holds an assignment; one team, one job (issue #1346)","[Team already assigned — recall it first.]"
security.dispatch.refused.no_such_target,"Security dispatch refusal — nothing answers to the named target, or what does offers no Security work (issue #1346)","[No such target.]"
security.dispatch.refused.action_unavailable,"Security dispatch refusal — the target does not offer the action that was asked for (issue #1346)","[That cannot be done here.]"
security.dispatch.refused.out_of_range,"Security dispatch refusal — the target is past the hull's authored Security reach (issue #1346)","[Out of range — close on the target.]"
world.falling_skyway.security.warning.head_evacuation,"assets/worlds/falling_skyway.toml -> [[entity.overrides.security_target.action]] warning — what a Security team is being asked to walk into on the slipping tether head (issue #1346)","[Tether under load — team exposed to a structural failure while aboard.]"
world.falling_skyway.security.warning.gallery_fire,"assets/worlds/falling_skyway.toml -> [[entity.overrides.security_target.action]] warning — the pump-gallery fire on Ladder B (issue #1346)","[Gallery fire, unattended. Smoke and no local crew to hand over to.]"
world.falling_skyway.objective.head_evacuation.text,"assets/worlds/falling_skyway.toml -> add_objective text — the optional Security objective to get the people off the tether head (issue #1346)","[Get the people off the tether head.]"
world.falling_skyway.objective.gallery_fire.text,"assets/worlds/falling_skyway.toml -> add_objective text — the optional Security objective to contain the Ladder B pump-gallery fire (issue #1346)","[Contain the pump-gallery fire on Ladder B.]"
component.security_teams.title,Security teams panel heading (issue #1346),[SECURITY TEAMS]
component.security_teams.jobs_title,"Security panel heading over the list of targets and actions a team can be sent to (issue #1346)",[AVAILABLE WORK]
component.security_teams.no_teams,Security panel when the hull musters no Security teams (issue #1346),[NO SECURITY TEAMS]
component.security_teams.no_jobs,Security panel when nothing in reach offers Security work (issue #1346),[Nothing to send a team to]
component.security_teams.team,Security team fallback name. {n} is the team number (issue #1346),[Team {n}]
component.security_teams.recall,Security team control that brings the team home (issue #1346),[RECALL]
component.security_teams.risk,"Security job row: how dangerous and how long. {pct} is the authored risk as a percentage, {secs} the authored duration in seconds (issue #1346)",[{pct}% · {secs}s]
component.security_teams.state.available,Security team status badge: mustered aboard and ready to be sent (issue #1346),[AVAILABLE]
component.security_teams.state.deploying,Security team status badge: crossing to its target (issue #1346),[DEPLOYING]
component.security_teams.state.working,Security team status badge: at the target doing the work (issue #1346),[WORKING]
component.security_teams.state.withdrawing,Security team status badge: coming home (issue #1346),[WITHDRAWING]
component.security_teams.state.unavailable,"Security team status badge: off the board because the Security System is damaged out (issue #1346)",[UNAVAILABLE]
component.security_teams.action.secure_contain,Security action label: secure or contain the target (issue #1346),[Secure / Contain]
component.security_teams.action.assist_evacuation,Security action label: assist an evacuation already under way (issue #1346),[Assist Evacuation]
component.security_teams.action.board,Security action label: board the target (issue #1346),[Board]
component.security_teams.action.place_charges,Security action label: place demolition charges (issue #1346),[Place Charges]
component.security_teams.priority.life_safety,Security priority chip: an immediate threat to life (issue #1346),[LIFE]
component.security_teams.priority.evacuation_underway,Security priority chip: an evacuation already under way (issue #1346),[EVAC]
component.security_teams.priority.urgent_objective,Security priority chip: work a live urgent Objective names (issue #1346),[OBJECTIVE]
component.security_teams.priority.threat_containment,Security priority chip: containing an active threat (issue #1346),[CONTAIN]
component.security_teams.priority.optional,Security priority chip: worth doing when there is nothing better (issue #1346),[OPTIONAL]
console.tactical.security,"tactical console — ""Security"" panel heading (issue #1346)",[Security]
world.falling_skyway.security.warning.picket_containment,"assets/worlds/falling_skyway.toml -> [[entity.overrides.security_target.action]] warning — locking out the Havelock picket's mounts from outside (issue #1349)","[Armed boat, crew aboard. Team works the mounts from the hull with her guns live.]"
world.falling_skyway.security.warning.picket_boarding,"assets/worlds/falling_skyway.toml -> [[entity.overrides.security_target.action]] warning — going aboard the Havelock picket (issue #1349)","[Contested hatch. Once the team is inside, the boat's crew decide how this goes.]"
world.falling_skyway.objective.picket.text,"assets/worlds/falling_skyway.toml -> add_objective text — the optional objective to get the Havelock picket out of the lane (issue #1349)",[Clear the Havelock picket from the corridor.]
world.falling_skyway.objective.picket_force.text,"assets/worlds/falling_skyway.toml -> add_objective text — the authorised-force objective posted only when a captain licenses it on the channel (issue #1349)",[Authorised: put the Havelock picket's guns out of the fight.]
world.falling_skyway.comms.picket_holds_station,"Dialogue body — the Havelock picket answering a first hail in Falling Skyway","[Destroyer, you are close to a contracted lane hold. We are paid to sit here. Say what you want.]"
world.falling_skyway.comms.picket_holds_station_warned,"Dialogue body — the Havelock picket after being told a boarding party is coming, Falling Skyway","[We heard you the first time. We are still here. Nothing has changed on our end.]"
world.falling_skyway.comms.picket_holds_station_refused,"Dialogue body — the Havelock picket after refusing to stand off, Falling Skyway","[Same answer as before, Destroyer. Ask again if it helps you sleep.]"
world.falling_skyway.comms.picket_channel_closed,"Dialogue body — the picket channel answering a stale response after the standoff is settled or the mission has closed, Falling Skyway",[That conversation is over. Nothing on this channel now.]
world.falling_skyway.comms.picket_ask_withdraw,"Dialogue response — ask the Havelock picket to stand off the lane, Falling Skyway",[Take your boat off the lane. There are people waiting on it.]
world.falling_skyway.comms.picket_warn_boarders,"Dialogue response — warn the Havelock picket that a boarding party is coming and no guns will be used, Falling Skyway","[Understand this: we will come aboard you. We will not shoot you.]"
world.falling_skyway.comms.picket_authorize_force,"Dialogue response — authorise Tactical force against the Havelock picket, Falling Skyway",[Tactical is authorised. Take their guns off them.]
world.falling_skyway.comms.picket_refuses,"Dialogue body — the Havelock picket refusing to stand off, Falling Skyway","[No. The hold is contracted and we are not the ones who wrote it. Take it up with the cutter.]"
world.falling_skyway.comms.picket_stands_off,"Dialogue body — the Havelock picket agreeing to leave the lane, Falling Skyway","[…Right. We are not dying over a lane hold. Coming off station. The lane is yours.]"
world.falling_skyway.comms.picket_force_authorized,"Dialogue body — the Havelock picket hearing the force authorisation read to it, Falling Skyway","[Understood, Destroyer. On the record: you said that, not us.]"
world.falling_skyway.comms.picket_force_standing,"Dialogue body — the Havelock picket answering a repeated force authorisation, Falling Skyway",[You have already said it. We are not going to be told twice.]
world.falling_skyway.comms.picket_contained_report,"Dialogue body — the Havelock picket's own crew after a Security team locks their mounts out, Falling Skyway","[Mounts are cold. Your people were civil about it. We are still here and we are still watching.]"
world.falling_skyway.comms.picket_boarded_report,"Dialogue body — the Havelock picket after a Security team comes aboard, Falling Skyway","[Your party has the bridge. Nobody died over it. Somebody is going to have to explain this to the office.]"
world.falling_skyway.comms.picket_disabled_report,"Dialogue body — the Havelock picket after its mounts are shot off, Falling Skyway","[Mounts are slag. We are still breathing, which I am told was a choice you made.]"
world.falling_skyway.comms.picket_destroyed_report,"Dialogue body — Havelock operations on the picket being destroyed, Falling Skyway — the one report the boat cannot make itself",[There were four people on that boat. Do not hail this office again tonight.]
world.falling_skyway.commitment.picket_restraint.terms,"Commitment terms — the captain's promise to the Havelock picket that it will be boarded and not shot, Falling Skyway",[The picket will be taken by boarding party and not by weapons fire.]
world.falling_skyway.commitment.picket_restraint.resolves,"Commitment resolution condition — the picket-restraint promise in Falling Skyway",[Settled when the standoff ends.]
world.falling_skyway.evidence.picket_contract,"Dossier line — the lane-hold contract the Havelock picket reads out when it is warned, Falling Skyway","[Picket crew cited a lane-hold clause paid by Havelock operations, not by the depot.]"
world.falling_skyway.report.picket.heading,"Post-mission report row heading (issue #1349) — names the standoff the row is about",[Havelock Picket]
world.falling_skyway.report.picket.contained,"Post-mission report row outcome — a Security team locked the picket's mounts out from outside",[Mounts locked out from outside. Her crew walked away from it.]
world.falling_skyway.report.picket.boarded,"Post-mission report row outcome — a Security team went aboard and took the picket, and somebody aboard her was hurt",[Taken by boarding party. One of theirs hurt getting there.]
world.falling_skyway.report.picket.boarded_clean,"Post-mission report row outcome — a Security team went aboard and took the picket after a warning on the channel, and nobody was hurt","[Taken by boarding party. They were warned, and nobody was hurt.]"
world.falling_skyway.report.picket.disabled,"Post-mission report row outcome — the picket's guns were shot off and the engagement ended there",[Guns shot off her and the shooting stopped. She is still floating.]
world.falling_skyway.report.picket.withdrew,"Post-mission report row outcome — the picket was talked off the lane and left under its own power",[Talked off the lane. She flew home whole.]
world.falling_skyway.report.picket.destroyed,"Post-mission report row outcome — the picket was destroyed",[Destroyed with her crew aboard.]
world.falling_skyway.report.picket.engaged,"Post-mission report row outcome — the crew opened fire on the picket, settled nothing and left her on station","[Fired on and left standing. The lane stayed hers, and she has the holes to show for it.]"
world.falling_skyway.report.picket.holding,"Post-mission report row outcome — the crew opened the channel and left the picket where it was",[Hailed and left standing. The lane stayed hers.]
world.falling_skyway.report.picket.unresolved,"Post-mission report row outcome — nobody ever addressed the standoff",[Never addressed. She was still on station when the shutters came down.]
world.falling_skyway.report.survey.heading,"Post-mission report row heading (issue #1351) — the corridor survey and the evidence the crew came away holding",[Corridor Survey]
world.falling_skyway.report.survey.corroborated,"Post-mission report row outcome — a worker corroborated the corridor record on the channel",[A worker put it on the record. The case holds.]
world.falling_skyway.report.survey.records,"Post-mission report row outcome — the crew hold the depot maintenance discrepancy but no living witness",[The depot record shows the fault. It stands on paper.]
world.falling_skyway.report.survey.filed,"Post-mission report row outcome — the survey was filed with Control but turned up nothing to hang a case on",[Survey filed. Nothing on the record to hang a case on.]
world.falling_skyway.report.survey.missed,"Post-mission report row outcome — no complete survey ever reached Control",[No survey reached Control. The corridor went on the operator's word.]
world.falling_skyway.report.labour.heading,"Post-mission report row heading (issue #1351) — how the Ladder B strike was settled",[Ladder B Strike]
world.falling_skyway.report.labour.negotiated,"Post-mission report row outcome — the strike was talked to a settlement",[Talked to a vote. The rung went back to work on its own terms.]
world.falling_skyway.report.labour.forced,"Post-mission report row outcome — the picket was cleared over the workers' heads",[Cleared by authorisation. The rung moved; the crew did not agree to it.]
world.falling_skyway.report.labour.unresolved,"Post-mission report row outcome — the strike was left stopped",[Left stopped. The next crew through inherits a rung nobody freed.]
world.falling_skyway.report.traffic.heading,"Post-mission report row heading (issue #1351) — the corridor traffic that rode out the storm",[Corridor Traffic]
world.falling_skyway.report.traffic.clear,"Post-mission report row outcome — every corridor craft came through the sweep",[Every craft came through the sweep.]
world.falling_skyway.report.traffic.thinned,"Post-mission report row outcome — some corridor craft were lost to the sweep",[The sweep took some of them. The rest came through.]
world.falling_skyway.report.traffic.scattered,"Post-mission report row outcome — the corridor traffic was lost to the sweep",[The lane was cleared of them. None came through.]
world.falling_skyway.report.skyhook.heading,"Post-mission report row heading (issue #1351) — whether the skyhook head stood",[The Skyhook]
world.falling_skyway.report.skyhook.held,"Post-mission report row outcome — the tether was held and the head stood",[The tether held. The head is still standing.]
world.falling_skyway.report.skyhook.lost,"Post-mission report row outcome — the head came down",[The head came down. The corridor lost its lee.]
world.falling_skyway.report.lifts.heading,"Post-mission report row heading (issue #1351) — who the transfer window carried clear",[Transfer Window]
world.falling_skyway.report.lifts.full,"Post-mission report row outcome — the window carried all it could",[The window carried all it could hold.]
world.falling_skyway.report.lifts.some,"Post-mission report row outcome — the window carried one claimant clear",[One claimant carried clear. The others stayed on the rock.]
world.falling_skyway.report.lifts.none,"Post-mission report row outcome — the window carried nobody",[Nobody was carried clear.]
world.falling_skyway.report.commitments.heading,"Post-mission report row heading (issue #1351) — the captain's word, kept and broken",[The Captain's Word]
world.falling_skyway.report.commitments.kept,"Post-mission report row outcome — every promise the captain made was kept",[Every promise was kept.]
world.falling_skyway.report.commitments.mixed,"Post-mission report row outcome — some promises were kept and some broken",[Some were kept. Some were read back to the ship that broke them.]
world.falling_skyway.report.commitments.broken,"Post-mission report row outcome — the promises the captain made were broken",[The word was given and not kept.]
world.falling_skyway.report.civilians.heading,"Post-mission report row heading (issue #1351) — the survivors shed by the falling head",[Head Survivors]
world.falling_skyway.report.civilians.all,"Post-mission report row outcome — every survivor off the head was recovered",[Both craft off the head were brought in.]
world.falling_skyway.report.civilians.some,"Post-mission report row outcome — some survivors off the head were recovered and some lost",[One craft was brought in. The debris took the other.]
world.falling_skyway.report.civilians.none,"Post-mission report row outcome — the survivors off the head were lost",[The debris took both craft off the head.]
world.falling_skyway.comms.picket_leave_it,"Dialogue response — leave the Havelock picket where it is and close the channel, Falling Skyway",[Leave them. They are not the problem tonight.]
world.falling_skyway.comms.picket_left_alone,"Dialogue body — the Havelock picket after the captain decides to leave it alone, Falling Skyway",[Then we will be right here. Mind the lane on your way past.]
world.probe_picket.entity.picket.name,assets/worlds/probe_picket.toml -> [[entity]] name,[Probe Picket]
world.probe_picket.entity.leaver.name,assets/worlds/probe_picket.toml -> [[entity]] name,[Probe Leaver]
world.probe_picket.entity.brawler.name,assets/worlds/probe_picket.toml -> [[entity]] name,[Probe Brawler]
world.probe_fleet_comms_choice.entity.claimant.name,"assets/worlds/probe_fleet_comms_choice.toml -> [[entity]] name, the party that calls the fleet. [bracketed]: unapproved copy",[PROBE CORRIDOR CLAIMANT]
world.probe_fleet_comms_choice.comms.claim,"assets/worlds/probe_fleet_comms_choice.toml -> the weighted decision's body. [bracketed]: unapproved copy",[Who takes the corridor?]
world.probe_fleet_comms_choice.comms.stand_by,"assets/worlds/probe_fleet_comms_choice.toml -> response text, the hold an unmanned console may not take. [bracketed]: unapproved copy",[Stand by.]
world.probe_fleet_comms_choice.comms.grant,"assets/worlds/probe_fleet_comms_choice.toml -> response text, the one weighted option. [bracketed]: unapproved copy",[The corridor is yours.]
world.probe_fleet_comms_choice.comms.refuse,"assets/worlds/probe_fleet_comms_choice.toml -> response text, authored but unweighted. [bracketed]: unapproved copy",[The corridor stays closed.]
world.probe_fleet_comms_choice.entity.claimant_far.name,"assets/worlds/probe_fleet_comms_choice.toml -> [[entity]] name, the party that calls the FAR hull — out of the near hull's comms range on purpose. [bracketed]: unapproved copy",[PROBE FAR CORRIDOR CLAIMANT]
entity.alliance_destroyer.scan.mass_class.light.label,"assets/entities/alliance_destroyer.toml -> [[scan.mass_class]] label","[Light]"
entity.alliance_destroyer.scan.mass_class.medium.label,"assets/entities/alliance_destroyer.toml -> [[scan.mass_class]] label","[Medium]"
entity.alliance_destroyer.scan.mass_class.heavy.label,"assets/entities/alliance_destroyer.toml -> [[scan.mass_class]] label","[Heavy]"
entity.alliance_destroyer.scan.mass_class.massive.label,"assets/entities/alliance_destroyer.toml -> [[scan.mass_class]] label","[Massive]"
world.falling_skyway.entity.debris_lead.name,"assets/worlds/falling_skyway.toml -> spawn_entity name, the debris on course for Ladder A","[Corridor Debris Alpha]"
world.falling_skyway.entity.debris_trail.name,"assets/worlds/falling_skyway.toml -> spawn_entity name, the debris on course for Ladder B","[Corridor Debris Beta]"
world.falling_skyway.entity.debris_stray.name,"assets/worlds/falling_skyway.toml -> spawn_entity name, the harmless drifting mass","[Corridor Debris Gamma]"
world.falling_skyway.objective.debris_scan_near.text,"Objective text — assess the nearest shed mass, Falling Skyway","[Something came out of the storm's wake close aboard. Scan it and find out what it is.]"
world.falling_skyway.objective.debris_scan_lead.text,"Objective text — assess the lead shed mass, Falling Skyway","[There is a second return up-track of Ladder A. Get in survey range and read it.]"
world.falling_skyway.objective.debris_scan_trail.text,"Objective text — assess the trailing shed mass, Falling Skyway","[A third return is drifting down toward Ladder B. Find out where it is going.]"
world.falling_skyway.objective.debris_lead.text,"Objective text — intercept the mass on course for Ladder A, Falling Skyway","[Corridor Debris Alpha is on course for Ladder A. Break it up before it arrives.]"
world.falling_skyway.objective.debris_trail.text,"Objective text — intercept the mass on course for Ladder B, Falling Skyway","[Corridor Debris Beta is on course for Ladder B. Break it up before it arrives.]"
world.falling_skyway.computer_message.debris_unidentified,"Ship's-computer cue — unidentified returns after the storm, Falling Skyway","[Three unidentified masses in the corridor. No trajectory solution.]"
world.falling_skyway.computer_message.debris_collision_lead,"Ship's-computer cue — collision confirmed on Ladder A, Falling Skyway","[Collision confirmed. Corridor Debris Alpha will strike Ladder A.]"
world.falling_skyway.computer_message.debris_collision_trail,"Ship's-computer cue — collision confirmed on Ladder B, Falling Skyway","[Collision confirmed. Corridor Debris Beta will strike Ladder B.]"
world.falling_skyway.computer_message.debris_urgent_lead,"Ship's-computer cue — impact on Ladder A imminent, Falling Skyway","[Impact on Ladder A imminent. Firing window closing.]"
world.falling_skyway.computer_message.debris_urgent_trail,"Ship's-computer cue — impact on Ladder B imminent, Falling Skyway","[Impact on Ladder B imminent. Firing window closing.]"
world.falling_skyway.computer_message.debris_stray_clear,"Ship's-computer cue — the near mass is aimed at nothing, Falling Skyway","[Corridor Debris Gamma is on no collision course. Nothing under it.]"
world.falling_skyway.computer_message.debris_struck_lead,"Ship's-computer cue — Ladder A was hit, Falling Skyway","[Impact. Ladder A has taken the mass we did not stop.]"
world.falling_skyway.computer_message.debris_struck_trail,"Ship's-computer cue — Ladder B was hit, Falling Skyway","[Impact. Ladder B has taken the mass we did not stop.]"
world.falling_skyway.computer_message.debris_corridor_clear,"Ship's-computer cue — no confirmed masses left in the corridor, Falling Skyway","[Corridor clear. No confirmed masses remaining.]"
world.falling_skyway.evidence.debris_strike,"Evidence text — a rung struck by shed corridor debris, Falling Skyway","[Struck by a mass shed from the corridor after the storm. Damage is on the rung's own condition track.]"
component.scan.debris.protected,"Science scan readout — row label naming the asset a moving hazard is on course to strike (issue #1347)","[On course for]"
component.scan.debris.clear,"Science scan readout — value shown when a moving hazard is on no collision course, which is a finding rather than an absence (issue #1347)","[No collision course]"
component.scan.debris.closest,"Science scan readout — row label for how near a moving hazard comes to the asset under it, world units (issue #1347)","[Closest approach]"
component.scan.debris.impact,"Science scan readout — row label for the projected time until a moving hazard reaches the asset under it (issue #1347)","[Time to impact]"
world.probe_debris.entity.depot.name,assets/worlds/probe_debris.toml -> [[entity]] name,[Probe Transfer Depot]
world.probe_debris.entity.mass.name,assets/worlds/probe_debris.toml -> [[entity]] name,[Probe Corridor Mass]
transporter.refused.no_contact,"Transporter refusal — no rescue contact is selected (issue #1348)","[No contact selected.]"
transporter.refused.not_discovered,"Transporter refusal — the selected contact has not been revealed by a completed scan (issue #1348)","[No life signs confirmed — scan the contact first.]"
transporter.refused.no_civilians,"Transporter refusal — the selected contact carries no unrecovered civilians (issue #1348)","[Everyone is aboard.]"
transporter.refused.out_of_range,"Transporter refusal — the selected contact is past the transporter's authored range (issue #1348)","[Out of range — close on the contact.]"
transporter.refused.unpowered,"Transporter refusal — the transporter's power group is below its authored minimum level (issue #1348)","[Insufficient power allocated.]"
transporter.refused.disabled,"Transporter refusal — the transporter system is damaged to Disabled (issue #1348)","[Transporter disabled.]"
console.engineering.transporter,"Engineering console — Transporter panel heading (issue #1348)","[Transporter]"
console.transporter.start,"Engineering console — Transporter start button (issue #1348)","[Beam Up]"
console.transporter.stop,"Engineering console — Transporter stop button (issue #1348)","[Hold]"
world.probe_transporter.entity.destroyer.name,assets/worlds/probe_transporter.toml -> [[entity]] name,[Probe Destroyer]
world.probe_transporter.entity.lighter.name,assets/worlds/probe_transporter.toml -> [[entity]] name,[Stranded Lighter]
world.probe_transporter.objective.rescue.text,assets/worlds/probe_transporter.toml -> rescue objective,[Recover the civilians aboard the Stranded Lighter.]
world.probe_transporter.cue.life_signs,assets/worlds/probe_transporter.toml -> discovery cue,[Life signs detected aboard the Stranded Lighter. Transport available.]
world.probe_transporter.cue.rescue_complete,assets/worlds/probe_transporter.toml -> rescue-complete cue,[All civilians recovered.]
world.probe_transporter.cue.civilians_lost,assets/worlds/probe_transporter.toml -> casualty cue,[Contact lost with civilians still aboard.]
world.probe_transporter.report.civilians.heading,assets/worlds/probe_transporter.toml -> report row heading,[Stranded Lighter]
world.probe_transporter.report.civilians.saved,assets/worlds/probe_transporter.toml -> report row outcome (saved),[Civilians recovered by transporter.]
world.probe_transporter.report.civilians.lost,assets/worlds/probe_transporter.toml -> report row outcome (lost),[Lost with civilians still aboard.]
demolition.detonate.refused.disabled,"Demolition detonate refusal — the Security System that fires the charges is damaged out (issue #1350)","[Security offline — cannot fire the charges.]"
demolition.detonate.refused.no_such_target,"Demolition detonate refusal — nothing in the world answers to the named obstruction, or it offers no demolition (issue #1350)","[No such demolition target.]"
demolition.detonate.refused.not_charged,"Demolition detonate refusal — charges have not been placed here yet (issue #1350)","[No charges placed — send a team first.]"
demolition.detonate.refused.already_detonated,"Demolition detonate refusal — the charges have already been fired (issue #1350)","[Charges already fired.]"
world.falling_skyway.entity.corridor_obstruction.name,"assets/worlds/falling_skyway.toml -> [[entity]] name — the collapsed mass wedged across the corridor that Act 3 clears by controlled demolition (issue #1350)","[Corridor Obstruction]"
world.falling_skyway.security.warning.obstruction_charges,"assets/worlds/falling_skyway.toml -> [[entity.overrides.security_target.action]] warning — what a Security team walks into placing charges on the wedged mass (issue #1350)","[Unstable mass under load — team exposed while setting charges.]"
world.falling_skyway.demolition.warning.obstruction,"assets/worlds/falling_skyway.toml -> [entity.overrides.demolition_target] warning — what firing the charges on the corridor obstruction will do (issue #1350)","[Live charges. Confirm the team is clear and the mass is held before firing.]"
world.falling_skyway.computer_message.obstruction_cleared,"assets/worlds/falling_skyway.toml -> show_message — the ship's computer confirms a clean, stabilised demolition (issue #1350)","[Obstruction cleared. Debris field limited and drifting clear.]"
world.falling_skyway.computer_message.obstruction_unsupported,"assets/worlds/falling_skyway.toml -> show_message — an unsupported detonation scattered more debris than a held shot (issue #1350)","[Obstruction down, but unheld — heavy debris scattered across the lane.]"
world.falling_skyway.computer_message.obstruction_premature,"assets/worlds/falling_skyway.toml -> show_message — the charges went off with the team still on the mass (issue #1350)","[Premature detonation — team caught in the blast. Casualties reported.]"
world.falling_skyway.computer_message.obstruction_weapons,"assets/worlds/falling_skyway.toml -> show_message — the obstruction was broken up by ordinary weapons fire (issue #1350)","[Obstruction broken up by weapons fire — uncontrolled debris across the lane.]"
server.save_slots.heading,Host pre-scenario local save catalogue heading (issue #865),[Saved Sessions]
server.save_slots.intro,Host save catalogue peer-local storage explanation (issue #865),[These saves belong to this browser only.]
server.save_slots.new_session,Host save catalogue action that leaves the ordinary scenario picker available,[New Session]
server.save_slots.autosave,Host save catalogue display label for the reserved rolling storage slot,[Automatic save]
server.save_slots.manual_heading,Host persistent in-session heading for named fixed-tick manual capture,[Manual Save]
server.save_slots.manual_name,Host save catalogue label for a new manual save name,[Save name]
server.save_slots.manual_placeholder,Host save catalogue placeholder for a new manual save name,[Name this save]
server.save_slots.create,Host save catalogue action requesting a manual capture,[Save Current Session]
server.save_slots.capture_unavailable,Host save catalogue hint outside the only authoritative phase that accepts manual capture,[Manual saving is available only while the session is in progress.]
server.save_slots.empty,Host save catalogue empty state,[No local saves yet.]
server.save_slots.select,Accessible name for selecting a local save row. {name} is its display name,[Select {name}]
server.save_slots.row_detail,Host save catalogue row detail. {scenario} is the world path and {tick} is the capture tick,[{scenario} · tick {tick}]
server.save_slots.unknown_scenario,Host save catalogue fallback when a stored run has no readable scenario,[Unknown scenario]
server.save_slots.unknown_tick,Host save catalogue fallback when a stored run has no readable capture tick,[unknown tick]
server.save_slots.compatible,Host save catalogue compatibility verdict for a slot this build can start,[Compatible]
server.save_slots.content_pending,Host save catalogue verdict before the selected scenario content is loaded and checked,[Content check on start]
server.save_slots.incompatible_format,Host save catalogue compatibility verdict when the save envelope format moved,[Incompatible · save format]
server.save_slots.incompatible_rules,Host save catalogue compatibility verdict when simulation rules moved,[Incompatible · rules]
server.save_slots.incompatible_content,Host save catalogue compatibility verdict when scenario content moved,[Incompatible · scenario content]
server.save_slots.unreadable,Host save catalogue verdict when a slot cannot be parsed or read,[Unreadable]
server.save_slots.metadata_missing,Host save catalogue warning when manual display-name metadata is missing,[Name metadata missing]
server.save_slots.metadata_corrupt,Host save catalogue warning when manual display-name metadata is damaged,[Name metadata damaged]
server.save_slots.metadata_unreadable,Host save catalogue warning when manual display-name metadata cannot be read,[Name metadata unavailable]
server.save_slots.rename_label,Host save catalogue label for editing the selected slot display name,[New name]
server.save_slots.rename,Host save catalogue action that renames the selected manual slot,[Rename]
server.save_slots.export,Host save catalogue action that exports the selected exact slot,[Export]
server.save_slots.start,Host save catalogue action that starts a fresh app from the selected compatible slot,[Start Saved Session]
server.save_slots.delete,Host save catalogue action that opens delete confirmation,[Delete]
server.save_slots.cancel,Host save catalogue delete confirmation cancel action,[Cancel]
server.save_slots.confirm_delete,Host save catalogue destructive confirmation action,[Confirm Delete]
server.save_slots.delete_confirm,Host save catalogue confirmation prompt. {name} is the selected display name,[Delete {name}? This cannot be undone.]
server.save_slots.name_required,Host save catalogue validation when a manual display name is blank,[Enter a save name.]
server.save_slots.pending,Host save catalogue status after a manual request and before fixed-tick storage,[Save requested. It will be captured on the next simulation tick.]
server.save_slots.capture_dropped,Host manual-save refusal when active play ends before an admitted request reaches its fixed-tick boundary,[The session left active play before the save could be captured.]
server.save_slots.created,Host save catalogue status after a manual save was stored locally,[Saved.]
server.save_slots.renamed,Host save catalogue status after a display name was changed,[Save renamed.]
server.save_slots.exported,Host save catalogue status after the selected slot download began,[Save exported.]
server.save_slots.export_missing,Host save catalogue failure when the selected slot yielded no export artifact,[The selected save could not be exported.]
server.save_slots.deleted,Host save catalogue status after confirmed local deletion,[Save deleted.]
server.save_slots.starting,Host save catalogue status while reloading into a selected compatible slot,[Starting a fresh session from this save…]
server.save_slots.new_session_ready,Host save catalogue status after choosing the ordinary new-session path,[Choose a scenario to start a new session.]
server.save_slots.list_failed,Host save catalogue failure. {detail} is the browser storage reason,[Could not read local saves. {detail}]
server.save_slots.action_failed,Host save catalogue action failure. {detail} is the bridge or browser reason,[The save action failed. {detail}]
server.save_slots.local_failure,Host save catalogue fallback when a local storage operation returned no detail,[Local storage did not complete the action.]
server.save_slots.hull_unavailable,Host saved-session refusal when the recorded hull is no longer offered by its scenario,[The saved hull is not offered by this scenario.]
lobby.gms.heading,Accessible heading for the equal Game Master presence group in host and crew lobbies,[Game Masters]
lobby.gms.connected,Connected Game Master presence. {name} is the public operator name,[{name} · connected]
lobby.gms.disconnected,Disconnected Game Master presence retained for reconnect. {name} is the public operator name,[{name} · disconnected]
lobby.gms.ready,Non-colour readiness text appended to a connected Game Master presence row,[ready]
lobby.gms.not_ready,Non-colour readiness text appended to a Game Master presence row. Disconnected GMs are always not ready,[not ready]
server.gm.start.heading,Accessible heading for the privileged GM lobby-start controls,[Mission start]
server.gm.start.ready,GM control that marks this operator ready for collective automatic start,[Ready]
server.gm.start.unready,GM control that withdraws this operator's readiness,[Unready]
server.gm.start.force,GM control that requests an attributed start without waiting for readiness. Validation still applies,[Force start]
server.gm.start.summary,GM collective readiness summary. {ready} and {connected} are participant counts,[{ready} of {connected} participants ready]
server.gm.start.standalone,GM start controls when this game master IS the whole session — no fleet peers to wait for,[Standalone session · start when ready]
server.gm.start.waiting_policy,GM start controls before the first owner-computed policy arrives,[Waiting for fleet readiness…]
server.gm.start.force_applied,Accessible result after a GM force-start request is accepted. {name} is the public operator name,[Start authorised by {name}.]
server.gm.start.force_applied_locally,Accessible final result after an attributed GM force-start grant is accepted by the local simulation. {name} is the public operator name,[Start authorised by {name}; this host accepted the grant.]
server.gm.start.applied_locally,Accessible final result after the local authoritative simulation applies a fleet start grant,[Start grant accepted by this host.]
server.gm.start.already_started,Accessible result when start was already granted,[The mission is already starting.]
server.gm.start.validation_failed,Accessible refusal when force start cannot bypass content or session validation,[Start refused — session validation failed.]
server.gm.start.apply_refused,Accessible fallback when the local authoritative simulation refuses a fleet start grant,[Start grant refused by this host.]
server.gm.start.force_refused,Accessible fallback refusal for a GM start request,[Start request refused.]
server.gm.console.title,Heading for the rendererless Game Master page,[Game Master]
server.gm.console.local_truth,Explains that this small projection comes from this peer's own authoritative simulation,[Local authoritative simulation]
server.gm.role_preset.heading,Accessible label for the GM role preset selector,[Role preset]
server.gm.role_preset.option.all,Built-in default GM role preset option that shows every panel quick action and contact,[All]
world.smoke_gm_role_preset.tactical.label,GM console smoke fixture (issue #1319) authored role preset label,[Tactical]
world.smoke_gm_role_preset.narrative.label,GM console smoke fixture (issue #1319) authored role preset label,[Narrative]
world.smoke_gm_palette.tender.label,GM console smoke fixture (issue #1305) authored spawn palette entry label,[Support Tender]
world.smoke_gm_palette.tender.escort.label,GM console smoke fixture (issue #1305) authored palette variant label,[Escort Pattern]
server.gm.entity.pending,Shown before an authoritative entity is available or after it is removed,[Waiting for an entity…]
server.gm.entity.identity,Label for the stable authoritative entity UUID,[Identity]
server.gm.entity.status,Label for the entity's authoritative status,[Status]
server.gm.entity.hull,Living entity status. {percent} is the authoritative hull percentage,[Hull {percent}%]
server.gm.entity.condition,Structure status. {percent} is the authoritative infrastructure condition percentage,[Condition {percent}%]
server.gm.entity.hull_and_condition,Structure status with both broad tracks. {hull} is hull percentage and {condition} is infrastructure condition percentage,[Hull {hull}% / condition {condition}%]
server.gm.entity.active,Broad status for an entity with no applicable hull or condition meter,[Active]
server.gm.entity.destroyed,Destroyed entity status,[Destroyed]
server.gm.map.heading,Heading for the rendererless GM omniscient world map,[Omniscient map]
server.gm.map.legend,Non-colour map legend identifying point shapes area line styles and destroyed state,[Diamond: player ship | Triangle: NPC ship | Square: structure | Circle: authored asteroid | Solid area: Region | Dashed area: hazard | Dotted area: asteroid field | X: destroyed]
server.gm.inspector.heading,Heading for the reusable selected-entity inspector shell,[Inspector]
server.gm.inspector.empty,Shown when the GM map has no current selection,[Select an object or Region on the map.]
server.gm.activity.heading,Heading for the bounded local GM activity feed,[Activity]
server.gm.activity.filter.category,Accessible label for the GM activity category filter,[Category]
server.gm.activity.filter.category_all,GM activity filter option that includes every category,[All activity]
server.gm.activity.filter.ship,Accessible label for the GM activity semantic ship filter,[Ship]
server.gm.activity.filter.ship_all,GM activity filter option that includes global and every ship scope,[All ships]
server.gm.activity.filter.clear,Action that restores both GM activity filters to their defaults,[Clear filters]
server.gm.activity.empty,Shown when no GM activity rows match the current filters,[No matching activity.]
server.gm.activity.status,Accessible GM activity result count. shown is the filtered count and total is retained rows and capacity is the authored bound,[Showing {shown} of {total} retained events. Capacity {capacity}.]
server.gm.activity.tick,GM activity timestamp where tick is the authoritative simulation tick,[Tick {tick}]
server.gm.activity.category.damage,GM activity category for applied damage,[Damage]
server.gm.activity.category.destruction,GM activity category for a destroyed entity,[Destruction]
server.gm.activity.category.objective,GM activity category for an objective lifecycle transition,[Objective]
server.gm.activity.category.trigger,GM activity category for an authored trigger firing,[Trigger]
server.gm.activity.category.red_alert,GM activity category for a red alert transition,[Red alert]
server.gm.activity.category.connection,GM activity category for public crew and operator presence,[Connection]
server.gm.activity.category.gm_action,GM activity category for an attributed operational action,[GM action]
server.gm.activity.link_role.source,Label for an activity source selection link,[Source]
server.gm.activity.link_role.victim,Label for an activity victim selection link,[Victim]
server.gm.activity.link_role.target,Label for an activity target selection link,[Target]
server.gm.activity.link_role.ship,Label for an activity ship selection link,[Ship]
server.gm.activity.select_available,Pointer hint for an activity identity that still exists on the map,[Select this object on the map]
server.gm.activity.select_unavailable,Pointer hint for a retained activity identity that no longer exists on the map,[This object is no longer available on the map]
server.gm.activity.select_entity,Accessible action for selecting an involved activity identity. name is its display name,[Select {name} on the map]
server.gm.activity.damage_detail,GM damage detail. amount is total damage and shield and hull are applied components and weapon is the source id and kind is the victim class,[{amount} damage: {shield} shield / {hull} hull · {weapon} · {kind}]
server.gm.activity.destruction_detail,GM destruction detail,[Entity destroyed]
server.gm.activity.victim_kind.ship,GM damage victim classification for ships,[Ship]
server.gm.activity.victim_kind.asteroid,GM damage victim classification for asteroids,[Asteroid]
server.gm.activity.system_hit,GM damage detail for an affected subsystem. system is the authoritative system id,[System hit: {system}]
server.gm.activity.objective_detail,GM objective detail with authored identity and terminal or active state,[{objective} · {status}]
server.gm.activity.objective_status.active,GM objective lifecycle state,[Active]
server.gm.activity.objective_status.completed,GM objective lifecycle state,[Completed]
server.gm.activity.objective_status.failed,GM objective lifecycle state,[Failed]
server.gm.activity.trigger_detail,GM trigger detail with stable id and script origin,[{trigger} · {origin}]
server.gm.activity.red_alert.active,GM red alert state after a transition,[Red alert active]
server.gm.activity.red_alert.inactive,GM red alert state after a transition,[Red alert cleared]
server.gm.activity.connection_detail,GM public presence detail with display name role and state,[{name} · {role} · {state}]
server.gm.activity.connection_role.crew,Public presence role for a crew member,[Crew]
server.gm.activity.connection_role.spectator,Public presence role for a spectator,[Spectator]
server.gm.activity.connection_role.game_master,Public presence role for a GM operator,[Game Master]
server.gm.activity.connection_state.connected,Public presence connected state,[Connected]
server.gm.activity.connection_state.disconnected,Public presence disconnected state,[Disconnected]
server.gm.activity.gm_action_detail,Attributed GM operational action and exact terminal result,[{operator} · {action} · {outcome} · {correlation}]
server.gm.activity.action.pause,GM operational pause action,[Pause]
server.gm.activity.action.resume,GM operational resume action,[Resume]
server.gm.activity.action.force_start,GM operational force start action,[Force start]
server.gm.activity.action.fire_gm_event,GM operational fire of one authored event. {event} is its layer-qualified stable id,[Fire {event}]
server.gm.activity.action.spawn_palette_entity,GM activity sentence fragment for a palette placement; {palette} is the authored palette entry id,[placed {palette}]
server.gm.activity.action.pause_gm_event,GM operational pause of one authored event. {event} is its layer-qualified stable id,[Pause {event}]
server.gm.activity.action.resume_gm_event,GM operational resume of one paused authored event. {event} is its layer-qualified stable id,[Resume {event}]
server.gm.activity.action_outcome.applied,GM action terminal outcome,[Applied]
server.gm.activity.action_outcome.no-op,GM action terminal outcome,[No change]
server.gm.activity.action_outcome.refused,GM action terminal outcome,[Refused]
server.gm.activity.action_reason,GM action terminal refusal or no-op reason,[Reason: {reason}]
server.gm.activity.action_reason.not-in-fleet,GM action reason,[Host is not in a fleet]
server.gm.activity.action_reason.not-game-master,GM action reason,[Requester is not a Game Master]
server.gm.activity.action_reason.operator-mismatch,GM action reason,[Operator identity mismatch]
server.gm.activity.action_reason.invalid-operator,GM action reason,[Operator identity is invalid]
server.gm.activity.action_reason.origin-mismatch,GM action reason,[Action origin mismatch]
server.gm.activity.action_reason.conflicting-grant,GM action reason,[Conflicting action grant]
server.gm.activity.action_reason.non-contiguous-sequence,GM action reason,[Action sequence is not contiguous]
server.gm.activity.action_reason.journal-full,GM action reason,[Action journal is full]
server.gm.activity.action_reason.wrong-phase,GM action reason,[Action is unavailable in this phase]
server.gm.activity.action_reason.unreadable-request,GM action reason,[Action request could not be read]
server.gm.activity.action_reason.unknown-gm-event,GM action reason when no live authored event carries the named id or it declares no Fire control,[No operable event answers to that name]
server.gm.activity.action_reason.unknown-gm-palette-entry,GM action reason when no authored palette entry or variant answers to the named id,[Nothing placeable answers to that name]
server.gm.activity.action_reason.world-unavailable,GM action reason when no world is loaded to place anything into,[No world is loaded to place that into]
server.gm.activity.action_reason.already-started,GM force start reason,[Session has already started]
server.gm.activity.action_reason.validation-failed,GM force start reason,[Start validation failed]
server.gm.activity.action_reason.readiness-changed,GM force start reason,[Crew readiness changed]
server.gm.activity.action_reason.gm-not-connected,GM force start reason,[Game Master is not connected]
server.gm.activity.action_reason.fleet-not-managed,GM force start reason,[Fleet is not GM managed]
server.gm.activity.action_reason.invalid-grant,GM force start reason,[Start grant is invalid]
server.gm.activity.action_reason.unauthorized-grant,GM force start reason,[Start grant is not authorised]
server.gm.activity.action_reason.unsafe-apply-tick,GM force start reason,[Start grant has an unsafe apply tick]
server.gm.activity.action_reason.missed-apply-tick,GM force start reason,[Start grant missed its apply tick]
server.gm.entity.kind,Inspector label for the selected map object's semantic classification,[Type]
server.gm.entity.kind.player_ship,Inspector value for a player-controlled fleet ship,[Player ship]
server.gm.entity.kind.npc_ship,Inspector value for a non-player ship,[NPC ship]
server.gm.entity.kind.structure,Inspector value for a station point defence or infrastructure entity,[Structure]
server.gm.entity.kind.hazard,Inspector value for an authored Region with gameplay effects,[Hazard]
server.gm.entity.kind.region,Inspector value for an inert authored Region,[Region]
server.gm.entity.kind.asteroid_field,Inspector value for one aggregate authored asteroid field,[Asteroid field]
server.gm.entity.kind.authored_asteroid,Inspector value for a named selectable authored asteroid,[Authored asteroid]
server.gm.entity.position,Inspector label for authoritative world position,[Position]
server.gm.entity.position_value,Inspector world position. x y and z are local authoritative coordinates,[X {x} / Y {y} / Z {z}]
server.gm.entity.faction,Inspector label for an entity faction,[Faction]
server.gm.entity.faction_none,Inspector value for an entity with no published faction,[No faction]
server.gm.entity.target,Inspector label for the selected entity's current Tactical target where applicable,[Current target]
server.gm.entity.target_none,Inspector value when the ship has no current Tactical target,[No target]
component.entity_map.label,Accessible name for the reusable omniscient entity map,[Omniscient entity map]
component.entity_map.keyboard_help,Keyboard and zoom instructions for the reusable omniscient entity map,[Use the arrow keys to select objects and Regions. Scroll or pinch to zoom; drag to pan.]
server.gm.join.heading,Heading for the visible first-time mid-session GM admission surface,[Game Master joining]
server.gm.join.accept,Existing host or GM action that visibly accepts one first-time GM,[Accept]
server.gm.join.reject,Existing host or GM action that visibly rejects one first-time GM,[Reject]
server.gm.join.awaiting_decision,Visible request before an existing peer answers. {name} is the candidate display name,[{name} wants to join as a Game Master.]
server.gm.join.accepted,Visible accepted request before the synchronized pause boundary. {name} is the candidate display name,[{name} was accepted. Preparing the synchronized pause.]
server.gm.join.awaiting_pause,Visible deterministic join progress before the agreed pause tick. {name} is the candidate display name,[Waiting for the agreed pause for {name}.]
server.gm.join.transferring,Visible deterministic join progress while snapshot and histories transfer. {name} is the candidate display name,[Session paused while state and history transfer to {name}.]
server.gm.join.committed,Visible terminal join result after matching restored digest. {name} is the candidate display name,[{name} joined with matching session state. A Game Master must explicitly Resume.]
server.gm.join.refused,Visible terminal join refusal. {name} is the candidate display name and {reason} is diagnostic detail,[{name} was not admitted. {reason}]
server.gm.join.pause_active,Authoritative pause indicator on the first-time GM join surface,[Session paused]
server.gm.join.pause_inactive,Authoritative running indicator on the first-time GM join surface,[Session running]
server.gm.session.heading,Accessible heading for the privileged GM session controls,[Session control]
server.gm.session.log_heading,Accessible heading for the bounded authoritative GM session result feed,[Session activity]
server.gm.session.start_standalone,GM session control that starts the mission of a standalone (fleetless) game master session — shown only while that session is still in the lobby,[Start mission]
server.gm.session.state_waiting,GM session status before the first authoritative Host Channel projection arrives,[Waiting for authoritative session state…]
server.gm.session.state_paused,Authoritative GM session status when simulation time is paused,[Session paused]
server.gm.session.state_running,Authoritative GM session status when simulation time is running,[Session running]
server.gm.session.requested_paused,Requested absolute state used inside attributed result sentences,[paused]
server.gm.session.requested_running,Requested absolute state used inside attributed result sentences,[running]
server.gm.session.reason_unspecified,Fallback detail for a refused authoritative GM session result with no reason,[No reason supplied]
server.gm.session.reason_unknown,Fallback detail for a future GM refusal reason; {reason} preserves the diagnostic wire identity,[Unrecognized refusal reason ({reason})]
server.gm.session.reason.not_in_fleet,Localized GM action refusal when the browser is not in a fleet,[This host is not in the session fleet]
server.gm.session.reason.not_game_master,Localized GM action refusal when the submitting host has no admitted GM identity,[This host is not an admitted Game Master]
server.gm.session.reason.operator_mismatch,Localized GM action refusal when the submitted operator does not match the authenticated browser,[The Game Master identity does not match this browser]
server.gm.session.reason.invalid_operator,Localized GM action refusal when the submitted operator identity is malformed,[The Game Master identity is invalid]
server.gm.session.reason.origin_mismatch,Localized GM action refusal when a mesh frame comes from the wrong authenticated host,[The action came from the wrong fleet host]
server.gm.session.reason.conflicting_grant,Localized GM action refusal when a correlation or order conflicts with an existing grant,[The action conflicts with an existing session decision]
server.gm.session.reason.non_contiguous_sequence,Localized GM action refusal when a canonical grant arrives out of sequence,[The session decision arrived out of sequence]
server.gm.session.reason.journal_full,Localized GM action refusal when the bounded run journal has no ordinary action capacity,[The session action journal is full]
server.gm.session.reason.unreadable_request,Localized GM action refusal when the submitted typed request cannot be decoded,[The session request could not be read]
server.gm.session.reason.wrong_phase,Localized GM action refusal when the current game phase cannot accept the request,[The session is not in a phase that accepts this action]
server.gm.session.reason.ingress_rejected,Localized immediate browser-to-WASM ingress refusal,[The host could not accept this request]
server.gm.session.result_pending,Pending local GM session request. {name} is the operator; {state} the requested state; {correlation} the request identity,[{name} requested {state}. Pending ({correlation}).]
server.gm.session.result_timed_out,Timed-out local GM session request. {name} is the operator; {state} the requested state; {correlation} the request identity,[{name} requested {state}. Timed out while waiting for an authoritative result ({correlation}).]
server.gm.session.result_refused_local,Immediate local GM session refusal. {name} is the operator; {state} the requested state; {correlation} the request identity; {reason} is localized detail,[{name} requested {state}. Refused: {reason} ({correlation}).]
server.gm.session.result_applied,Applied GM session result. {name} is the operator; {state} the requested state; {tick} the authoritative tick; {correlation} the request identity,[{name} set the session to {state} at tick {tick}. Applied ({correlation}).]
server.gm.session.result_no_op,No-op GM session result. {name} is the operator; {state} the requested state; {tick} the authoritative tick; {correlation} the request identity,[{name} requested {state} at tick {tick}. No-op ({correlation}).]
server.gm.session.result_refused,Refused GM session result. {name} is the operator; {state} the requested state; {tick} the authoritative tick; {correlation} the request identity; {reason} the refusal reason,[{name} requested {state} at tick {tick}. Refused: {reason} ({correlation}).]
server.gm.session.reason.unknown_gm_event,Localized GM action refusal when no live authored event carries the named id or it declares no Fire control,[No operable event answers to that name]
server.gm.session.reason.unknown_gm_palette_entry,Localized GM action refusal when no authored palette entry or variant answers to the named id,[Nothing placeable answers to that name]
server.gm.session.reason.world_unavailable,Localized GM action refusal when no world is loaded to place anything into,[No world is loaded to place that into]
world.smoke_gm.event.breach_alarm,Smoke-fixture GM event label proving a gm_event renders its String Table label in the mission panel,[Sound the breach alarm]
world.smoke_gm.event.courier_lost,Smoke-fixture GM event label proving an ORDINARY authored trigger that declares gm_controls renders its String Table label in the mission panel,[Declare the courier lost]
world.smoke_gm.event.witness,Smoke-fixture GM event label for the automatic event beside the pausable one; proves the Pause toggle appears only where it is declared,[Log the witness report]
server.gm.mission.heading,Accessible heading for the GM mission panel listing controllable authored events,[Mission events]
server.gm.mission.empty,Shown when the loaded scenario authors no GM-operable events,[This scenario authors no Game Master events.]
server.gm.mission.log_heading,Accessible heading for the bounded attributed GM event-control result feed,[Event activity]
server.gm.mission.fire,Control that fires one authored GM event through the typed GM action path,[Fire]
server.gm.mission.fire_accessibility,Accessible name for one event's Fire control. {label} is the authored event label,[Fire {label}]
server.gm.mission.pause,Control that pauses one authored GM event so its automatic condition stops being evaluated,[Pause]
server.gm.mission.resume,Control that resumes ordinary evaluation of one paused authored GM event,[Resume]
server.gm.mission.pause_accessibility,Accessible name for one event's Pause control. {label} is the authored event label,[Pause {label}]
server.gm.mission.resume_accessibility,Accessible name for one paused event's Resume control. {label} is the authored event label,[Resume {label}]
server.gm.mission.state_ready,Status for an authored GM event that can be fired now,[Ready]
server.gm.mission.state_armed,Status for a fired GM event whose handler has not run yet,[Firing…]
server.gm.mission.state_paused,Status for an authored GM event a Game Master has paused; its automatic condition is not evaluated,[Paused]
server.gm.mission.state_spent,Status for a one-shot GM event that has already fired,[Spent]
server.gm.mission.state_unavailable,Status for a listed GM event that declares no Fire control,[No Fire control]
server.gm.mission.verb_fire,Past-tense verb for a Fire in a GM event-control result sentence,[fired]
server.gm.mission.verb_pause,Past-tense verb for a Pause in a GM event-control result sentence,[paused]
server.gm.mission.verb_resume,Past-tense verb for a Resume in a GM event-control result sentence,[resumed]
server.gm.mission.reason_unspecified,Fallback detail for a refused GM event result with no reason,[No reason supplied]
server.gm.mission.reason_unknown,Fallback detail for a future GM refusal reason on an event; {reason} preserves the diagnostic wire identity,[Unrecognized refusal reason ({reason})]
server.gm.activity.action.apply_direct_damage,GM operational direct hull damage. {entity} is the target identity; {amount} the hull points that landed,[Damage {entity} for {amount} hull]
server.gm.activity.action.apply_direct_heal,GM operational direct hull repair. {entity} is the target identity; {amount} the hull points that landed,[Repair {entity} for {amount} hull]
server.gm.activity.action.direct_effect_lethal,Appended to a GM direct-damage activity row when the hit destroyed the target,[ — destroyed]
server.gm.activity.action.direct_effect_discarded,Appended to a GM direct-effect activity row when part of the amount had nowhere to go. {amount} is the discarded hull points,[ — {amount} discarded]
server.gm.activity.action.direct_effect_station,Appended to a direct-effect activity row that was narrowed to one station. {scope} is the station identity,[ Station {scope}.]
server.gm.activity.action.direct_effect_system,Appended to a direct-effect activity row that was narrowed to one system. {scope} is the system identity,[ System {scope}.]
server.gm.activity.action_reason.unknown-entity,GM action reason when no entity carries the named identity at the apply tick,[Nothing in the world answers to that identity]
server.gm.activity.action_reason.target-not-damageable,GM action reason when the named entity has no hull a direct effect could touch,[That target has no hull to damage or repair]
server.gm.session.reason.unknown_entity,Localized GM action refusal when no entity carries the named identity at the apply tick,[Nothing in the world answers to that identity]
server.gm.session.reason.target_not_damageable,Localized GM action refusal when the named entity has no hull a direct effect could touch,[That target has no hull to damage or repair]
server.gm.session.reason.unknown_station,Localized GM action refusal when the target authors no station with the named identity at the apply tick,[That target has no such station]
server.gm.session.reason.unknown_system,Localized GM action refusal when the target's hull tracks no damageable system with the named identity,[That target has no such damageable system]
server.gm.effect.heading,Accessible heading for the direct damage and repair controls on the selected entity,[Direct effect]
server.gm.effect.empty,Shown when no entity is selected for a direct damage or repair effect,[Select an entity on the map to damage or repair it.]
server.gm.effect.undamageable,Shown when the selected entity carries no hull a direct effect could touch,[This entity has no hull to damage or repair.]
server.gm.effect.target,Names the entity a direct effect will be applied to. {name} is its display name,[Target: {name}]
server.gm.effect.hull,Absolute hull reading for the selected entity. {current} and {max} are hull points,[Hull {current} of {max}]
server.gm.effect.amount_label,Label for the absolute hull-point amount a direct effect applies,[Hull points]
server.gm.effect.damage,Control that applies direct internal hull damage to the selected entity,[Damage]
server.gm.effect.heal,Control that repairs hull on the selected entity,[Repair]
server.gm.effect.damage_accessibility,Accessible name for the direct damage control. {name} is the target; {amount} the hull points,[Damage {name} for {amount} hull points]
server.gm.effect.heal_accessibility,Accessible name for the direct repair control. {name} is the target; {amount} the hull points,[Repair {name} for {amount} hull points]
server.gm.effect.lethal_warning,Warning shown before a direct-damage press that would destroy the selected entity. {name} is the target,[This will destroy {name}.]
server.gm.effect.overflow_warning,Warning shown before a direct effect whose amount exceeds what the hull can take. {amount} is the hull points that would be discarded,[{amount} hull points would be discarded.]
server.gm.effect.log_heading,Accessible heading for the bounded attributed direct damage and repair result feed,[Effect activity]
server.gm.effect.reason_unspecified,Fallback detail for a refused direct-effect result with no reason,[No reason supplied]
server.gm.effect.reason_unknown,Fallback detail for a future GM refusal reason on a direct effect; {reason} preserves the diagnostic wire identity,[Unrecognized refusal reason ({reason})]
server.gm.effect.result_pending,Pending local direct effect. {name} is the operator; {entity} the target identity; {correlation} the request identity,[{name} aimed an effect at {entity}. Pending ({correlation}).]
server.gm.effect.result_timed_out,Timed-out local direct effect. {name} is the operator; {entity} the target identity; {correlation} the request identity,[{name} aimed an effect at {entity}. Timed out while waiting for an authoritative result ({correlation}).]
server.gm.effect.result_refused_local,Immediate local refusal of a direct effect. {name} is the operator; {entity} the target identity; {correlation} the request identity; {reason} is localized detail,[{name} aimed an effect at {entity}. Refused: {reason} ({correlation}).]
server.gm.effect.result_applied,Applied direct effect. {name} is the operator; {entity} the target identity; {amount} the hull points that landed; {tick} the authoritative tick; {correlation} the request identity,[{name} applied {amount} hull to {entity} at tick {tick}. Applied ({correlation}).]
server.gm.effect.result_no_op,No-op direct effect. {name} is the operator; {entity} the target identity; {tick} the authoritative tick; {correlation} the request identity,[{name} aimed an effect at {entity} at tick {tick}. Nothing to change ({correlation}).]
server.gm.effect.result_refused,Refused direct effect. {name} is the operator; {entity} the target identity; {tick} the authoritative tick; {correlation} the request identity; {reason} the refusal reason,[{name} aimed an effect at {entity} at tick {tick}. Refused: {reason} ({correlation}).]
server.gm.effect.result_destroyed,Appended to an applied direct-effect result row when the hit destroyed the target,[ Target destroyed.]
server.gm.effect.result_discarded,Appended to a direct-effect result row when part of the amount had nowhere to go. {amount} is the discarded hull points,[ {amount} hull discarded.]
server.gm.effect.scope_label,Label for the station or system a direct damage or repair effect is narrowed to,[Scope]
server.gm.effect.scope_entity,Scope choice that applies a direct effect to the whole selected entity,[Whole entity]
server.gm.effect.scope_station,Scope choice naming one station on the selected entity. {name} is the station name,[Station: {name}]
server.gm.effect.scope_system,Scope choice naming one system on the selected entity. {name} is the system name,[System: {name}]
server.gm.effect.scope_hull,Absolute hull reading for the narrowed scope. {scope} is the station or system; {current} and {max} are hull points,[{scope} hull {current} of {max}]
server.gm.effect.scope_undamageable,Shown when the narrowed scope names nothing on the selected entity that can be damaged or repaired. {scope} is the station or system,[{scope} has nothing this entity can damage or repair.]
server.gm.effect.damage_scoped_accessibility,Accessible name for the direct damage control when narrowed to a station or system. {scope} is that scope; {name} the target; {amount} the hull points,[Damage {scope} on {name} for {amount} hull points]
server.gm.effect.heal_scoped_accessibility,Accessible name for the direct repair control when narrowed to a station or system. {scope} is that scope; {name} the target; {amount} the hull points,[Repair {scope} on {name} for {amount} hull points]
server.gm.effect.lethal_warning_scoped,Warning before a narrowed direct-damage press that would still destroy the selected entity. {name} is the target; {scope} the station or system,[This will destroy {name}: {scope} holds its last hull.]
server.gm.effect.scope_emptied_warning,Warning before a narrowed direct-damage press that would take the scope to zero without destroying the entity. {scope} is the station or system,[This will take {scope} to zero.]
server.gm.spawn.heading,Accessible heading for the GM placement panel listing the scenario's spawn palette,[Place entity]
server.gm.spawn.empty,Shown when the loaded scenario authors no GM spawn palette,[This scenario authors no Game Master spawn palette.]
server.gm.spawn.log_heading,Accessible heading for the bounded attributed GM placement result feed,[Placement activity]
server.gm.spawn.hint,Instructions for placing a palette entry on the Game Master map,"[Press PLACE; click or press the map to pick a position and drag to pick a heading. From the keyboard: arrows move the marker, brackets turn it, Enter places.]"
server.gm.spawn.place,Control that arms the map gesture for one palette entry,[Place]
server.gm.spawn.place_accessibility,Accessible name for one palette entry's Place control. {label} is the authored entry label,[Place {label}]
server.gm.spawn.variant_none,Option selecting a palette entry's bare template with no authored variant,[Standard]
server.gm.spawn.variant_accessibility,Accessible name for one palette entry's variant chooser. {label} is the authored entry label,[Variant of {label}]
server.gm.spawn.exact_heading,Accessible heading for the typed coordinate placement form,[Place at exact coordinates]
server.gm.spawn.exact_x,Label for the typed east-west world coordinate in metres,[X (m)]
server.gm.spawn.exact_z,Label for the typed north-south world coordinate in metres,[Z (m)]
server.gm.spawn.exact_facing,Label for the typed heading in degrees,[Facing (deg)]
server.gm.spawn.exact_submit,Control that places the selected palette entry at the typed coordinates,[Place here]
server.gm.spawn.reason_unspecified,Fallback detail for a refused GM placement result with no reason,[No reason supplied]
server.gm.spawn.reason_unknown,Fallback detail for a future GM refusal reason on a placement; {reason} preserves the diagnostic wire identity,[Unrecognized refusal reason ({reason})]
server.gm.spawn.result_pending,Pending local GM placement. {name} is the operator; {entry} the palette entry; {correlation} the request identity,[{name} placed {entry}. Pending ({correlation}).]
server.gm.spawn.result_timed_out,Timed-out local GM placement. {name} is the operator; {entry} the palette entry; {correlation} the request identity,[{name} placed {entry}. Timed out while waiting for an authoritative result ({correlation}).]
server.gm.spawn.result_refused_local,Immediate local refusal of a GM placement. {name} is the operator; {entry} the palette entry; {correlation} the request identity; {reason} is localized detail,[{name} placed {entry}. Refused: {reason} ({correlation}).]
server.gm.spawn.result_applied,Applied GM placement. {name} is the operator; {entry} the palette entry; {tick} the authoritative tick; {correlation} the request identity,[{name} placed {entry} at tick {tick}. Applied ({correlation}).]
server.gm.spawn.result_no_op,No-op GM placement. {name} is the operator; {entry} the palette entry; {tick} the authoritative tick; {correlation} the request identity,[{name} placed {entry} at tick {tick}. No-op ({correlation}).]
server.gm.spawn.result_refused,Refused GM placement. {name} is the operator; {entry} the palette entry; {tick} the authoritative tick; {correlation} the request identity; {reason} the refusal reason,[{name} placed {entry} at tick {tick}. Refused: {reason} ({correlation}).]
server.gm.mission.result_pending,Pending local GM event control. {name} is the operator; {verb} what they did; {event} the qualified event id; {correlation} the request identity,[{name} {verb} {event}. Pending ({correlation}).]
server.gm.mission.result_timed_out,Timed-out local GM event control. {name} is the operator; {verb} what they did; {event} the qualified event id; {correlation} the request identity,[{name} {verb} {event}. Timed out while waiting for an authoritative result ({correlation}).]
server.gm.mission.result_refused_local,Immediate local refusal of a GM event control. {name} is the operator; {verb} what they did; {event} the qualified event id; {correlation} the request identity; {reason} is localized detail,[{name} {verb} {event}. Refused: {reason} ({correlation}).]
server.gm.mission.result_applied,Applied GM event control. {name} is the operator; {verb} what they did; {event} the qualified event id; {tick} the authoritative tick; {correlation} the request identity,[{name} {verb} {event} at tick {tick}. Applied ({correlation}).]
server.gm.mission.result_no_op,No-op GM event control. {name} is the operator; {verb} what they did; {event} the qualified event id; {tick} the authoritative tick; {correlation} the request identity,[{name} {verb} {event} at tick {tick}. No-op ({correlation}).]
server.gm.mission.result_refused,Refused GM event control. {name} is the operator; {verb} what they did; {event} the qualified event id; {tick} the authoritative tick; {correlation} the request identity; {reason} the refusal reason,[{name} {verb} {event} at tick {tick}. Refused: {reason} ({correlation}).]
server.gm.station.heading,Accessible heading for authentic Station puppeting controls,[Station interface]
server.gm.station.pending,Shown before a player-ship Station interface projection is available,[Waiting for a player-ship Station interface…]
server.gm.station.take_over,Control that adds this equal GM to a Backfill Station takeover,[Take over]
server.gm.station.release,Control that removes this equal GM from a Station takeover,[Release]
server.gm.station.operators,Status listing equal GMs currently operating the selected Station. {operators} is their public identity list,[Operating Game Masters: {operators}]
server.gm.station.activity_heading,Accessible heading for the bounded attributed Station activity feed,[Station activity]
server.gm.station.activity,Attributed Station command row. {operator} is the GM identity; {action} the typed command; {target} the authored System id; {tick} the authoritative tick,[{operator} issued {action} to {target} at tick {tick}.]
server.gm.knowledge.pending,Shown before a player ship is available to compare (issue #1318),[Waiting for a player ship…]
server.gm.knowledge.heading,Accessible heading for the Truth / Crew Knowledge / Difference comparison panel,[Knowledge comparison]
server.gm.knowledge.hint,Explains the comparison's scope and Station-privacy boundary,[Compares this ship's own contact Objective and Comms projections against the omniscient Truth. Station-private detail stays hidden unless you open that ship's authentic Station interface.]
server.gm.knowledge.select_label,Accessible label for the ship picker driving the comparison,[Ship]
server.gm.knowledge.column.identity,Comparison table column header for the stable world identity,[Identity]
server.gm.knowledge.column.truth,Comparison table column header for the omniscient Truth reading,[Truth]
server.gm.knowledge.column.crew,Comparison table column header for the selected ship's own Crew Knowledge reading,[Crew Knowledge]
server.gm.knowledge.column.difference,Comparison table column header for the computed Difference,[Difference]
server.gm.knowledge.contacts_heading,Heading for the contacts comparison category,[Contacts]
server.gm.knowledge.contacts_empty,Shown when neither Truth nor Crew Knowledge has a contact for the selected ship,[No contacts.]
server.gm.knowledge.objectives_heading,Heading for the Objectives comparison category,[Objectives]
server.gm.knowledge.objectives_empty,Shown when neither Truth nor Crew Knowledge has an objective for the selected ship,[No objectives.]
server.gm.knowledge.comms_messages_heading,Heading for the Comms messages comparison category,[Comms messages]
server.gm.knowledge.comms_contacts_heading,Heading for the Comms dossier contacts comparison category,[Comms contacts]
server.gm.knowledge.comms_empty,Shown when neither Truth nor Crew Knowledge has Comms content for the selected ship,[No Comms activity.]
server.gm.knowledge.none,Comparison table cell for an identity absent from one side,[—]
server.gm.knowledge.status.same,Difference label when Truth and Crew Knowledge agree,[Same]
server.gm.knowledge.status.changed,Difference label when Truth and Crew Knowledge disagree on a broad-state field,[Changed]
server.gm.knowledge.status.truth_only,Difference label when Truth has an identity Crew Knowledge does not,[Unknown to crew]
server.gm.knowledge.status.crew_only,Difference label when Crew Knowledge has an identity Truth no longer does,[Removed from Truth]
server.gm.knowledge.summary,Comparison category summary counts. same changed truth_only and crew_only are row counts,[{same} same · {changed} changed · {truth_only} unknown to crew · {crew_only} removed from Truth]
console.gm_takeover.active,Crew-public authentic console banner while GM takeover suppresses this Station AI. {operators} is the operator identity list,[Game Master takeover active — {operators}]
console.gm_takeover.active_with_activity,Crew-public authentic console banner including the latest admitted GM System action. {operators} is the active list; {operator} the actor; {action} the typed action; {target} the authored System id,[Game Master takeover active — {operators}. Latest: {operator} issued {action} to {target}.]
settings.fleet.role_heading,Accessible label for choosing this privileged host's fleet role before open or join,[Join fleet as]
settings.fleet.role_ship,Privileged host fleet role that owns one player-ship slot,[Player ship]
settings.fleet.role_gm,Privileged host fleet role that owns no player ship and has equal Game Master presence,[Game Master]
world.falling_skyway.entity.castaway_lifeboat.name,"assets/entities/skyway_castaway_lifeboat.toml -> [[entity]] name — a castaway lifeboat adrift in the corridor throat carrying civilians the Engineering transporter can beam aboard (issue #1348 mechanism, T2 refinement)",[Castaway Lifeboat]
world.falling_skyway.objective.castaway_rescue.text,"assets/worlds/falling_skyway.toml -> the Rescue-directive objective posted when a scan discovers the castaway lifeboat (issue #1348 mechanism)",[Beam the civilians aboard the Castaway Lifeboat to safety.]
world.falling_skyway.cue.castaway_life_signs,"assets/worlds/falling_skyway.toml -> discovery cue when a Sensors scan turns up the castaway lifeboat",[Life signs detected aboard a castaway lifeboat in the throat. Transport available.]
world.falling_skyway.cue.castaway_recovered,"assets/worlds/falling_skyway.toml -> rescue-complete cue when the transporter recovers every civilian off the lifeboat",[All civilians aboard the lifeboat recovered.]
world.falling_skyway.cue.castaway_lost,"assets/worlds/falling_skyway.toml -> casualty cue when the lifeboat is destroyed with civilians still aboard",[The lifeboat is gone — lost with civilians still aboard.]
world.falling_skyway.report.transporter_civilians.heading,"Post-mission report row heading (issue #1348 mechanism, T2 refinement) — the civilians the Engineering transporter beamed off the castaway lifeboat, a different population from the head survivors",[Beamed Civilians]
world.falling_skyway.report.transporter_civilians.saved,"Post-mission report row outcome — every civilian aboard the castaway lifeboat was beamed to safety",[The lifeboat's civilians were all beamed aboard.]
world.falling_skyway.report.transporter_civilians.lost,"Post-mission report row outcome — the castaway lifeboat was lost with its civilians still aboard",[The lifeboat was lost with its civilians still aboard.]
world.falling_skyway.objective.obstruction.text,"assets/worlds/falling_skyway.toml -> the non-mandatory Act-3 Stabilise objective that surfaces the corridor obstruction's controlled demolition alongside the head-save, both contending for the one tractor (issue #1350, T2 refinement)",[Clear the corridor obstruction — hold it on the tractor and detonate when the team is clear.]
world.falling_skyway.report.demolition.heading,"Post-mission report row heading (issue #1350, scored for the T2 refinement) — how the corridor obstruction was cleared",[The Corridor Obstruction]
world.falling_skyway.report.demolition.safe,"Post-mission report row outcome — the obstruction was cleared by a clean, stabilised demolition with the team clear",[Cleared cleanly. The mass was held and the team was clear.]
world.falling_skyway.report.demolition.unsupported,"Post-mission report row outcome — the charges were fired without the tractor holding the mass, scattering heavier debris","[Cleared, but unheld — heavier debris scattered across the lane.]"
world.falling_skyway.report.demolition.weapons,"Post-mission report row outcome — the obstruction was broken up by ordinary weapons fire, the least controlled clearance",[Broken up by gunnery. The lane took the worst of the debris.]
world.falling_skyway.report.demolition.premature,"Post-mission report row outcome — the charges were fired with the Security team still on the mass, and the team was caught",[Fired early. The team was still on the mass and was caught.]
client.hero.badge.unread,"Station Bar per-tab unread badge, read out for assistive technology. {count} is the number of items on that surface the seat has not looked at yet (issue #1373)",[{count} unread]
console.tactical.intel.code,Station Bar short code for the tactical console's Intel overlay tab — the abbreviation a phone-sized bar shows in place of the panel name (issue #1373),[INTL]
console.tactical.security.code,Station Bar short code for the tactical console's Security overlay tab — the abbreviation a phone-sized bar shows in place of the panel name (issue #1373),[SEC]
console.power.battery,Power console — label of the battery-charge readout at the head of the allocation controls (issue #1374),[Battery]
client.station_damage.close,Station Bar per-system damage popup — accessible name and tooltip of the control that closes it (issue #1374),[Close]
server.gm.mission.skip,Control that arms a Skip of one authored GM event's next occurrence through the typed GM action path (issue #1304),[Skip next]
server.gm.mission.skip_accessibility,Accessible name for one event's Skip control. {label} is the authored event label (issue #1304),[Skip the next {label}]
server.gm.mission.state_skip_ready,Status for an authored GM event whose Skip lever is declared and not armed (issue #1304),[Skip available]
server.gm.mission.state_skip_armed,Status for an authored GM event whose next occurrence is armed to be skipped (issue #1304),[Next one skipped]
server.gm.mission.skip_result_pending,Pending local GM event skip arm. {name} is the operator; {event} the qualified event id; {correlation} the request identity (issue #1304),[{name} armed a skip of {event}. Pending ({correlation}).]
server.gm.mission.skip_result_timed_out,Timed-out local GM event skip arm. {name} is the operator; {event} the qualified event id; {correlation} the request identity (issue #1304),[{name} armed a skip of {event}. Timed out while waiting for an authoritative result ({correlation}).]
server.gm.mission.skip_result_refused_local,Immediate local refusal of a GM event skip arm. {name} is the operator; {event} the qualified event id; {correlation} the request identity; {reason} is localized detail (issue #1304),[{name} armed a skip of {event}. Refused: {reason} ({correlation}).]
server.gm.mission.skip_result_applied,Applied GM event skip arm. {name} is the operator; {event} the qualified event id; {tick} the authoritative tick; {correlation} the request identity (issue #1304),[{name} armed a skip of {event} at tick {tick}. Applied ({correlation}).]
server.gm.mission.skip_result_no_op,No-op GM event skip arm. {name} is the operator; {event} the qualified event id; {tick} the authoritative tick; {correlation} the request identity (issue #1304),[{name} armed a skip of {event} at tick {tick}. No-op ({correlation}).]
server.gm.mission.skip_result_refused,Refused GM event skip arm. {name} is the operator; {event} the qualified event id; {tick} the authoritative tick; {correlation} the request identity; {reason} the refusal reason (issue #1304),[{name} armed a skip of {event} at tick {tick}. Refused: {reason} ({correlation}).]
server.gm.activity.action.arm_gm_event_skip,GM operational arming of a skip of one authored event's next occurrence. {event} is its layer-qualified stable id (issue #1304),[Skip next {event}]
world.smoke_gm.event.raider_lost,Smoke-fixture GM event label proving an authored trigger declaring gm_controls().skip() renders its String Table label in the mission panel (issue #1304),[Let the raider go quietly]

server.gm.despawn.heading,GM safe removal panel,"Remove entity"
server.gm.despawn.preview,GM safe removal panel,"Preview removal"
server.gm.despawn.confirm,GM safe removal panel,"Remove this entity"
server.gm.despawn.cancel,GM safe removal panel,"Cancel"
server.gm.despawn.select,GM safe removal panel,"Select a removable entity on the map."
server.gm.despawn.target,GM safe removal panel,"Selected: {name}"
server.gm.despawn.protected,GM safe removal panel,"{name} is protected from removal."
server.gm.despawn.consequence,GM safe removal panel,"Remove {name} from the world? Its live targets and connections will be cleared. Authored destruction triggers will run. This cannot be undone."
server.gm.despawn.pending,GM safe removal panel,"Removal pending."
server.gm.despawn.applied,GM safe removal panel,"Removal applied."
server.gm.despawn.refused,GM safe removal panel,"Removal refused."
server.gm.despawn.timed_out,GM safe removal panel,"No result received. Check the activity feed before retrying."
server.gm.despawn.no_op,GM safe removal panel,"Already scheduled."
server.gm.despawn.result,GM safe removal panel,"{operator} · tick {tick} · {target}: {outcome} {reason}"
server.gm.session.reason.protected_entity,GM refusal protected entity,This entity is protected from removal.
server.gm.activity.action.despawn_entity,GM activity removal action,Remove {target}
server.gm.objective.heading,GM authored Objective controls,[Objectives]
server.gm.objective.empty,GM Objective list empty,[No authored Objectives are available.]
server.gm.objective.activate,GM Objective action,[Activate]
server.gm.objective.complete,GM Objective action,[Complete]
server.gm.objective.fail,GM Objective action,[Fail]
server.gm.objective.confirm,GM Objective preview confirmation,[Confirm]
server.gm.objective.cancel,GM Objective preview cancellation,[Cancel]
server.gm.objective.all_ships,Global Objective recipient scope,[All ships]
server.gm.objective.action_label,GM Objective button accessible name,[{verb}: {objective}]
server.gm.objective.scope,GM Objective recipient scope and current status,[{ships} · {status}]
server.gm.objective.status_Unstarted,GM Objective not yet activated,[Not activated]
server.gm.objective.status_Active,GM Objective state,[Active]
server.gm.objective.status_Completed,GM Objective state,[Completed]
server.gm.objective.status_Failed,GM Objective state,[Failed]
server.gm.objective.status_Unavailable,GM Objective whose recipient scope is unavailable,[Intended ships unavailable]
server.gm.objective.preview_activate,GM authored Objective activation preview,[Activate “{objective}” for {ships}?]
server.gm.objective.preview_complete,GM Objective completion preview,[Complete “{objective}” for {ships}? The scenario's normal consequences will run. This Objective cannot be reopened.]
server.gm.objective.preview_fail,GM Objective failure preview,[Fail “{objective}” for {ships}? The scenario's normal consequences will run. This Objective cannot be reopened.]
server.gm.objective.feedback_pending,GM Objective action feedback,[Objective action pending.]
server.gm.objective.feedback_applied,GM Objective action feedback,[Objective action applied.]
server.gm.objective.feedback_no_op,GM Objective action feedback,[No Objective state changed.]
server.gm.objective.feedback_refused,GM Objective action feedback,[Objective action refused.]
server.gm.objective.feedback_timed_out,GM Objective action feedback,[No result received. Check the activity feed before retrying.]
server.gm.objective.results_heading,GM Objective canonical result history,[Objective results]
server.gm.objective.result,GM Objective attributed result,[{operator} · tick {tick} · {verb} {objective} · {ships}: {outcome} {reason} [{correlation}]]
server.gm.session.reason.unknown_objective,GM unavailable Objective refusal,[That Objective is unavailable.]
server.gm.session.reason.objective_not_active,GM terminal Objective refusal,[Only an active Objective can be completed or failed.]
server.gm.session.reason.objective_scope_mismatch,GM Objective recipient scope refusal,[The requested ships do not match this Objective's intended recipients.]
server.gm.activity.action.objective_activate,GM attributed Objective activation,[Activate {objective} for {ships}]
server.gm.activity.action.objective_complete,GM attributed Objective completion,[Complete {objective} for {ships}]
server.gm.activity.action.objective_fail,GM attributed Objective failure,[Fail {objective} for {ships}]
server.gm.activity.action_reason.unknown-objective,GM activity Objective refusal,[That Objective is unavailable.]
server.gm.activity.action_reason.objective-not-active,GM activity Objective refusal,[Only an active Objective can be completed or failed.]
server.gm.activity.action_reason.objective-scope-mismatch,GM activity Objective scope refusal,[The requested ships do not match this Objective's intended recipients.]
console.sensors.basic_contact,GM contact override control and shared Sensors projection,[Unknown contact]
server.gm.contact.heading,GM contact override control and shared Sensors projection,[Contact visibility]
server.gm.contact.explanation,GM contact override control and shared Sensors projection,[Reveal guarantees at least a basic contact and preserves existing knowledge. Conceal hides ordinary sensor contact. Normal restores ordinary sensors. Existing Comms and Objective knowledge is unchanged.]
server.gm.contact.observer,GM contact override control and shared Sensors projection,[Observing player ship]
server.gm.contact.select,GM contact override control and shared Sensors projection,[Select a target on the world map.]
server.gm.contact.reveal,GM contact override control and shared Sensors projection,[Reveal]
server.gm.contact.conceal,GM contact override control and shared Sensors projection,[Conceal]
server.gm.contact.normal,GM contact override control and shared Sensors projection,[Normal]
server.gm.contact.pending,GM contact override control and shared Sensors projection,[Waiting for the authoritative result.]
server.gm.contact.applied,GM contact override control and shared Sensors projection,[Contact visibility updated.]
server.gm.contact.refused,GM contact override control and shared Sensors projection,[The request was refused.]
server.gm.contact.timed_out,GM contact override control and shared Sensors projection,[No result yet. Check the result list before retrying.]
server.gm.contact.result,GM contact override attributed result,[{operator}: {mode} for {observer} → {target} at tick {tick} ({outcome})]
server.gm.activity.action.contact_override,GM activity contact override action,[{mode} contact for {observer} → {target}]
server.gm.contact.outcome_applied,GM contact result outcome,[Applied]
server.gm.contact.outcome_no_op,GM contact result outcome,[Unchanged]
server.gm.contact.outcome_refused,GM contact result outcome,[Refused]
settings.gm.confirmation.contact,Private captured contact confirmation,[{mode} {target} for {ship}.]
server.gm.system.heading,GM System availability control,[System availability]
server.gm.system.explanation,GM System availability control,[Disable blocks operation without changing damage. Restore removes only the GM block and never repairs damage.]
server.gm.system.select,GM System availability control,[Select a ship on the map.]
server.gm.system.choose,GM System availability control,[System]
server.gm.system.disable,GM System availability control,[Disable]
server.gm.system.restore,GM System availability control,[Restore]
server.gm.system.disabled,GM System availability control,[GM disabled]
server.gm.system.available,GM System availability control,[Available]
server.gm.system.offline,GM System availability control,[Offline for another reason]
server.gm.system.confirm,GM System availability control,[{verb} {system} on {target}]
server.gm.system.pending,GM System availability control,[Pending]
server.gm.system.applied,GM System availability control,[Applied]
server.gm.system.no_op,GM System availability control,[Already in the requested state]
server.gm.system.refused,GM System availability control,[Refused]
server.gm.system.timed_out,GM System availability control,[No result received yet]
server.gm.activity.action.system_disabled,GM activity System availability action,[{verb} {system} on {target}]

server.gm.comms.heading,GM Comms Studio #1317,"[Comms Studio]"
server.gm.comms.empty,GM Comms Studio #1317,"[This scenario offers no Comms routes.]"
server.gm.comms.route,GM Comms Studio #1317,"[Authored routing visibility]"
server.gm.comms.sender,GM Comms Studio #1317,"[Speak as]"
server.gm.comms.recipients,GM Comms Studio #1317,"[Recipient ships]"
server.gm.comms.text,GM Comms Studio #1317,"[Exact transmission text]"
server.gm.comms.send,GM Comms Studio #1317,"[Send transmission]"
server.gm.comms.hail,GM Comms Studio #1317,"[Authored scripted hail]"
server.gm.comms.start_hail,GM Comms Studio #1317,"[Initiate scripted hail]"
server.gm.comms.history,GM Comms Studio #1317,"[GM Comms results]"
server.gm.comms.byte_count,GM Comms Studio #1317,"[{count} / {max} UTF-8 bytes]"
server.gm.comms.preview,GM Comms Studio #1317,"[From {sender} to {recipients}: {text}]"
server.gm.comms.refused,GM Comms Studio #1317,"[The transmission was refused.]"
server.gm.comms.result,GM Comms Studio #1317,"[{operator}: {outcome} from {sender} to {recipients}. {reason} ({correlation})]"
server.gm.comms.outcome.applied,GM Comms Studio #1317,"[Transmission applied]"
server.gm.comms.outcome.hail_queued,GM Comms Studio #1317,"[Scripted hail queued]"
server.gm.comms.outcome.refused,GM Comms Studio #1317,"[Refused]"
server.gm.comms.outcome.pending,GM Comms Studio #1317,"[Pending]"
server.gm.comms.outcome.no-op,GM Comms Studio #1317,"[No change]"
server.gm.comms.outcome.timed-out,GM Comms Studio #1317,"[Timed out]"
server.gm.comms.reason.route,GM Comms Studio #1317,"[This authored Comms route is unavailable.]"
server.gm.comms.reason.identity,GM Comms Studio #1317,"[This sender is no longer a compatible existing identity.]"
server.gm.comms.reason.recipient,GM Comms Studio #1317,"[A recipient is unavailable or the fleet membership changed.]"
server.gm.comms.reason.hail,GM Comms Studio #1317,"[This authored hail root is unavailable.]"
server.gm.activity.action.transmit_comms,GM activity action #1317,[Comms from {sender}]
world.probe_gm_comms.speaker,Comms routing probe #1317,[Axiom Liaison]
world.probe_gm_comms.route.selected,Comms routing probe #1317,[Selected ships only]
world.probe_gm_comms.route.fleet,Comms routing probe #1317,[Entire fleet]
world.probe_gm_comms.hail.offer,Comms routing probe #1317,[Docking offer]
world.probe_gm_comms.offer,Comms routing probe #1317,[Docking assistance is available.]
world.probe_gm_comms.accept,Comms routing probe #1317,[Accept docking assistance.]
world.probe_gm_comms.follow_up,Comms routing probe #1317,[Docking assistance acknowledged.]
world.probe_gm_comms.close,Comms routing probe #1317,[Close this conversation.]
server.gm.npc.heading,GM NPC doctrine heading,[NPC doctrine]
server.gm.npc.select,GM NPC selection prompt,[Select an NPC on the map.]
server.gm.npc.current,GM NPC current doctrine label,[Standing doctrine]
server.gm.npc.intent,GM NPC ordinary AI intent label,[Current AI intent]
server.gm.npc.original,GM NPC original doctrine label,[Original authored doctrine]
server.gm.npc.no_intent,GM NPC no scored directive,[No active AI intent]
server.gm.npc.choice,GM NPC authored choice label,[Authored doctrine]
server.gm.npc.empty,GM NPC palette empty state,[No compatible authored choices for this entity.]
server.gm.npc.withdrawn,GM NPC selected authored choice was withdrawn,[{doctrine} — no longer available]
server.gm.npc.confirm,GM NPC captured confirmation description,[Apply {doctrine} to {target}.]
server.gm.npc.apply,GM NPC apply action,[Apply doctrine]
server.gm.npc.pending,GM NPC pending result,[Pending]
server.gm.npc.applied,GM NPC applied result,[Applied]
server.gm.npc.no_op,GM NPC unchanged result,[Already applied]
server.gm.npc.refused,GM NPC refused result,[Refused]
server.gm.npc.timed_out,GM NPC result timeout,[No result received yet]
server.gm.npc.result,GM NPC attributed result,[{operator}: {doctrine} for {target} at tick {tick} — {outcome} {reason}]
server.gm.session.reason.unknown_npc_doctrine,GM unavailable NPC doctrine refusal,[That authored doctrine is unavailable.]
server.gm.session.reason.npc_doctrine_incompatible,GM incompatible NPC doctrine refusal,[That entity cannot operate this authored doctrine.]
server.gm.activity.action.set_npc_doctrine,GM attributed NPC doctrine change,[Apply {doctrine} to {target}]
server.gm.activity.action_reason.unknown-npc-doctrine,GM activity unavailable NPC doctrine refusal,[That authored doctrine is unavailable.]
server.gm.activity.action_reason.npc-doctrine-incompatible,GM activity incompatible NPC refusal,[That entity cannot operate this authored doctrine.]
world.combat_test.gm.relief_cruiser,Combat Test GM spawn palette,[Relief cruiser]
world.combat_test.gm.objective.rendezvous,Combat Test optional GM Objective,[Rendezvous with the relief cruiser.]
world.combat_test.gm.objective.cover,Combat Test optional GM Objective,[Cover the relief cruiser's approach.]
world.combat_test.gm.doctrine.regroup,Combat Test authored NPC choice,[Regroup at the eastern approach]
world.combat_test.gm.doctrine.assault,Combat Test authored NPC choice,[Assault Starbase Alpha]
world.combat_test.gm.role.directing,Combat Test private GM preset,[Directing]
world.combat_test.gm.role.observer,Combat Test private GM preset,[Observer]
world.combat_test.gm.wave.1,Combat Test GM event,[Release wave 1]
world.combat_test.gm.wave.2,Combat Test GM event,[Release wave 2]
world.combat_test.gm.wave.3,Combat Test GM event,[Release wave 3]
world.combat_test.gm.wave.4,Combat Test GM event,[Release wave 4]
world.combat_test.gm.wave.5,Combat Test GM event,[Release wave 5]
world.combat_test.gm.wave.6,Combat Test GM event,[Release wave 6]
world.combat_test.gm.wave.7,Combat Test GM event,[Release wave 7]
world.combat_test.gm.wave.8,Combat Test GM event,[Release wave 8]
world.combat_test.gm.report.2,Combat Test GM report event,[Report wave 2]
world.combat_test.gm.comms.selected,Combat Test authored GM selected-ship Comms route,[Starbase to selected ships]
world.combat_test.gm.comms.fleet,Combat Test authored GM Fleet Comms route,[Starbase to the Fleet]
world.combat_test.gm.comms.briefing,Combat Test optional GM-authored hail,[Defence briefing]
world.combat_test.gm.comms.briefing_message,Combat Test optional Starbase Alpha briefing,[Starbase Alpha to defence ships. Keep the approaches clear and report when your ship is ready.]
world.combat_test.gm.comms.acknowledge,Combat Test crew response to the optional briefing,[Our ship is ready.]
world.combat_test.gm.comms.acknowledged,Combat Test Starbase Alpha briefing follow-up,[Acknowledged. Hold your assigned approach and await further orders.]

server.gm_monitor_row.label,Native lobby dedicated GM screen row,[Game Master]
server.gm_monitor_row.occupied,Native GM monitor unavailable because another surface occupies it,[Screen already in use]
server.gm_monitor_row.before_launch,Native GM screen lifecycle explanation in lobby,[Choose a dedicated screen before launch.]
server.gm_monitor_row.during_mission,Native GM screen lifecycle explanation in mission,[The GM screen can move; its role stays enabled until the mission ends.]
server.bridge_layout.gm_monitor_occupied,Native GM screen assignment refused; {monitor},[Screen {monitor} is already in use.]
server.bridge_layout.gm_role_frozen,Native GM role changed after launch,[Enable or disable the GM screen before launching the mission.]
server.bridge_layout.adopt_viewscreen_waiting,Native saved layout notice when only the dedicated GM monitor remains. {monitor} is the missing viewscreen identity,[Viewscreen monitor {monitor} is unavailable. Its window is hidden until another screen is available; the GM keeps its dedicated screen.]
settings.controls.gamepad.hide_touch,Controller preference beside gamepad selection,Hide touch controls when using a controller
settings.controls.gamepad.device_assigned,Controller held by another native console; {slot} {owner},[Controller {slot} — assigned to {owner}]
settings.controls.gamepad.status_assigned,Controller is owned by another native console,[This controller is assigned to another console.]
settings.controls.gamepad.status_ambiguous,Identical controllers cannot be matched safely,[Select a controller: more than one device matches the saved preference.]
settings.controls.gamepad.status_pending,Native controller selection waiting on the host,[Waiting for the host to assign this controller.]
settings.controls.profile.native_storage_error,Native profile storage error visible outside Settings,[Could not load or save controller settings. Current controls remain available; changes may be lost when this console closes.]
client.change_station,Claimed station lobby guide button returning to station selection,CHANGE STATION
server.station_row.held_by_player,Host screen assignment refused until the current player releases their station,"[{station} is held by {holder}. Ask them to release it before assigning a screen.]"
server.station_row.unavailable,Retained native station reservation after a screen disappears or recovery fails,"[The console is unavailable. Move it to a screen or choose Off to release the station.]"
server.gm.shell.roster,GM desk roster heading,[Roster]
server.gm.shell.operators,GM desk operators heading,[Game masters]
server.gm.shell.player_ship,GM roster group,[Player ships]
server.gm.shell.npc_ship,GM roster group,[NPC ships]
server.gm.shell.lethal,GM lethal confirmation preference,[Lethal actions]
server.gm.shell.mode.immediate,GM confirmation mode,[Immediate]
server.gm.shell.mode.confirm,GM confirmation mode,[Confirm]
server.gm.shell.mode.confirm-preview,GM confirmation mode,[Preview]
server.gm.shell.tab.truth,GM inspector tab,[Truth]
server.gm.shell.tab.crew,GM inspector tab,[Crew knowledge]
server.gm.shell.tab.difference,GM inspector tab,[Difference]
server.gm.shell.ready,GM readiness,[Ready]
server.gm.shell.waiting,GM readiness,[Not ready]
server.gm.shell.disconnected,GM connection state,[Disconnected]
server.gm.shell.peers,GM peer summary; {gms} {ships},[{gms} GM · {ships} ships]
server.gm.shell.armed,GM map armed placement chip; {palette},[Palette armed · {palette}]
server.gm.shell.tick,GM authoritative session tick; {tick},[Tick {tick}]
server.gm.shell.control.human,GM roster Station control source,[Human]
server.gm.shell.control.ai,GM roster Station control source,[AI]
server.gm.shell.control.offline,GM roster Station control source,[Offline]
server.gm.shell.control.mixed,GM roster Station with multiple System control sources,[Mixed control]
lab.lighting.title,Native rendering experiment title,[Phoenix lighting lab]
lab.lighting.controls,Native rendering experiment controls,[1 Motes / 2 Volume / 3 Hybrid]
lab.lighting.toggles,Native rendering experiment controls,[H Shadows / F Flare / - or + Flare intensity / Shift Fine adjustment / L Dust scattering / [ ] Density]
lab.lighting.motion,Native rendering experiment controls,[WASD Fly / QE Vertical / Arrows Look / Shift Boost / Space Cruise / P Pause / R Reset / Esc Exit]
lab.lighting.on,Native rendering experiment state,[on]
lab.lighting.off,Native rendering experiment state,[off]
lab.lighting.motes,Native rendering experiment mode,[Motes]
lab.lighting.volume,Native rendering experiment mode,[Volume]
lab.lighting.hybrid,Native rendering experiment mode,[Hybrid]
server.gm.objective.scope_ship,GM Objective list heading note when a ship is selected on the map: only that ship's Objectives are listed,[Showing Objectives for {ship}]
server.gm.objective.empty_ship,GM Objective list empty for the selected ship,[No Objectives address {ship}.]
server.gm.shell.back_to_selection,GM inspector sticky button after a quick action jumped down to a control; scrolls back up to the selected entity card,[↑ Back to selection]
lab.web.title,Web rendering experiment title,[Phoenix WebGL2 lighting lab]
lab.web.controls,Web rendering experiment controls,[M Motes / H Shadows / F Flare / O Occlusion / - or + Intensity / Shift Fine adjustment]
lab.web.motion,Web rendering experiment controls,[WASD Fly / QE Vertical / Arrows Look / Space Cruise / P Pause / R Reset]
