id,context,en
entity.alliance_battleship.name,assets/entities/alliance_battleship.toml → name (top level),Alliance Battleship
entity.alliance_battleship.hull.system_hull.helm_engine_port.display_name,assets/entities/alliance_battleship.toml → [hull.system_hull] display_name,Engine (Port)
entity.alliance_battleship.hull.system_hull.helm_engine_starboard.display_name,assets/entities/alliance_battleship.toml → [hull.system_hull] display_name,Engine (Starboard)
entity.alliance_battleship.power_groups.helm.label,assets/entities/alliance_battleship.toml → [power_groups.helm] label,Propulsion
entity.alliance_battleship.power_groups.weapons.label,assets/entities/alliance_battleship.toml → [power_groups.weapons] label,Weapons
entity.alliance_battleship.power_groups.shields.label,assets/entities/alliance_battleship.toml → [power_groups.shields] label,Shields
entity.alliance_battleship.station.captain.description,assets/entities/alliance_battleship.toml → [station] description,Command the ship.
entity.alliance_battleship.station.helm.description,assets/entities/alliance_battleship.toml → [station] description,Pilot the ship.
entity.alliance_battleship.station.tactical.description,assets/entities/alliance_battleship.toml → [station] description,[Manage weapons systems.]
entity.alliance_battleship.station.repair.description,assets/entities/alliance_battleship.toml → [station] description,[Maintain and repair ship systems.]
entity.alliance_battleship.station.sensors.description,assets/entities/alliance_battleship.toml → [station] description,[Monitor long-range sensors.]
entity.alliance_battleship.station.shields.description,assets/entities/alliance_battleship.toml → [station] description,[Manage shield systems.]
entity.alliance_battleship.station.navigation.description,assets/entities/alliance_battleship.toml → [station] description,[Plot course and navigate.]
entity.alliance_battleship.station.power.description,assets/entities/alliance_battleship.toml → [station] description,[Manage ship power systems.]
entity.alliance_battleship.station.comms.description,assets/entities/alliance_battleship.toml → [station] description,[Hail stations and relay intelligence.]
entity.alliance_courier.name,assets/entities/alliance_courier.toml → name (top level),Alliance Courier
entity.alliance_courier.hull.system_hull.helm_engine_port.display_name,assets/entities/alliance_courier.toml → [hull.system_hull] display_name,Engine (Port)
entity.alliance_courier.hull.system_hull.helm_engine_starboard.display_name,assets/entities/alliance_courier.toml → [hull.system_hull] display_name,Engine (Starboard)
entity.alliance_courier.hull.system_hull.helm_lateral_thrust.display_name,assets/entities/alliance_courier.toml → [hull.system_hull] display_name,Lateral Thrusters
entity.alliance_courier.power_groups.helm.label,assets/entities/alliance_courier.toml → [power_groups.helm] label,Propulsion
entity.alliance_courier.power_groups.weapons.label,assets/entities/alliance_courier.toml → [power_groups.weapons] label,Weapons
entity.alliance_courier.power_groups.shields.label,assets/entities/alliance_courier.toml → [power_groups.shields] label,Shields
entity.alliance_courier.station.captain.description,assets/entities/alliance_courier.toml → [station] description,"[Command the ship, coordinate the mission and manage its support systems.]"
entity.alliance_courier.station.tactical.description,assets/entities/alliance_courier.toml → [station] description,"[Fly the Courier, track contacts and operate its blaster.]"
entity.alliance_cruiser.name,assets/entities/alliance_cruiser.toml → name (top level),Alliance Cruiser
entity.alliance_cruiser.display_name,"Player-facing SHIP NAME (title) for the Alliance cruiser hull. John-specified as ""AEV Phoenix""; bracketed only per the unratified-copy convention, not because the value is a placeholder.",[AEV Phoenix]
entity.alliance_destroyer.display_name,Player-facing SHIP NAME (title) for the Alliance destroyer hull — [ai] placeholder awaiting John's ratification,[AEV Vanguard]
entity.alliance_battleship.display_name,Player-facing SHIP NAME (title) for the Alliance battleship hull — [ai] placeholder awaiting John's ratification,[AEV Sovereign]
entity.alliance_courier.display_name,Player-facing SHIP NAME (title) for the Alliance courier hull — [ai] placeholder awaiting John's ratification,[AEV Kestrel]
entity.ship_harrow_patrol.display_name,Player-facing SHIP NAME (title) for the Harrow patrol hull — [ai] faction-appropriate placeholder awaiting John's ratification,[Harrow Ravener]
entity.ship_harrow_cruiser.display_name,Player-facing SHIP NAME (title) for the Harrow cruiser hull — [ai] faction-appropriate placeholder awaiting John's ratification,[Harrow Desolation]
entity.ship_harrow_destroyer.display_name,Player-facing SHIP NAME (title) for the Harrow destroyer hull — [ai] faction-appropriate placeholder awaiting John's ratification,[Harrow Ironmaw]
entity.ship_harrow_warhawk.display_name,Player-facing SHIP NAME (title) for the Harrow warhawk hull — [ai] faction-appropriate placeholder awaiting John's ratification,[Harrow Talon]
entity.ship_requiem_courier.display_name,Player-facing SHIP NAME (title) for the Requiem courier hull — [ai] faction-appropriate placeholder awaiting John's ratification,[Requiem Wren]
entity.alliance_cruiser.hull.system_hull.science.display_name,assets/entities/alliance_cruiser.toml → [hull.system_hull] display_name,Science
entity.alliance_cruiser.hull.system_hull.helm_engine_port.display_name,assets/entities/alliance_cruiser.toml → [hull.system_hull] display_name,Engine (Port)
entity.alliance_cruiser.hull.system_hull.helm_engine_starboard.display_name,assets/entities/alliance_cruiser.toml → [hull.system_hull] display_name,Engine (Starboard)
entity.alliance_cruiser.hull.system_hull.helm_lateral_thrust.display_name,assets/entities/alliance_cruiser.toml → [hull.system_hull] display_name,Lateral Thrusters
entity.alliance_cruiser.power_groups.helm.label,assets/entities/alliance_cruiser.toml → [power_groups.helm] label,Propulsion
entity.alliance_cruiser.power_groups.weapons.label,assets/entities/alliance_cruiser.toml → [power_groups.weapons] label,Weapons
entity.alliance_cruiser.power_groups.shields.label,assets/entities/alliance_cruiser.toml → [power_groups.shields] label,Shields
entity.alliance_cruiser.station.captain.description,assets/entities/alliance_cruiser.toml → [station] description,Command the ship.
entity.alliance_cruiser.station.helm.description,assets/entities/alliance_cruiser.toml → [station] description,Pilot the ship.
entity.alliance_cruiser.station.tactical.description,assets/entities/alliance_cruiser.toml → [station] description,[Manage weapons systems.]
entity.alliance_cruiser.station.science.description,assets/entities/alliance_cruiser.toml → [station] description,[Monitor sensors and manage shields.]
entity.alliance_cruiser.station.engineering.description,assets/entities/alliance_cruiser.toml → [station] description,[Manage power and repairs.]
entity.alliance_cruiser.station.comms.description,assets/entities/alliance_cruiser.toml → [station] description,"[Hail stations, plot course and navigate.]"
entity.alliance_destroyer.name,assets/entities/alliance_destroyer.toml → name (top level),Alliance Destroyer
entity.alliance_destroyer.hull.system_hull.helm_engine_port.display_name,assets/entities/alliance_destroyer.toml → [hull.system_hull] display_name,Engine (Port)
entity.alliance_destroyer.hull.system_hull.helm_engine_starboard.display_name,assets/entities/alliance_destroyer.toml → [hull.system_hull] display_name,Engine (Starboard)
entity.alliance_destroyer.hull.system_hull.helm_lateral_thrust.display_name,assets/entities/alliance_destroyer.toml → [hull.system_hull] display_name,Lateral Thrusters
entity.alliance_destroyer.power_groups.helm.label,assets/entities/alliance_destroyer.toml → [power_groups.helm] label,Propulsion
entity.alliance_destroyer.power_groups.weapons.label,assets/entities/alliance_destroyer.toml → [power_groups.weapons] label,Weapons
entity.alliance_destroyer.power_groups.shields.label,assets/entities/alliance_destroyer.toml → [power_groups.shields] label,Shields
entity.alliance_destroyer.station.captain.description,assets/entities/alliance_destroyer.toml → [station] description,Command the ship and monitor sensors.
entity.alliance_destroyer.station.helm.description,assets/entities/alliance_destroyer.toml → [station] description,Pilot the ship.
entity.alliance_destroyer.station.tactical.description,assets/entities/alliance_destroyer.toml → [station] description,"[Manage weapons, navigation and comms.]"
entity.alliance_destroyer.station.engineering.description,assets/entities/alliance_destroyer.toml → [station] description,"[Manage shields, power and repairs.]"
entity.alliance_destroyer.station.command.description,assets/entities/alliance_destroyer.toml → [station] description,[Direct the ship's AI-run stations.]
entity.alliance_destroyer.station.tactical.stance.weapons_free,assets/entities/alliance_destroyer.toml → [station.stance] label,[Weapons Free]
entity.alliance_destroyer.station.tactical.stance.hold,assets/entities/alliance_destroyer.toml → [station.stance] label,[Hold Fire]
entity.alliance_destroyer.station.tactical.stance.normal,assets/entities/alliance_destroyer.toml → [station.stance] label,[Follow Alert (Standing By)]
entity.alliance_destroyer.station.tactical.stance.high,assets/entities/alliance_destroyer.toml → [station.stance] label,[Follow Alert (Battle Stations)]
entity.alliance_destroyer.station.helm.tutorial.welcome.title,assets/entities/alliance_destroyer.toml → [station.tutorial] title — first-visit helm tip heading,WELCOME TO HELM
entity.alliance_destroyer.station.helm.tutorial.welcome.text,assets/entities/alliance_destroyer.toml → [station.tutorial] text — first-visit helm tip body,[You fly the destroyer. The radar shows space around you — up is always your heading. Your flight controls are on the right.]
entity.alliance_destroyer.station.helm.tutorial.joystick.title,assets/entities/alliance_destroyer.toml → [station.tutorial] title — flight-stick tip heading,FLIGHT STICK
entity.alliance_destroyer.station.helm.tutorial.joystick.text,assets/entities/alliance_destroyer.toml → [station.tutorial] text — flight-stick tip body,"[Drag the flight stick: push up to thrust, pull sideways to steer. The ship holds your last input until you move it again.]"
entity.alliance_destroyer.station.helm.tutorial.lateral.title,assets/entities/alliance_destroyer.toml → [station.tutorial] title — lateral-thrust tip heading,LATERAL THRUST
entity.alliance_destroyer.station.helm.tutorial.lateral.text,assets/entities/alliance_destroyer.toml → [station.tutorial] text — lateral-thrust tip body,[The lower stick slides the ship sideways without turning — dodge incoming fire or drift across an enemy's aim.]
entity.alliance_destroyer.station.helm.tutorial.impulse.title,assets/entities/alliance_destroyer.toml → [station.tutorial] title — impulse-drive tip heading,IMPULSE DRIVE
entity.alliance_destroyer.station.helm.tutorial.impulse.text,assets/entities/alliance_destroyer.toml → [station.tutorial] text — impulse-drive tip body,[Impulse charges up and then hurls the ship forward in a burst. Press to start charging; press again to cancel.]
entity.alliance_destroyer.station.helm.tutorial.boost.title,assets/entities/alliance_destroyer.toml → [station.tutorial] title — boost-ready contextual tip heading,BOOST READY
entity.alliance_destroyer.station.helm.tutorial.boost.text,assets/entities/alliance_destroyer.toml → [station.tutorial] text — boost-ready contextual tip body,[Boost is charged. Hold the boost button for a burst of speed — the battery drains while it runs and recharges after.]
entity.alliance_destroyer.station.helm.tutorial.red_alert.title,assets/entities/alliance_destroyer.toml → [station.tutorial] title — red-alert contextual tip heading,RED ALERT
entity.alliance_destroyer.station.helm.tutorial.red_alert.text,assets/entities/alliance_destroyer.toml → [station.tutorial] text — red-alert contextual tip body,[Hostile weapon arcs now paint onto your radar. Keep the ship out of the shaded wedges while Tactical returns fire.]
entity.alliance_destroyer.station.captain.tutorial.welcome.title,assets/entities/alliance_destroyer.toml → [station.tutorial] title — first-visit captain tip heading,CAPTAIN'S CHAIR
entity.alliance_destroyer.station.captain.tutorial.welcome.text,assets/entities/alliance_destroyer.toml → [station.tutorial] text — first-visit captain tip body,"[You command the destroyer. Read the sensor scope, point the viewscreen, keep the crew's objectives straight, and call Red Alert when it's time to fight.]"
entity.alliance_destroyer.station.captain.tutorial.camera.title,assets/entities/alliance_destroyer.toml → [station.tutorial] title — viewscreen-camera tip heading,VIEWSCREEN
entity.alliance_destroyer.station.captain.tutorial.camera.text,assets/entities/alliance_destroyer.toml → [station.tutorial] text — viewscreen-camera tip body,[Switch the main viewscreen between camera angles so the crew sees what matters most right now.]
entity.alliance_destroyer.station.captain.tutorial.sensors_target.title,assets/entities/alliance_destroyer.toml → [station.tutorial] title — sensor-scan tip heading,[SCAN A CONTACT]
entity.alliance_destroyer.station.captain.tutorial.sensors_target.text,assets/entities/alliance_destroyer.toml → [station.tutorial] text — sensor-scan tip body,"[Tap a contact on the sensor scope to scan it — its class, heading and shield strength appear below.]"
entity.alliance_destroyer.station.captain.tutorial.objectives.title,assets/entities/alliance_destroyer.toml → [station.tutorial] title — objectives tip heading,OBJECTIVES
entity.alliance_destroyer.station.captain.tutorial.objectives.text,assets/entities/alliance_destroyer.toml → [station.tutorial] text — objectives tip body,[Boost an objective's priority to flag it for the crew as the current focus.]
entity.alliance_destroyer.station.captain.tutorial.red_alert.title,assets/entities/alliance_destroyer.toml → [station.tutorial] title — red-alert-authority tip heading,RED ALERT
entity.alliance_destroyer.station.captain.tutorial.red_alert.text,assets/entities/alliance_destroyer.toml → [station.tutorial] text — red-alert-authority tip body,[Only you can call it. Red Alert arms the crew's weapons and puts hostile firing arcs on Helm's radar.]
entity.alliance_destroyer.station.captain.tutorial.red_alert_active.title,assets/entities/alliance_destroyer.toml → [station.tutorial] title — red-alert-active contextual tip heading,[AT RED ALERT]
entity.alliance_destroyer.station.captain.tutorial.red_alert_active.text,assets/entities/alliance_destroyer.toml → [station.tutorial] text — red-alert-active contextual tip body,[The ship is armed and hostile arcs are live on Helm's radar. Watch Sensors for threat details while the crew fights.]
entity.alliance_destroyer.station.tactical.tutorial.welcome.title,assets/entities/alliance_destroyer.toml → [station.tutorial] title — first-visit tactical tip heading,WEAPONS STATION
entity.alliance_destroyer.station.tactical.tutorial.welcome.text,assets/entities/alliance_destroyer.toml → [station.tutorial] text — first-visit tactical tip body,"[You run the destroyer's guns. Lock a target on the radar, then work the omni phaser, forward blasters and torpedo tubes to bring it down — and keep an ear on Comms for orders.]"
entity.alliance_destroyer.station.tactical.tutorial.lock_target.title,assets/entities/alliance_destroyer.toml → [station.tutorial] title — target-lock tip heading,[LOCK A TARGET]
entity.alliance_destroyer.station.tactical.tutorial.lock_target.text,assets/entities/alliance_destroyer.toml → [station.tutorial] text — target-lock tip body,[Tap a contact on the radar to lock it as your target. Blasters and torpedoes need a lock before they'll fire.]
entity.alliance_destroyer.station.tactical.tutorial.phaser.title,assets/entities/alliance_destroyer.toml → [station.tutorial] title — omni-phaser tip heading,OMNI PHASER
entity.alliance_destroyer.station.tactical.tutorial.phaser.text,assets/entities/alliance_destroyer.toml → [station.tutorial] text — omni-phaser tip body,"[The phaser fires in every direction and needs no lock. Toggle Auto/Manual, or press Fire yourself in Manual mode.]"
entity.alliance_destroyer.station.tactical.tutorial.blaster.title,assets/entities/alliance_destroyer.toml → [station.tutorial] title — forward-blasters tip heading,FORWARD BLASTERS
entity.alliance_destroyer.station.tactical.tutorial.blaster.text,assets/entities/alliance_destroyer.toml → [station.tutorial] text — forward-blasters tip body,"[Port and starboard blasters cover a narrow forward arc. Hold Fire to charge a volley, release to launch it.]"
entity.alliance_destroyer.station.tactical.tutorial.torpedo.title,assets/entities/alliance_destroyer.toml → [station.tutorial] title — torpedo-tubes tip heading,TORPEDO TUBES
entity.alliance_destroyer.station.tactical.tutorial.torpedo.text,assets/entities/alliance_destroyer.toml → [station.tutorial] text — torpedo-tubes tip body,"[Fore and aft tubes load automatically. Use +/- to set how many rounds to hold loaded, then press Fire to launch them at your locked target.]"
entity.alliance_destroyer.station.engineering.tutorial.welcome.title,assets/entities/alliance_destroyer.toml → [station.tutorial] title — first-visit engineering tip heading,ENGINEERING STATION
entity.alliance_destroyer.station.engineering.tutorial.welcome.text,assets/entities/alliance_destroyer.toml → [station.tutorial] text — first-visit engineering tip body,"[You keep the destroyer alive. Balance reactor power between Helm, Weapons and Sensors, focus shields toward incoming fire, and send repair teams to anything that's hurting.]"
entity.alliance_destroyer.station.engineering.tutorial.power.title,assets/entities/alliance_destroyer.toml → [station.tutorial] title — power-allocation tip heading,POWER ALLOCATION
entity.alliance_destroyer.station.engineering.tutorial.power.text,assets/entities/alliance_destroyer.toml → [station.tutorial] text — power-allocation tip body,[Use +/- to shift reactor power between groups. Pull power from what you don't need to push more into what you do.]
entity.alliance_destroyer.station.engineering.tutorial.shields.title,assets/entities/alliance_destroyer.toml → [station.tutorial] title — shield-focus tip heading,SHIELD FOCUS
entity.alliance_destroyer.station.engineering.tutorial.shields.text,assets/entities/alliance_destroyer.toml → [station.tutorial] text — shield-focus tip body,[Focus an arc to boost its regen against the bearing you're taking fire from — every other arc regens slower while it's focused.]
entity.alliance_destroyer.station.engineering.tutorial.repair.title,assets/entities/alliance_destroyer.toml → [station.tutorial] title — repair-teams tip heading,REPAIR TEAMS
entity.alliance_destroyer.station.engineering.tutorial.repair.text,assets/entities/alliance_destroyer.toml → [station.tutorial] text — repair-teams tip body,[Dispatch a team to a damaged system to start repairs. A team already on a job can be given priority over the others.]
entity.alliance_destroyer.station.engineering.tutorial.damage.title,assets/entities/alliance_destroyer.toml → [station.tutorial] title — hull-damage contextual tip heading,HULL DAMAGE
entity.alliance_destroyer.station.engineering.tutorial.damage.text,assets/entities/alliance_destroyer.toml → [station.tutorial] text — hull-damage contextual tip body,[Something on the ship just took a hit. Check which system is hurting and get a repair team moving before it fails outright.]
entity.depot_transfer.name,assets/entities/depot_transfer.toml -> name (top level),[Transfer Depot]
entity.depot_transfer.target.description,assets/entities/depot_transfer.toml -> [target] description,[Orbital transfer depot]
entity.moon_ice.name,assets/entities/moon_ice.toml → name (top level),Ice Moon
entity.moon_ice.target.description,assets/entities/moon_ice.toml → [target] description,[A frozen cryovolcanic moon]
entity.moon_luna.name,assets/entities/moon_luna.toml → name (top level),Luna
entity.moon_luna.target.description,assets/entities/moon_luna.toml → [target] description,[A cratered rocky moon]
entity.planet_earth.name,assets/entities/planet_earth.toml → name (top level),Earth
entity.planet_earth.target.description,assets/entities/planet_earth.toml → [target] description,Earth
entity.planet_ecumenopolis.name,assets/entities/planet_ecumenopolis.toml → name (top level),Ecumenopolis
entity.planet_ecumenopolis.target.description,assets/entities/planet_ecumenopolis.toml → [target] description,[A world-spanning city]
entity.planet_gas_giant.name,assets/entities/planet_gas_giant.toml → name (top level),Gas Giant
entity.planet_gas_giant.target.description,assets/entities/planet_gas_giant.toml → [target] description,[A banded gas giant]
entity.planet_lava.name,assets/entities/planet_lava.toml → name (top level),Lava Planet
entity.planet_lava.target.description,assets/entities/planet_lava.toml → [target] description,[A volcanic hellscape]
entity.region_nebula.name,assets/entities/region_nebula.toml → name (top level),Nebula
entity.region_nebula.target.description,assets/entities/region_nebula.toml → [target] description,Nebula region
entity.rng_coverage_lancer.name,assets/entities/test/rng_coverage_lancer.toml → name (top level),RNG-coverage Escort
entity.rng_coverage_lancer.target.description,assets/entities/test/rng_coverage_lancer.toml → [target] description,RNG-coverage escort
entity.rng_coverage_lancer.behaviour.doctrine.destroy_hostiles.text,assets/entities/test/rng_coverage_lancer.toml → [behaviour.doctrine] text,[Engage and destroy hostile ships]
entity.rng_coverage_lancer.station.captain.description,assets/entities/test/rng_coverage_lancer.toml → [station] description,[Command the bridge and call Red Alert.]
entity.rng_coverage_lancer.station.helm.description,assets/entities/test/rng_coverage_lancer.toml → [station] description,[Pilot the ship.]
entity.rng_coverage_lancer.station.tactical.description,assets/entities/test/rng_coverage_lancer.toml → [station] description,[Run the ship's weapons.]
entity.rng_coverage_lancer.station.engineering.description,assets/entities/test/rng_coverage_lancer.toml → [station] description,[Manage reactor power.]
entity.ship_harrow_destroyer.name,assets/entities/ship_harrow_destroyer.toml → name (top level),Harrow Destroyer
entity.ship_harrow_destroyer.target.description,assets/entities/ship_harrow_destroyer.toml → [target] description,[Harrow Destroyer interceptor]
entity.ship_harrow_destroyer.behaviour.doctrine.destroy_hostiles.text,assets/entities/ship_harrow_destroyer.toml → [behaviour.doctrine] text,[Run attack passes on hostile ships]
entity.ship_harrow_destroyer.station.captain.description,assets/entities/ship_harrow_destroyer.toml → [station] description,[Command the bridge and call Red Alert.]
entity.ship_harrow_destroyer.station.helm.description,assets/entities/ship_harrow_destroyer.toml → [station] description,[Pilot the ship.]
entity.ship_harrow_destroyer.station.tactical.description,assets/entities/ship_harrow_destroyer.toml → [station] description,[Run the ship's weapons.]
entity.ship_harrow_destroyer.station.engineering.description,assets/entities/ship_harrow_destroyer.toml → [station] description,[Manage reactor power.]
entity.ship_harrow_cruiser.name,assets/entities/ship_harrow_cruiser.toml → name (top level),Harrow Cruiser
entity.ship_harrow_cruiser.target.description,assets/entities/ship_harrow_cruiser.toml → [target] description,[Harrow Cruiser broadside]
entity.ship_harrow_cruiser.behaviour.doctrine.destroy_hostiles.text,assets/entities/ship_harrow_cruiser.toml → [behaviour.doctrine] text,[Circle hostile ships and hold the broadside]
entity.ship_harrow_cruiser.station.captain.description,assets/entities/ship_harrow_cruiser.toml → [station] description,[Command the bridge and call Red Alert.]
entity.ship_harrow_cruiser.station.helm.description,assets/entities/ship_harrow_cruiser.toml → [station] description,[Pilot the ship.]
entity.ship_harrow_cruiser.station.tactical.description,assets/entities/ship_harrow_cruiser.toml → [station] description,[Run the ship's weapons.]
entity.ship_harrow_cruiser.station.engineering.description,assets/entities/ship_harrow_cruiser.toml → [station] description,[Manage reactor power.]
entity.ship_harrow_patrol.name,assets/entities/ship_harrow_patrol.toml → name (top level),[Harrow Patrol Cruiser]
entity.ship_harrow_patrol.target.description,assets/entities/ship_harrow_patrol.toml → [target] description,[Harrow Patrol Cruiser]
entity.ship_harrow_patrol.behaviour.doctrine.patrol_ironveil.text,assets/entities/ship_harrow_patrol.toml → [behaviour.doctrine] text,[Hold the picket line]
entity.ship_harrow_patrol.behaviour.doctrine.destroy_hostiles.text,assets/entities/ship_harrow_patrol.toml → [behaviour.doctrine] text,[Engage and destroy hostile ships]
entity.ship_harrow_patrol.station.captain.description,assets/entities/ship_harrow_patrol.toml → [station] description,[Command the bridge and call Red Alert.]
entity.ship_harrow_patrol.station.helm.description,assets/entities/ship_harrow_patrol.toml → [station] description,[Pilot the ship.]
entity.ship_harrow_patrol.station.tactical.description,assets/entities/ship_harrow_patrol.toml → [station] description,[Run the ship's weapons.]
entity.ship_harrow_patrol.station.engineering.description,assets/entities/ship_harrow_patrol.toml → [station] description,[Manage reactor power.]
entity.ship_harrow_warhawk.name,assets/entities/ship_harrow_warhawk.toml → name (top level),Harrow Battleship
entity.ship_harrow_warhawk.target.description,assets/entities/ship_harrow_warhawk.toml → [target] description,Harrow Battleship
entity.ship_harrow_warhawk.behaviour.doctrine.patrol_warhawk.text,assets/entities/ship_harrow_warhawk.toml → [behaviour.doctrine] text,[Patrol the sector]
entity.ship_harrow_warhawk.behaviour.doctrine.destroy_hostiles.text,assets/entities/ship_harrow_warhawk.toml → [behaviour.doctrine] text,[Engage and destroy hostile ships]
entity.ship_harrow_warhawk.station.captain.description,assets/entities/ship_harrow_warhawk.toml → [station] description,[Command the bridge and call Red Alert.]
entity.ship_harrow_warhawk.station.helm.description,assets/entities/ship_harrow_warhawk.toml → [station] description,[Pilot the ship.]
entity.ship_harrow_warhawk.station.tactical.description,assets/entities/ship_harrow_warhawk.toml → [station] description,[Run the ship's weapons.]
entity.ship_harrow_warhawk.station.engineering.description,assets/entities/ship_harrow_warhawk.toml → [station] description,[Manage reactor power.]
entity.ship_requiem_courier.name,assets/entities/ship_requiem_courier.toml → name (top level),Requiem Courier
entity.ship_requiem_courier.target.description,assets/entities/ship_requiem_courier.toml → [target] description,Requiem Courier
entity.ship_requiem_courier.behaviour.doctrine.reach_destination.text,assets/entities/ship_requiem_courier.toml → [behaviour.doctrine] text,[Proceed to destination]
entity.ship_requiem_courier.station.captain.description,assets/entities/ship_requiem_courier.toml → [station] description,[Command the courier and manage its support systems.]
entity.ship_requiem_courier.station.tactical.description,assets/entities/ship_requiem_courier.toml → [station] description,[Fly the courier and track contacts.]
entity.star_sun.name,assets/entities/star_sun.toml → name (top level),Sun
entity.star_sun.target.description,assets/entities/star_sun.toml → [target] description,Sun
entity.station_axiom.name,assets/entities/station_axiom.toml → name (top level),Axiom Station
entity.station_axiom.target.description,assets/entities/station_axiom.toml → [target] description,Axiom Station
entity.station_outpost.name,assets/entities/station_outpost.toml → name (top level),Outpost Alpha
entity.station_outpost.target.description,assets/entities/station_outpost.toml → [target] description,Outpost Alpha
entity.station_research_outpost.name,assets/entities/station_research_outpost.toml → name (top level),Research Outpost
entity.station_research_outpost.target.description,assets/entities/station_research_outpost.toml → [target] description,Research Outpost
world.combat_test.global.title,assets/worlds/combat_test.toml → [global] title,[Combat Test: Defend Starbase Alpha]
world.combat_test.global.description,assets/worlds/combat_test.toml → [global] description,"[Eight waves of Harrow attackers, launched on a clock and all of them aimed at Starbase Alpha. They will not wait for you.]"
world.entity.earth.name,assets/worlds/combat_test.toml → [entity] name (entity display name; also the cross-reference key),earth
world.entity.gas_giant.name,assets/worlds/combat_test.toml → [entity] name (entity display name; also the cross-reference key),Gas Giant
world.entity.ice_moon.name,assets/worlds/combat_test.toml → [entity] name (entity display name; also the cross-reference key),Ice Moon
world.combat_test.available_ships.0.label,assets/worlds/combat_test.toml → [available_ships] label,Alliance Destroyer
world.combat_test.available_ships.1.label,assets/worlds/combat_test.toml → [available_ships] label,Alliance Cruiser
world.combat_test.available_ships.2.label,assets/worlds/combat_test.toml → [available_ships] label,Alliance Battleship
world.combat_test.available_ships.3.label,assets/worlds/combat_test.toml → [available_ships] label,Alliance Courier
world.entity.skyhook_depot.name,assets/worlds/probe_infrastructure.toml -> [[entity]] name,[Skyhook Depot]
world.entity.starbase_alpha.name,assets/worlds/combat_test.toml → [entity] name (entity display name; also the cross-reference key),Starbase Alpha
world.combat_test.trigger.action.obj_destroy_wave_1.text,assets/worlds/combat_test.toml → [trigger.action] text,[Destroy wave 1: Harrow cruiser.]
world.combat_test.trigger.action.obj_destroy_wave_2.text,assets/worlds/combat_test.toml → [trigger.action] text,[Destroy wave 2: Harrow destroyer.]
world.combat_test.trigger.action.obj_destroy_wave_3.text,assets/worlds/combat_test.toml → [trigger.action] text,[Destroy wave 3: Harrow cruiser.]
world.combat_test.trigger.action.obj_destroy_wave_4.text,assets/worlds/combat_test.toml → [trigger.action] text,[Destroy wave 4: Harrow destroyer.]
world.combat_test.trigger.action.obj_destroy_wave_5.text,assets/worlds/combat_test.toml → [trigger.action] text,[Destroy wave 5: two Harrow cruisers.]
world.combat_test.trigger.action.obj_destroy_wave_6.text,assets/worlds/combat_test.toml → [trigger.action] text,[Destroy wave 6: two Harrow destroyers.]
world.combat_test.trigger.action.obj_destroy_wave_7.text,assets/worlds/combat_test.toml → [trigger.action] text,[Destroy wave 7: Harrow cruiser and destroyer.]
world.combat_test.trigger.action.obj_destroy_wave_8.text,assets/worlds/combat_test.toml → [trigger.action] text,[Destroy wave 8: Harrow patrol cruiser.]
world.combat_test.trigger.action.18.message,assets/worlds/combat_test.toml → [trigger.action] message,[VICTORY: all eight waves broken. Starbase Alpha holds.]
world.combat_test.trigger.action.21.message,assets/worlds/combat_test.toml → [trigger.action] message,[DEFEAT: Starbase Alpha lost. The Harrow strike fleet has secured the system.]
world.combat_test.trigger.action.obj_defend.text,assets/worlds/combat_test.toml → [trigger.action] text,[Defend Starbase Alpha against the incoming Harrow fleet.]
world.combat_test.comms.0.message,assets/worlds/combat_test.toml → [comms] message,"[Starbase Alpha to USS Phoenix: a Harrow strike fleet is inbound. Eight waves, mixed class, all running on this station. Hold the line.]"
world.combat_test.comms.1.message,assets/worlds/combat_test.toml → [comms] message,[Starbase Alpha: wave one has launched north-northwest. Harrow cruiser inbound.]
world.combat_test.comms.2.message,assets/worlds/combat_test.toml → [comms] message,[Starbase Alpha: wave two has launched southeast. Harrow destroyer inbound.]
world.combat_test.comms.3.message,assets/worlds/combat_test.toml → [comms] message,[Starbase Alpha: wave three has launched due east. Harrow cruiser inbound.]
world.combat_test.comms.4.message,assets/worlds/combat_test.toml → [comms] message,[Starbase Alpha: wave four has launched northeast. Harrow destroyer inbound.]
world.combat_test.comms.5.message,assets/worlds/combat_test.toml → [comms] message,[Starbase Alpha: wave five has launched. Two Harrow cruisers inbound from east and east-northeast.]
world.combat_test.comms.6.message,assets/worlds/combat_test.toml → [comms] message,[Starbase Alpha: wave six has launched. Two Harrow destroyers inbound from north and south.]
world.combat_test.comms.7.message,assets/worlds/combat_test.toml → [comms] message,[Starbase Alpha: wave seven has launched east. Harrow cruiser and destroyer inbound.]
world.combat_test.comms.8.message,assets/worlds/combat_test.toml → [comms] message,[Starbase Alpha: final wave has launched due east. Ironveil-class patrol cruiser inbound.]
world.combat_test.comms.9.message,assets/worlds/combat_test.toml → [comms] message,[Starbase Alpha: hull integrity below 75 percent. Defensive support requested.]
world.combat_test.comms.10.message,assets/worlds/combat_test.toml → [comms] message,[Starbase Alpha: hull integrity below 50 percent. We need immediate support.]
world.combat_test.comms.11.message,assets/worlds/combat_test.toml → [comms] message,"[Starbase Alpha: critical hull integrity below 10 percent. Phoenix, defend the station.]"
world.default.global.title,assets/worlds/default.toml → [global] title,Starbase Alpha
world.default.global.description,assets/worlds/default.toml → [global] description,[Defend the Federation outpost against an incoming raider patrol.]
world.entity.luna.name,assets/worlds/default.toml → [entity] name (entity display name; also the cross-reference key),luna
world.entity.lava_planet.name,assets/worlds/default.toml → [entity] name (entity display name; also the cross-reference key),Lava Planet
world.entity.raider_alpha.name,assets/worlds/default.toml → [entity] name (entity display name; also the cross-reference key),raider_alpha
world.default.trigger.action.obj_raider_destroyed.text,assets/worlds/default.toml → [trigger.action] text,[Pirate raider eliminated.]
world.default.available_ships.0.label,assets/worlds/default.toml → [available_ships] label,Alliance Cruiser
world.default.available_ships.1.label,assets/worlds/default.toml → [available_ships] label,Alliance Destroyer
world.default.comms.0.message,assets/worlds/default.toml → [comms] message,[MAYDAY MAYDAY — Pirate raider calling for backup. USS Phoenix has engaged. All units converge on our position!]
world.default.comms.1.message,assets/worlds/default.toml → [comms] message,[Starbase Alpha to all vessels — we are under attack! Requesting immediate assistance!]
world.default.comms.2.message,assets/worlds/default.toml → [comms] message,"[USS Phoenix, this is Starbase Alpha. Please state your business.]"
world.default.comms.response.0.text,assets/worlds/default.toml → [comms.response] text,[We are on a survey mission.]
world.default.comms.response.action.obj_survey.text,assets/worlds/default.toml → [comms.response.action] text,[Complete the survey in this sector.]
world.default.comms.response.1.text,assets/worlds/default.toml → [comms.response] text,[We require docking clearance.]
world.default.comms.response.action.obj_dock.text,assets/worlds/default.toml → [comms.response.action] text,[Dock at Starbase Alpha.]
world.rng_coverage.global.title,assets/worlds/rng_coverage.toml → [global] title,RNG Coverage
world.rng_coverage.global.description,assets/worlds/rng_coverage.toml → [global] description,[Test fixture scenario exercising every damage path]
world.rng_coverage.trigger.action.obj_patrol.text,assets/worlds/rng_coverage.toml → [trigger.action] text,[Patrol the test sector]
world.entity.rng_coverage_zone.name,assets/worlds/rng_coverage.toml → [[entity]] name,Radiation Zone
world.entity.lancer_alpha.name,assets/worlds/rng_coverage.toml → [[entity]] name,Lancer Alpha
world.entity.lancer_beta.name,assets/worlds/rng_coverage.toml → [[entity]] name,Lancer Beta
world.patrol.global.title,assets/worlds/patrol.toml → [global] title,Patrol
world.patrol.global.description,assets/worlds/patrol.toml → [global] description,[Hunt down a pirate raider on patrol through the sector.]
world.patrol.trigger.action.obj_patrol_sector.text,assets/worlds/patrol.toml → [trigger.action] text,[Patrol the sector and neutralize threats.]
world.patrol.trigger.action.obj_raider_destroyed.text,assets/worlds/patrol.toml → [trigger.action] text,[Pirate raider eliminated.]
world.reinforcements.global.title,assets/worlds/reinforcements.toml → [global] title,Reinforcements
world.reinforcements.global.description,assets/worlds/reinforcements.toml → [global] description,[A second pirate raider drops out of warp to assist its wing-mate.]
world.entity.raider_beta.name,assets/worlds/reinforcements.toml → [entity] name (entity display name; also the cross-reference key),raider_beta
console.common.auto,Badge shown on any console control when that system is AI-operated,AUTO
console.common.fire,Weapon fire button label (phasers and torpedoes),FIRE
console.common.cooldown,Weapon/drive button label while the system is on cooldown,COOLDOWN
console.common.no_target,Shown wherever a target readout has no locked target,NO TARGET
console.common.out_of_range,Weapon readiness: a target is locked but beyond the weapon's range,[OUT OF RANGE]
console.common.out_of_arc,Weapon readiness: a target is locked and in range but outside the weapon's fire arc,[OUT OF ARC]
console.common.loading,Weapon readiness: the weapon is loading or charging and cannot fire yet,LOADING
console.common.no_ammo,Weapon readiness: the weapon has no ammunition (empty magazine),NO AMMO
console.common.offline,Weapon readiness: the weapon is offline (disabled or destroyed),OFFLINE
console.common.no_contact,Target-kind readout when nothing is targeted,NO CONTACT
console.common.no_shield_data,Shield readout when no shield telemetry is available,[NO SHIELD DATA]
console.common.on_screen,Button that pushes this console's radar to the shared viewscreen,ON SCREEN
console.common.radar_pos,Radar position readout. {x} and {z} are world coordinates,[X: {x}  Z: {z}]
console.common.destroyed,Label on a ship system that has been destroyed,DESTROYED
console.common.unknown,Fallback label for an unidentified contact or stance,UNKNOWN
console.common.port,Port (left) direction label,PORT
console.common.stbd,Starboard (right) direction label,STBD
console.common.omni,Shield focus readout when no single facing is focused,OMNI
console.common.back,Button that closes a full-screen overlay panel and returns to the console,← Back
console.stance.hostile,Contact stance label on sensor readouts,HOSTILE
console.stance.allied,Contact stance label on sensor readouts,ALLIED
console.stance.neutral,Contact stance label on sensor readouts,NEUTRAL
console.kind.ship,Contact kind label on sensor readouts,WARSHIP
console.kind.asteroid,Contact kind label on sensor readouts,ASTEROID
console.kind.station,Contact kind label on sensor readouts,STARBASE
console.kind.planet,Contact kind label on sensor readouts,PLANET
console.kind.star,Contact kind label on sensor readouts,STAR
component.battery_bar.charging,Battery bar indicator while the battery is recharging,CHARGING
component.blasters.title,Blaster controls panel heading,BLASTERS
component.blasters.empty,Blaster controls when the ship has no blaster banks,[NO BLASTER BANKS]
component.blasters.charge,Blaster button: begin charging,CHARGE
component.blasters.firing,Blaster button while the bank is discharging,FIRING...
component.blasters.bank_fallback,Blaster bank row label when the bank has no name,BLASTER
component.blasters.pattern_step,Blaster patterned-attack step indicator (step number of total),STEP {step}/{total}
component.blasters.barrels,Blaster patterned-attack active-barrel indicator listing firing barrel indices,BARRELS {barrels}
component.boost.title,Boost control panel heading,BOOST
component.boost.ready,Boost button in its ready state,BOOST
component.boost.boosting,Boost button while boosting. {pct} is remaining battery percent,BOOSTING {pct}%
component.boost.boosting_full,Boost button while boosting with a full battery,BOOSTING
component.boost.recharging,Boost button while the battery refills. {pct} is charge percent,RECHARGING {pct}%
component.camera_select.title,Viewscreen camera selector heading (Captain console),CAMERA
component.camera_select.empty,Camera selector when no cameras are available,NO CAMERA
component.comms_contacts.empty,Comms contact list when nothing is in hailing range,NO CONTACTS
component.comms_contacts.hail,Button that hails a comms contact,HAIL
component.comms_hails.empty,Comms message list when no transmissions have arrived,NO MESSAGES
component.comms_message.no_active_hail,Comms message panel when no hail is open,[NO ACTIVE HAIL]
component.comms_message.confirm_important,"Comms response button prompt asking the operator to confirm an important, irreversible response before it is sent",CONFIRM?
component.comms_message.unavailable,Comms response button tooltip shown when the sender is out of comms range and the response cannot be sent,[OUT OF RANGE]
component.comms_message.rejected,Comms response button tooltip shown when the host rejected the attempted submission,REJECTED
component.helm_joystick.title,Helm joystick panel heading,HELM
component.helm_joystick.fwd,Joystick axis label: forward,FWD
component.helm_joystick.rev,Joystick axis label: reverse,REV
component.hull_integrity.title,Hull integrity panel heading,HULL INTEGRITY
component.hull_integrity.no_data,Hull integrity panel when no hull telemetry is available,[NO HULL DATA]
component.hull_integrity.systems,Hull integrity panel: per-system breakdown heading,SYSTEMS
component.impulse.title,Impulse drive control panel heading,IMPULSE DRIVE
component.impulse.ready,Impulse button in its ready state,IMPULSE
component.impulse.cancel,Impulse button while charging. {pct} is charge percent; pressing cancels,CANCEL {pct}%
component.lateral.title,Lateral thruster joystick heading,LATERAL
component.objectives.empty,Objective list when the mission has no objectives yet,NO OBJECTIVES
component.tutorial.heading,Contextual tutorial overlay card (issue #916): eyebrow label above the tip title,TUTORIAL
component.tutorial.dismiss,Contextual tutorial overlay card: dismiss button — marks the tip as read forever,GOT IT
component.tutorial.more,Contextual tutorial overlay card: count of further tips queued behind the current one. {n} is that count,+{n} MORE
component.phasers.title,Phaser controls panel heading,PHASERS
component.phasers.manual,Phaser mode toggle: manual fire mode,MANUAL
component.phasers.empty,Phaser controls when the ship has no phaser banks,[NO PHASER BANKS]
component.phasers.bank_fallback,Phaser bank row label when the bank has no name,BANK
component.power.title,Power allocation panel heading,POWER ALLOCATION
component.power.empty,Power panel when the ship defines no power groups,[NO POWER GROUPS]
component.power.level,Power group level readout. {n} is the allocated level,LVL {n}
component.power.held,"Power group level readout while the reactor's battery floor is holding the group below its standing order. {n} is the level it is running at, {c} the level it was commanded to",[LVL {n}/{c} HELD]
component.red_alert.title,Red alert control heading (Captain console),RED ALERT
component.red_alert.active,Red alert button while the alert is raised,RED ALERT
component.red_alert.standby,Red alert button while the ship is stood down,STAND DOWN
component.weapons_hold.free,"Weapons hold button while the guns are free to fire. [bracketed]: unapproved copy",[WEAPONS FREE]
component.weapons_hold.held,"Weapons hold button while the captain is holding fire. [bracketed]: unapproved copy",[WEAPONS HOLD]
component.repair_teams.title,Repair teams panel heading,REPAIR TEAMS
component.repair_teams.empty,Repair panel when the ship has no repair teams,[NO REPAIR TEAMS]
component.repair_teams.no_targets,Repair team row when nothing needs repair,[No repair targets]
component.repair_teams.target,Repair team row: current assignment. {target} is the system name,Target: {target}
component.sensor_panel.no_target,Sensor detail panel when no target is locked,NO TARGET
component.sensor_panel.brg,Sensor readout key: bearing to target,BRG
component.sensor_panel.rng,Sensor readout key: range to target,RNG
component.sensor_panel.class,Sensor readout key: target ship class,CLASS
component.sensor_panel.hull,Sensor readout key: target hull percentage,HULL
component.sensor_panel.heading,Sensor readout key: target heading,HEADING
component.sensor_panel.au,"Sensor readout unit: astronomical units, shown after the range value",AU
component.shield_facings.title,Shield facings panel heading,SHIELD FACINGS
component.shield_facings.empty,Shield facings panel when no facing telemetry is available,[NO FACING DATA]
component.shield_facings.off,Shield facing readout when that facing is offline,OFF
component.shield_facings.auto_hint,Shield facings panel — hint toast shown when an arc is pressed while facing selection is unstaffed (Backfill auto rating) and the press cannot be sent,[AUTO — STAFF SHIELDS TO SET FACING]
component.shield_panel.title,Shield status panel heading,SHIELDS
component.shield_panel.grid_nominal,Shield grid status: operating normally,GRID NOMINAL
component.shield_panel.grid_offline,Shield grid status: grid down,GRID OFFLINE
component.shield_panel.integrity,Shield panel label for overall integrity bar,INTEGRITY
component.shield_panel.focus,Shield focus readout. {name} is the focused facing,FOCUS: {name}
component.torpedoes.title,Torpedo controls panel heading,TORPEDOES
component.torpedoes.empty,Torpedo controls when the ship has no torpedo tubes,[NO TORPEDO TUBES]
component.torpedoes.pattern_step,Torpedo patterned-attack step indicator (step number of total),STEP {step}/{total}
component.torpedoes.barrels,Torpedo patterned-attack active-barrel indicator listing firing barrel indices,BARRELS {barrels}
component.boost.binding,Boost control key-binding hint (Shift key or gamepad A),[HOLD SHIFT · A]
component.impulse.binding,Impulse control key-binding hint (Ctrl key or gamepad B),[CTRL · B]
console.stance.friendly,Contact stance badge on the comms contact list,FRIENDLY
console.common.contacts.one,"Contact count, exactly one. {n} is the count",{n} CONTACT
console.common.contacts.other,"Contact count, zero or several. {n} is the count",{n} CONTACTS
component.sensor_panel.scan_range,Sensor panel header: current scan range,SCAN RANGE
component.sensor_panel.speed,Sensor readout key: target speed,SPEED
component.sensor_panel.threat,Sensor readout key: target threat rating,THREAT
component.sensor_panel.alert,Sensor readout key: selected target's red alert state,ALERT
component.sensor_panel.alert_active,Sensor readout value: selected target is at red alert,RED ALERT
component.sensor_panel.alert_standby,Sensor readout value: selected target is not at red alert,STANDBY
component.sensor_panel.status,Sensor panel status row key while scanning,STATUS
component.sensor_panel.scanning,Sensor panel status while no scan data has arrived,SCANNING...
component.sensor_panel.shield,"Sensor readout key: target shield state, per-facing or single-fraction (issue #927)",SHIELD
component.sensor_panel.shield_freq,Sensor readout key: target shield frequency — the FrequencyHint sender-side origin (issue #927),SHIELD FREQ
component.repair_teams.team,Repair team fallback name. {n} is the team number,Team {n}
component.repair_teams.status.idle,Repair team status badge: waiting for dispatch,IDLE
component.repair_teams.status.travelling,Repair team status badge: moving to its target,TRAVELLING
component.repair_teams.status.repairing,Repair team status badge: actively repairing,REPAIRING
component.repair_teams.status.returning,Repair team status badge: returning to standby,RETURNING
component.repair_teams.damaged_title,Repair console heading over the list of damaged systems a player can tap to prioritise,[DAMAGED SYSTEMS]
component.repair_teams.tier.damaged,Damage tier chip on a damaged-systems row: lightly damaged,[DMG]
component.repair_teams.tier.disabled,Damage tier chip on a damaged-systems row: badly damaged and offline,[DISABLED]
component.repair_teams.tier.destroyed,Damage tier chip on a damaged-systems row: destroyed,[DESTROYED]
component.repair_teams.next,Flag on the damaged-systems row a repair team has been told to fix next,[NEXT]
component.repair_teams.working,Flag on the damaged-systems row a repair team is currently repairing,[ON IT]
component.repair_teams.prioritise_title,Tooltip on a tappable damaged-systems row. {name} is the system name,[Fix {name} next]
component.repair_teams.prioritised_title,Tooltip on the damaged-systems row already queued to be fixed next. {name} is the system name,[{name} is queued next]
component.repair_teams.working_title,Tooltip on the damaged-systems row a repair team is already on site at. That row is not tappable — it is nobody's NEXT job. {name} is the system name,[A team is already on {name}]
component.ship_picker.class.battleship,Lobby ship picker — hull class badge on a battleship card,[BATTLESHIP]
component.ship_picker.class.courier,Lobby ship picker — hull class badge on a courier card,[COURIER]
component.ship_picker.class.cruiser,Lobby ship picker — hull class badge on a cruiser card,[CRUISER]
component.ship_picker.class.destroyer,Lobby ship picker — hull class badge on a destroyer card,[DESTROYER]
component.ship_picker.class.unknown,Lobby ship picker — hull class badge when the entity template authors no class,[UNKNOWN]
component.ship_picker.empty,Lobby ship picker when the locked scenario offers no playable hull,[No ships available]
component.ship_picker.power,Lobby ship picker — stat label above a hull's power rating,[Power]
component.ship_picker.stations,Lobby ship picker — stat label above a hull's station count,[Stations]
component.station_damage.popup_title,Station-damage popup heading. {name} is the owning station (or the ship core),[{name} Systems]
component.station_damage.bar_title,Station-damage bar tooltip. {name} is the owning station (or the ship core),[{name} systems]
component.station_damage.default_label,Station-damage bar label before the console names the station it belongs to,Station
console.comms.doc_title,Browser-tab title of the comms console page,[Project Phoenix - Comms Console]
console.comms.screen_label,Phone-frame screen label of the comms console,Comms Console
console.comms.title,comms console — main hero heading,COMMS
console.comms.subtitle,comms console — hero sub-heading under the title,[CONTACTS & TRAFFIC]
console.comms.station_footer,comms console — footer station name,COMMS STATION
console.common.no_active_hail,Console footer when no hail is open,[NO ACTIVE HAIL]
console.comms.contacts,"comms console — ""Contacts"" panel heading",Contacts
console.comms.available_hails,"comms console — ""Available Hails"" panel heading",Available Hails
console.comms.current_thread,"comms console — ""Current Thread"" panel heading",Current Thread
console.helm.screen_label,Phone-frame screen label of the helm console,Helm Console
console.helm.title,helm console — main hero heading,HELM
console.helm.station_footer,helm console — footer station name,HELM STATION
console.navigation.doc_title,Browser-tab title of the navigation console page,[Project Phoenix - Navigation Console]
console.navigation.screen_label,Phone-frame screen label of the navigation console,Navigation Console
console.navigation.title,navigation console — main hero heading,NAVIGATION
console.navigation.subtitle,navigation console — hero sub-heading under the title,[COURSE & WAYPOINTS]
console.navigation.station_footer,navigation console — footer station name,NAVIGATION STATION
console.navigation.selected,"navigation console — ""Selected"" metric label",Selected
console.navigation.waypoint,"navigation console — ""Waypoint"" metric label",Waypoint
console.navigation.contacts,"navigation console — ""Contacts"" metric label",Contacts
console.navigation.on_screen,"navigation console — ""On Screen"" button",On Screen
console.navigation.clear_waypoint,"navigation console — ""Clear Waypoint"" button",Clear Waypoint
console.navigation.set_waypoint,"navigation console — ""Set Waypoint"" button that starts tap-to-place mode (free waypoint)",Set Waypoint
console.navigation.set_as_waypoint,"navigation console — ""Set as Waypoint"" button that anchors the waypoint to the selected chart contact",Set as Waypoint
console.navigation.tap_to_place,navigation console — toast prompt shown while tap-to-place waypoint mode is armed,TAP MAP TO PLACE WAYPOINT
console.navigation.waypoint_set,navigation console — toast confirming a waypoint was set,WAYPOINT SET
console.power.doc_title,Browser-tab title of the power console page,[Project Phoenix - Power Console]
console.power.screen_label,Phone-frame screen label of the power console,Power Console
console.power.title,power console — main hero heading,POWER
console.power.subtitle,power console — hero sub-heading under the title,[ALLOCATION & BATTERY]
console.power.station_footer,power console — footer station name,POWER STATION
console.repair.doc_title,Browser-tab title of the repair console page,[Project Phoenix - Repair Console]
console.repair.screen_label,Phone-frame screen label of the repair console,Repair Console
console.repair.title,repair console — main hero heading,REPAIR
console.repair.subtitle,repair console — hero sub-heading under the title,[HULL & SYSTEM MAINTENANCE]
console.repair.station_footer,repair console — footer station name,REPAIR STATION
console.shields.doc_title,Browser-tab title of the shields console page,[Project Phoenix - Shields Console]
console.shields.screen_label,Phone-frame screen label of the shields console,Shields Console
console.shields.title,shields console — main hero heading,SHIELDS
console.shields.subtitle,shields console — hero sub-heading under the title,DEFENSIVE GRID
console.shields.station_footer,shields console — footer station name,SHIELDS STATION
console.shields.hull,"shields console — ""Hull"" metric label",Hull
console.shields.focus,"shields console — ""Focus"" metric label",Focus
console.shields.grid,"shields console — ""Grid"" metric label",Grid
console.tactical.doc_title,Browser-tab title of the tactical console page,[Project Phoenix - Tactical Console]
console.tactical.screen_label,Phone-frame screen label of the tactical console,Tactical Console
console.tactical.title,tactical console — main hero heading,TACTICAL
console.tactical.subtitle,tactical console — hero sub-heading under the title,WEAPONS CONTROL
console.tactical.station_footer,tactical console — footer station name,TACTICAL STATION
console.captain.doc_title,Browser-tab title of the captain console page,[Project Phoenix — Captain Console]
console.captain.screen_label,Phone-frame screen label of the captain console,Captain Console
console.captain.title,captain console — main hero heading,CAPTAIN
console.captain.subtitle,captain console — hero sub-heading under the title,COMMAND
console.captain.command,"captain console — ""Command"" panel heading",Command
console.cruiser_comms.doc_title,Browser-tab title of the comms console page,[Project Phoenix — Comms Console]
console.cruiser_comms.subtitle,comms console — hero sub-heading under the title,[COMMUNICATIONS & NAV]
console.comms.navigation,"comms console — ""Navigation"" panel heading",Navigation
console.comms.comms,"comms console — ""Comms"" panel heading",Comms
console.comms.messages.one,"comms console footer — message count, exactly one. {n} is the count",[{n} MESSAGE]
console.comms.messages.other,"comms console footer — message count, zero or several. {n} is the count",[{n} MESSAGES]
console.engineering.doc_title,Browser-tab title of the engineering console page,[Project Phoenix — Engineering Console]
console.engineering.screen_label,Phone-frame screen label of the engineering console,Engineering Console
console.engineering.title,engineering console — main hero heading,ENGINEERING
console.engineering.subtitle,engineering console — hero sub-heading under the title,[POWER & REPAIR]
console.engineering.power,"engineering console — ""Power"" panel heading",Power
console.engineering.repair,"engineering console — ""Repair"" panel heading",Repair
console.cruiser_helm.doc_title,Browser-tab title of the helm console page,[Project Phoenix — Helm Console]
console.cruiser_helm.subtitle,helm console — hero sub-heading under the title,PILOTING
console.destroyer_helm.doc_title,Browser-tab title of the helm console page,[Project Phoenix — Helm Console]
console.destroyer_helm.subtitle,helm console — hero sub-heading under the title,[PILOTING]
console.battleship_helm.doc_title,Browser-tab title of the helm console page,[Project Phoenix — Helm Console]
console.battleship_helm.subtitle,helm console — hero sub-heading under the title,[PROPULSION & COURSE]
console.science.doc_title,Browser-tab title of the science console page,[Project Phoenix — Science Console]
console.science.screen_label,Phone-frame screen label of the science console,Science Console
console.science.title,science console — main hero heading,SCIENCE
console.science.subtitle,science console — hero sub-heading under the title,[SENSORS & SHIELDS]
console.science.sensors,"science console — ""Sensors"" panel heading",Sensors
console.science.shields,"science console — ""Shields"" panel heading",Shields
console.cruiser_tactical.doc_title,Browser-tab title of the tactical console page,[Project Phoenix — Tactical Console]
console.cruiser_tactical.subtitle,tactical console — hero sub-heading under the title,WEAPONS
console.courier_captain.doc_title,Browser-tab title of the captain console page,[Project Phoenix — Courier Captain]
console.courier_captain.screen_label,Phone-frame screen label of the captain console,Courier Captain
console.captain.station_footer,captain console — footer station name,CAPTAIN STATION
console.captain.shields_power,"captain console — ""Shields & Power"" panel heading",[Shields & Power]
console.captain.repair,"captain console — ""Repair"" panel heading",Repair
console.captain.navigation,"captain console — ""Navigation"" panel heading",Navigation
console.captain.comms,"captain console — ""Comms"" panel heading",Comms
console.command.doc_title,Browser-tab title of the command console page,[Project Phoenix — Command Console]
console.command.screen_label,Phone-frame screen label of the command console,[Command]
console.command.title,command console — main hero heading,[COMMAND]
console.command.subtitle,command console — hero sub-heading under the title,[STATION DIRECTION]
console.command.directing,"command console — label before the directed station's name",[Directing]
console.command.stance_heading,command console — heading over the stance list,[Stance]
console.command.station_footer,command console — footer station name,[COMMAND STATION]
console.command.ai_directed,command console — persistent cue that the directed station is under AI control and can be commanded,[AI — DIRECTABLE]
console.command.human_held,command console — cue that the directed station is human-held and off the command board,[CREWED — NOT DIRECTABLE]
console.command.command_auto,command console — cue that Command itself is currently run by the ship AI,[COMMAND ON AI]
console.command.current_stance,command console — label before the stance currently in force,[Current]
console.courier_tactical.doc_title,Browser-tab title of the tactical console page,[Project Phoenix — Courier Tactical]
console.courier_tactical.screen_label,Phone-frame screen label of the tactical console,Courier Tactical
console.tactical.weapons,"tactical console — ""Weapons"" panel heading",Weapons
console.tactical.sensors,"tactical console — ""Sensors"" panel heading",Sensors
console.tactical.helm,"tactical console — ""Helm"" panel heading",Helm
console.destroyer_captain.subtitle,captain console — hero sub-heading under the title,[COMMAND & SENSORS]
console.destroyer_engineering.subtitle,engineering console — hero sub-heading under the title,[SHIELDS · POWER · REPAIR]
console.engineering.shields,"engineering console — ""Shields"" panel heading",Shields
console.tactical.intel,"tactical console — ""Intel"" panel heading (issue #1030)",Intel
console.common.no_waypoint,Console footer when no waypoint is set,NO WAYPOINT
console.engineering.station_footer,engineering console — footer station name,ENGINEERING STATION
console.science.station_footer,science console — footer station name,SCIENCE STATION
console.common.active_hail,Comms footer while a hail with an unnamed sender is open,ACTIVE HAIL
console.common.waypoint,Fallback name for an unnamed waypoint,WAYPOINT
console.common.locked,Tactical footer when a target is locked but unnamed,LOCKED
console.navigation.not_set,Navigation console — waypoint readout when none is set,NOT SET
console.navigation.custom,Navigation console — selected-entity readout for a custom point,CUSTOM
console.navigation.none,Navigation console — selected-entity readout when nothing is selected,NONE
console.common.nav_toggle,Button that toggles the navigation chart overlay,Nav
console.common.comms_toggle,Button that toggles the comms overlay,Comms
console.common.intel_toggle,Button that toggles the intelligence-files overlay (issue #1030),Intel
console.common.objectives_toggle,Button that toggles the objectives overlay,Objectives
console.common.red_alert_badge,Badge shown while the ship is at red alert,Red Alert
console.shields.threat_bearing,"Shields console — standing bearing of the nearest hostile in sensor range, the same fact the backfilled Shields focus AI reads",Threat Bearing
console.common.no_data,Generic readout placeholder when no telemetry is available,NO DATA
console.shield.shld,Abbreviated shield label on a single-fraction shield readout,SHLD
console.shield.down,Shield facing readout when that facing is down,DOWN
console.shield.online,Shield status summary: shields operating,ONLINE
console.shield.shield_down,Shield status summary: shields collapsed,SHIELD DOWN
console.shield.degraded,Shield status summary: one or more facings down,DEGRADED
console.sensors.doc_title,Browser-tab title of the sensors console page,[Project Phoenix - Sensors Console]
console.sensors.screen_label,Phone-frame screen label of the sensors console,Sensors Console
console.sensors.title,sensors console — main hero heading,SENSORS
console.sensors.subtitle,sensors console — hero sub-heading under the title,LONG-RANGE SCAN
console.sensors.scan_summary,"sensors console — ""Scan Summary"" panel heading",Scan Summary
console.sensors.scan_range,"sensors console — ""Scan Range"" metric label",Scan Range
console.sensors.contacts,"sensors console — ""Contacts"" metric label",Contacts
console.sensors.target_analysis,"sensors console — ""Target Analysis"" panel heading",Target Analysis
console.sensors.name,sensors console — target name metric label,Name
console.sensors.kind,sensors console — target kind metric label,Kind
console.sensors.shield_status,sensors console — target shield status metric label,Shield Status
console.sensors.station_footer,sensors console — footer station name,SENSORS STATION
console.common.cancel_impulse,Button that aborts an active impulse-drive charge,Cancel Impulse
console.common.target,Fallback name for an unnamed locked target,TARGET
console.repair.core,"The ship's core — the systems owned by no station. Names both the repair-target row and the core damage bar beside the station bars, on repair and engineering",Core
console.repair.footer_status,repair console footer — hull percent and repair-team activity. {pct} is hull percent; {active} of {total} teams are working,[{pct}% HULL · {active}/{total} ACTIVE]
console.radar.science_target,Radar blip label for the science-locked target,SCIENCE TARGET
console.radar.tactical_target,Radar blip label for the tactical-locked target,TACTICAL TARGET
console.radar.torpedo_armed,"Tactical radar badge drawn beside a hostile contact whose hull carries torpedo tubes. A capability warning shown before that contact fires, not a launch warning. Sits next to a blip, so keep it very short",[TORP]
station.captain.name,Captain station display name (station ids stay English in TOML),Captain
station.helm.name,Helm station display name,Helm
station.tactical.name,Tactical station display name,Tactical
station.repair.name,Repair station display name,Repair
station.sensors.name,Sensors station display name,Sensors
station.shields.name,Shields station display name,Shields
station.navigation.name,Navigation station display name,Navigation
station.power.name,Power station display name,Power
station.comms.name,Comms station display name,Comms
station.engineering.name,Engineering station display name,Engineering
station.pilot.name,Pilot station display name (courier),Pilot
station.science.name,Science station display name (cruiser),Science
station.command.name,Command station display name (issue #1107 auxiliary station),Command
shield_arc.fore.label,Shield arc label — the forward facing. Shared by every hull's [[shield_arc]] block,Fore
shield_arc.aft.label,Shield arc label — the rear facing. Shared by every hull's [[shield_arc]] block,Aft
shield_arc.port.label,Shield arc label — the left-hand facing. Shared by every hull's [[shield_arc]] block,Port
shield_arc.starboard.label,Shield arc label — the right-hand facing. Shared by every hull's [[shield_arc]] block,Starboard
shield_arc.omni.label,Shield arc label — the all-round backup facing that absorbs when a directional arc is down. Shared by every hull's [[shield_arc]] block,Omni
shield_arc.all.label,"Shield arc label — a single facing covering all bearings, on hulls with no directional arcs. Shared by every hull's [[shield_arc]] block",All
weapon.phaser_fore.display_name,Weapon mount display name — a forward-facing phaser bank. Shared by every hull carrying that mount,[Phaser Bank (Fore)]
weapon.phaser_aft.display_name,Weapon mount display name — an aft-facing phaser bank. Shared by every hull carrying that mount,[Phaser Bank (Aft)]
weapon.phaser_omni.display_name,Weapon mount display name — an all-round phaser bank. Shared by every hull carrying that mount,[Phaser Bank (Omni)]
weapon.blaster_fore.display_name,Weapon mount display name — a single forward blaster. Shared by every hull carrying that mount,Blaster
weapon.blaster_heavy_fore.display_name,Weapon mount display name — a forward-facing heavy blaster bank. Shared by every hull carrying that mount,[Heavy Blaster Bank (Fore)]
weapon.blaster_port.display_name,Weapon mount display name — a port-facing blaster bank. Shared by every hull carrying that mount,[Blaster Bank (Port)]
weapon.blaster_starboard.display_name,Weapon mount display name — a starboard-facing blaster bank. Shared by every hull carrying that mount,[Blaster Bank (Starboard)]
weapon.torpedo_tube_fore.display_name,Weapon mount display name — a single forward torpedo tube. Shared by every hull carrying that mount,[Torpedo Tube (Fore)]
weapon.torpedo_tube_aft.display_name,Weapon mount display name — a single aft torpedo tube. Shared by every hull carrying that mount,[Torpedo Tube (Aft)]
weapon.torpedo_tube_fore_port.display_name,Weapon mount display name — the port tube of a forward torpedo battery. Shared by every hull carrying that mount,[Torpedo Tube (Fore Port)]
weapon.torpedo_tube_fore_starboard.display_name,Weapon mount display name — the starboard tube of a forward torpedo battery. Shared by every hull carrying that mount,[Torpedo Tube (Fore Starboard)]
weapon.torpedo_tube_fore_centre.display_name,Weapon mount display name — the centre tube of a forward torpedo battery. Shared by every hull carrying that mount,[Torpedo Tube (Fore Centre)]
weapon.torpedo_tube_aft_port.display_name,Weapon mount display name — the port tube of an aft torpedo battery. Shared by every hull carrying that mount,[Torpedo Tube (Aft Port)]
weapon.torpedo_tube_aft_starboard.display_name,Weapon mount display name — the starboard tube of an aft torpedo battery. Shared by every hull carrying that mount,[Torpedo Tube (Aft Starboard)]
help.captain.0.heading,"Help modal — captain station, section 1 heading",Command
help.captain.0.body,"Help modal — captain station, section 1 body text",[You set the ship's posture. Coordinate the crew and call the shots — no one else has the full picture.]
help.captain.1.heading,"Help modal — captain station, section 2 heading",Red Alert
help.captain.1.body,"Help modal — captain station, section 2 body text","[Raises ship-wide combat readiness. Call it before entering a fight, not after taking the first hit.]"
help.captain.2.heading,"Help modal — captain station, section 3 heading",View Selector
help.captain.2.body,"Help modal — captain station, section 3 body text",[Keep the main screen camera updated so the whole bridge sees what matters right now.]
help.helm.0.heading,"Help modal — helm station, section 1 heading",Pilot
help.helm.0.body,"Help modal — helm station, section 1 body text",[Keep the ship moving and the target in arc for Tactical. You control where the fight happens.]
help.helm.1.heading,"Help modal — helm station, section 2 heading",[Thrust & Steering]
help.helm.1.body,"Help modal — helm station, section 2 body text","[Drag to accelerate, reverse, or steer. WASD or the arrow keys steer too, as does a gamepad stick.]"
help.helm.2.heading,"Help modal — helm station, section 3 heading",Impulse Drive
help.helm.2.body,"Help modal — helm station, section 3 body text","[10× speed burst for rapid travel. Damage cancels it, so it's best for non-combat travel. Press Ctrl or gamepad B to charge, again to cancel.]"
help.helm.3.heading,"Help modal — helm station, section 4 heading",Boost
help.helm.3.body,"Help modal — helm station, section 4 body text","[Hold Shift or gamepad A for 3× speed while the battery lasts. It drains in a few seconds and takes far longer to refill, so save it for closing a gap.]"
help.helm.4.heading,"Help modal — helm station, section 5 heading",On Screen
help.helm.4.body,"Help modal — helm station, section 5 body text",[Push your radar to the viewscreen when someone needs to see your situation.]
help.tactical.0.heading,"Help modal — tactical station, section 1 heading",Weapons Officer
help.tactical.0.body,"Help modal — tactical station, section 1 body text",[Deliver firepower to the enemy.]
help.tactical.1.heading,"Help modal — tactical station, section 2 heading",Target Lock
help.tactical.1.body,"Help modal — tactical station, section 2 body text",[Lock first — phasers and torpedoes both require an active lock by clicking on the target.]
help.tactical.2.heading,"Help modal — tactical station, section 3 heading",Phasers
help.tactical.2.body,"Help modal — tactical station, section 3 body text",[Fast and continuous but arc-limited. Enable Auto so they fire the instant the target crosses your fire arc.]
help.tactical.3.heading,"Help modal — tactical station, section 4 heading",Torpedoes
help.tactical.3.body,"Help modal — tactical station, section 4 body text","[Use them when on priority target. They do less damage to shields than hull, sensors can monitor target shields.]"
help.repair.0.heading,"Help modal — repair station, section 1 heading",Damage Control
help.repair.0.body,"Help modal — repair station, section 1 body text",[Keep the ship in the fight. Damaged systems degrade everyone's performance — act early.]
help.repair.1.heading,"Help modal — repair station, section 2 heading",Hull Status
help.repair.1.body,"Help modal — repair station, section 2 body text","[Your ship health gauge, it doesn't show where the damage is, the other bridge officers should ask for repairs.]"
help.repair.2.heading,"Help modal — repair station, section 3 heading",Repair Teams
help.repair.2.body,"Help modal — repair station, section 3 body text","[Dispatch teams to damaged consoles, sooner rather than later.]"
help.power.0.heading,"Help modal — power station, section 1 heading",Power Officer
help.power.0.body,"Help modal — power station, section 1 body text",[You decide how much performance each system gets. Shift allocations as the battle changes.]
help.power.1.heading,"Help modal — power station, section 2 heading",Power Allocation
help.power.1.body,"Help modal — power station, section 2 body text",[Distribute 6 base points across systems. Higher level means better performance from that station.]
help.power.2.heading,"Help modal — power station, section 3 heading",Battery Reserve
help.power.2.body,"Help modal — power station, section 3 body text",[Holds up to 2 emergency power points. Let it drain completely and everyone gets locked out for a time.]
help.shields.0.heading,"Help modal — shields station, section 1 heading",Shield Officer
help.shields.0.body,"Help modal — shields station, section 1 body text",[Absorb incoming fire and keep the ship alive.]
help.shields.1.heading,"Help modal — shields station, section 2 heading",Shield Facings
help.shields.1.body,"Help modal — shields station, section 2 body text","[Four quadrants: Fore, Aft, Port, Starboard.]"
help.shields.2.heading,"Help modal — shields station, section 3 heading",Focus
help.shields.2.body,"Help modal — shields station, section 3 body text",[Concentrate capacity on one facing to tank heavy fire by tapping it. Tap again to rebalance shields]
help.sensors.0.heading,"Help modal — sensors station, section 1 heading",Sensors Officer
help.sensors.0.body,"Help modal — sensors station, section 1 body text",[Extend the crew's awareness beyond visual range.]
help.sensors.1.heading,"Help modal — sensors station, section 2 heading",Long-Range Scan
help.sensors.1.body,"Help modal — sensors station, section 2 body text",[Detect contacts before they enter combat range and provides some extra information on their status]
help.navigation.0.heading,"Help modal — navigation station, section 1 heading",Navigator
help.navigation.0.body,"Help modal — navigation station, section 1 body text",[Read the map to keep the ship heading in the right direction.]
help.navigation.1.heading,"Help modal — navigation station, section 2 heading",System Chart
help.navigation.1.body,"Help modal — navigation station, section 2 body text",[Overlay the nav chart on the main screen so the Captain and Helm see the strategic picture.]
help.navigation.2.heading,"Help modal — navigation station, section 3 heading",Cancel Impulse
help.navigation.2.body,"Help modal — navigation station, section 3 body text",[Abort an active impulse charge if Helm is about to overshoot or fly into a hazard.]
help.navigation.3.heading,"Help modal — navigation station, section 4 heading",Waypoints
help.navigation.3.body,"Help modal — navigation station, section 4 body text","[Tap a contact on the chart to select it, then ""Set as Waypoint"" to mark it as the destination. ""Set Waypoint"" lets you place a destination anywhere on the map, and ""Clear Waypoint"" removes it.]"
help.comms.0.heading,"Help modal — comms station, section 1 heading",Comms Officer
help.comms.0.body,"Help modal — comms station, section 1 body text","[Connect the ship to the outside world. You are the first to know about orders, threats, and opportunities.]"
help.comms.1.heading,"Help modal — comms station, section 2 heading",Contacts
help.comms.1.body,"Help modal — comms station, section 2 body text",[Track who is in hailing range.]
help.comms.2.heading,"Help modal — comms station, section 3 heading",Messages
help.comms.2.body,"Help modal — comms station, section 3 body text",[Incoming transmissions can carry mission-critical intelligence.]
help.comms.3.heading,"Help modal — comms station, section 4 heading",Objectives
help.comms.3.body,"Help modal — comms station, section 4 body text",[Mission goals update as the situation changes. Alert the Captain when new orders arrive.]
help.engineering.0.heading,"Help modal — engineering station, section 1 heading",Engineering Officer
help.engineering.0.body,"Help modal — engineering station, section 1 body text","[Keep the ship running under fire. You manage shields, power, and repairs from a single station.]"
help.engineering.1.heading,"Help modal — engineering station, section 2 heading",Shields
help.engineering.1.body,"Help modal — engineering station, section 2 body text","[Four facings: Fore, Aft, Port, Starboard. Focus one to tank heavy fire, tap again to rebalance.]"
help.engineering.2.heading,"Help modal — engineering station, section 3 heading",Power Allocation
help.engineering.2.body,"Help modal — engineering station, section 3 body text",[Distribute base points across systems. Higher level means better performance. Keep an eye on the battery reserve.]
help.engineering.3.heading,"Help modal — engineering station, section 4 heading",Repair Teams
help.engineering.3.body,"Help modal — engineering station, section 4 body text",[Dispatch teams to damaged systems. Damaged systems degrade everyone's performance — act early.]
help.science.0.heading,"Help modal — science station, section 1 heading",Science Officer
help.science.0.body,"Help modal — science station, section 1 body text",[Extend the crew's awareness and keep the shields up. You monitor long-range sensors and manage defensive coverage.]
help.science.1.heading,"Help modal — science station, section 2 heading",Long-Range Scan
help.science.1.body,"Help modal — science station, section 2 body text",[Detect contacts before they enter combat range and provide extra information on their status.]
help.science.2.heading,"Help modal — science station, section 3 heading",Shield Facings
help.science.2.body,"Help modal — science station, section 3 body text","[Four quadrants: Fore, Aft, Port, Starboard. Focus capacity on one facing to tank heavy fire.]"
help.modal_heading,Help modal heading; the modal dismisses on any tap,[HELP — tap to dismiss]
settings.title,Settings gear button tooltip and dialog name,Settings
settings.rating,Settings — station rating (difficulty) section heading,Rating
settings.volume,Settings — audio volume section heading,Volume
settings.qr_code,Settings — QR code section heading,QR Code
settings.toggle_qr,Settings — button that shows/hides the join QR code on the viewscreen,[Toggle QR on Screen]
settings.station,Settings — station section heading,Station
settings.leave_station,Settings — button that releases the player's claimed station,Leave Station
settings.tab.debug,Server settings menu — name of the Debug/Cheat tab (hidden in a release build),[Debug / Cheat]
settings.tab.audio,Server settings menu — name of the Audio tab,Audio
settings.tab.gameplay,Server settings menu — name of the Gameplay tab,Gameplay
settings.tab.station_help,Phone client settings menu — name of the current station help tab,Station Help
settings.tab.ship_manual,Phone client settings menu — name of the ship manual tab,Ship Manual
settings.station_help.unavailable,Phone client Settings Station Help tab — shown when the player has no station or it has no authored help,[Station help is unavailable until you take a station.]
settings.master_volume,"Server settings menu — Audio tab, master volume section heading",Master Volume
settings.master_volume_value,Server settings menu — master volume readout as a percentage. {value} is the whole-number percentage.,{value}%
settings.master_volume_hint,Server settings menu — explains that master volume scales the per-sound volumes authored in the ship and world TOML rather than replacing them,[Scales every authored sound volume.]
settings.debug.output,"Server settings menu — Debug tab, heading over the debug output selectors",Debug Output
settings.debug.output_hint,Server settings menu — explains that picking a debug output opens the output panel beside the viewscreen,[Pick one to open the output panel.]
settings.debug.client_hint,"Client settings menu — explains that a phone's debug toggles draw on the shared host viewscreen, not on the phone itself",[These draw on the host viewscreen.]
settings.debug.modifiers,Server settings menu — debug output showing the ship modifier state,Modifiers
settings.debug.damage,Server settings menu — debug output showing the recent damage log,Damage Log
settings.debug.entities,Server settings menu — debug output showing per-entity behaviour,Entity Behaviour
settings.debug.inspector,Server settings menu — debug output showing the entity inspector,Entity Inspector
settings.debug.cheats,"Server settings menu — Debug tab, heading over the cheat toggles",Cheats
settings.debug.wireframes,Server settings menu — toggle drawing region wireframes in the world,Region Wireframes
settings.debug.godmode,Server settings menu — toggle that makes the player ship take no damage,God Mode
settings.debug.instagib,Server settings menu — toggle that multiplies weapon damage so hits kill outright,Instagib
settings.debug.session,"Server settings menu — Debug tab, heading over the session/save actions",Session
settings.debug.teleport,Server settings menu — jump the ship to the shared Navigation waypoint; disabled when there is no waypoint,[Teleport to Waypoint]
settings.debug.save_snapshot,Server settings menu — save the running session to the browser,Save Session
settings.debug.resume_snapshot,Server settings menu — reload the page and resume the saved session,[Resume Saved Session]
settings.debug.export_snapshot,Server settings menu — download the running session as a portable save file (issue #866),[Export Session To File]
settings.gameplay.simulation,"Server settings menu — Gameplay tab, heading over the pause control",Simulation
settings.gameplay.pause,Server settings menu — button that pauses the simulation clock,Pause
settings.gameplay.resume,Server settings menu — button that resumes a paused simulation clock,Resume
settings.gameplay.session,"Server settings menu — Gameplay tab, heading over the exit control",Session
settings.gameplay.exit_to_lobby,Server settings menu — ends the current mission and returns everyone to the lobby,[Exit to Lobby]
station.rating.std.name,Display name of the Std station rating (identifier in TOML),STANDARD
station.rating.simplified.name,Display name of the Simplified station rating,SIMPLIFIED
station.rating.backfill.name,"Display name of the implicit Backfill rating (station unmanned, AI operates all its systems)",BACKFILL (AI)
manual.title,Ship manual button tooltip and dialog name,Ship Manual
manual.heading,Ship manual overlay heading; the overlay dismisses on a backdrop tap,[SHIP MANUAL — tap outside to dismiss]
manual.empty,Ship manual — shown when no manual has been received yet,[Ship manual unavailable]
manual.automated_systems,Ship manual — heading above the per-rating list of AI-operated systems,[AI automation by rating]
manual.rating.none,Ship manual — shown for a rating that automates no systems,[none — fully hands-on]
manual.section.shields,Ship manual — heading of the generated Shields system section,Shields
manual.shields.max_hp,"Ship manual — Shields section, base HP per arc. {value} is the number.",[Base strength: {value} HP per arc]
manual.shields.regen,"Ship manual — Shields section, regen per second. {value} is the number.",[Regeneration: {value} HP/s per arc]
manual.shields.arcs,"Ship manual — Shields section, number of shield arcs. {value} is the count.",[Shield arcs: {value}]
manual.section.phaser_bank,Ship manual — heading of a generated Phaser Bank section,Phaser Bank
manual.phaser_bank.beam_range,"Ship manual — Phaser Bank section, beam range in world units. {value} is the number.",[Beam range: {value}]
manual.phaser_bank.beam_damage,"Ship manual — Phaser Bank section, beam damage per second. {value} is the number.",[Beam damage: {value} HP/s]
manual.phaser_bank.cooldown,"Ship manual — Phaser Bank section, cooldown in seconds. {value} is the number.",[Cooldown: {value} s]
manual.phaser_bank.fire_arc,"Ship manual — Phaser Bank section, fire arc in degrees. {value} is the number.",[Fire arc: {value}°]
manual.section.blaster_bank,Ship manual — heading of a generated Blaster Bank section,Blaster Bank
manual.blaster_bank.range,"Ship manual — Blaster Bank section, range in world units. {value} is the number.",Range: {value}
manual.blaster_bank.volley,"Ship manual — Blaster Bank section, projectiles per volley. {value} is the count.",[Volley: {value} shots]
manual.blaster_bank.cooldown,"Ship manual — Blaster Bank section, cooldown in seconds. {value} is the number.",[Cooldown: {value} s]
manual.blaster_bank.fire_arc,"Ship manual — Blaster Bank section, fire arc in degrees. {value} is the number.",[Fire arc: {value}°]
manual.blaster_bank.barrels,"Ship manual — Blaster Bank section, number of barrels. {value} is the count.",Barrels: {value}
manual.section.torpedo_tube,Ship manual — heading of a generated Torpedo Tube section,Torpedo Tube
manual.torpedo_tube.fire_arc,"Ship manual — Torpedo Tube section, launch arc in degrees. {value} is the number.",[Launch arc: {value}°]
manual.torpedo_tube.load_time,"Ship manual — Torpedo Tube section, load time in seconds. {value} is the number.",[Load time: {value} s]
manual.torpedo_tube.volley_max,"Ship manual — Torpedo Tube section, volley capacity. {value} is the count.",[Volley capacity: {value}]
manual.section.torpedo_magazine,Ship manual — heading of the generated Torpedo Magazine section,Torpedo Magazine
manual.torpedo_magazine.capacity,"Ship manual — Torpedo Magazine section, stored torpedoes. {value} is the count.",[Torpedo stores: {value}]
manual.torpedo_magazine.damage_hull,"Ship manual — Torpedo Magazine section, warhead hull damage. {value} is the number.",[Warhead hull damage: {value}]
manual.torpedo_magazine.damage_shields,"Ship manual — Torpedo Magazine section, warhead shield damage. {value} is the number.",[Warhead shield damage: {value}]
manual.torpedo_magazine.tubes,"Ship manual — Torpedo Magazine section, number of launch tubes. {value} is the count.",[Launch tubes: {value}]
manual.section.tactical_radar,Ship manual — heading of the generated Tactical Radar section,Tactical Radar
manual.tactical_radar.range,"Ship manual — Tactical Radar section, range in world units. {value} is the number.",Range: {value}
manual.section.sensors,Ship manual — heading of the generated Sensors section,Sensors
manual.sensors.range,"Ship manual — Sensors section, long-range radar range. {value} is the number.",[Long-range radar: {value}]
manual.section.sensor_radar,Ship manual — heading of the generated Sensor Radar section,Sensor Radar
manual.sensor_radar.range,"Ship manual — Sensor Radar section, radar range in world units. {value} is the number.",Range: {value}
manual.section.power_reactor,Ship manual — heading of the generated Power Reactor section,Power Reactor
manual.power_reactor.capacity,"Ship manual — Power Reactor section, reactor capacity. {value} is the number.",[Reactor capacity: {value}]
manual.power_reactor.power_groups,"Ship manual — Power Reactor section, number of power groups. {value} is the count.",[Power groups: {value}]
manual.section.power_battery,Ship manual — heading of the generated Power Battery section,Power Battery
manual.power_battery.emergency_threshold,"Ship manual — Power Battery section, emergency reserve threshold. {value} is the percentage.",[Emergency reserve: {value}%]
manual.section.repair,Ship manual — heading of the generated Repair section,Repair
manual.repair.teams,"Ship manual — Repair section, number of repair teams. {value} is the count.",[Repair teams: {value}]
manual.repair.rate,"Ship manual — Repair section, repair rate in HP per second. {value} is the number.",[Repair rate: {value} HP/s]
manual.repair.travel,"Ship manual — Repair section, team travel time in seconds. {value} is the number.",[Team travel: {value} s]
manual.section.comms,Ship manual — heading of the generated Comms section,Comms
manual.comms.range,"Ship manual — Comms section, comms range in world units. {value} is the number.",Range: {value}
manual.section.helm_thrust,Ship manual — heading of the generated Helm section,Helm
manual.helm_thrust.max_speed,"Ship manual — Helm section, maximum forward speed. {value} is the number.",[Max speed: {value}]
manual.helm_thrust.max_reverse_speed,"Ship manual — Helm section, maximum reverse speed. {value} is the number.",[Max reverse: {value}]
manual.helm_thrust.max_yaw_rate,"Ship manual — Helm section, maximum turn rate in radians per second. {value} is the number.",[Max turn rate: {value} rad/s]
manual.helm_thrust.impulse_steering,"Ship manual — Helm section, steering multiplier while impulse is engaged. {value} is the number.",[Impulse steering: {value}×]
manual.helm_thrust.movement_mode,"Ship manual — Helm section, vertical movement mode. {value} is the resolved mode name.",[Movement mode: {value}]
manual.helm_thrust.movement_mode.planar,Ship manual — Helm movement mode value: planar (surface-plane only),Planar
manual.helm_thrust.movement_mode.bounded,Ship manual — Helm movement mode value: bounded vertical motion,Bounded vertical
manual.helm_thrust.movement_mode.full_3d,Ship manual — Helm movement mode value: full six-degree-of-freedom 3D,Full 3D
client.default_ship_name,Lobby header — placeholder ship name before the scenario loads,Phoenix
client.standing_by,Lobby header — ship mission line before a scenario is chosen,Standing by
client.pill_connecting,Lobby ready-pill while the WebRTC connection is being established,CONNECTING
client.no_station,Lobby — station detail panel when the player holds no station,[No station assigned]
client.connecting_host,Lobby status line while connecting to the host,[Connecting to host…]
client.ready,Lobby READY button (also cancels a launch countdown),READY
client.ready_confirmed,Lobby READY button after the player has readied up,✓ READY
client.connecting,Connection status overlay while connecting,Connecting…
client.retry_now,Connection overlay — button that retries immediately,Retry now
client.retry_now_tip,Tooltip on the retry button,[Retry connection now]
client.fullscreen_tip,"Tooltip on the fullscreen toggle, on both the phone client and the host viewscreen",Toggle fullscreen
client.name_label,Lobby name field — the label beside the text input,Name
client.name_placeholder,Lobby name field — greyed-out hint inside the empty text input,Your name
client.preparing_scenario,Asset-loading overlay while models and icons pre-cache. Shown on the phone client and on both host viewscreen overlays,Preparing scenario…
client.return_to_lobby,Game-over overlay — button back to the lobby,[Return to Lobby]
client.waiting_scenario,Overlay shown while the host picks the next scenario,[Waiting for host to select a scenario…]
client.select_scenario,Phone scenario picker — heading over the scenario list,[Select a scenario]
client.select_ship,Phone scenario picker — heading over the ship list,[Select a ship]
client.scenario_locked,Phone scenario picker — status once the selection is locked and the world is loading,Loading scenario…
client.scenario_mod_origin,Phone scenario picker — badge on a scenario button showing it came from an applied mod pack. {name} is the pack display name,[Mod: {name}]
client.mods_active,Phone lobby — heading above the list of mod packs the host applied to this session,[Mods active]
client.mods_active_version,Phone lobby — the version suffix on one active-mod row. {version} is the pack version string,[v{version}]
client.reconnecting,Connection banner after a disconnect while auto-reconnecting,[Disconnected — reconnecting…]
client.conn_error,Connection banner after a connection error while auto-reconnecting,[Connection error — reconnecting…]
client.bridge_title,Console title when no specific console is active,Bridge
client.ship_destroyed,Game-over overlay headline when the hull reaches zero,Ship Destroyed
client.release,Station card button — release your own claimed station,RELEASE
client.taken,Station card button — station is held by another player,TAKEN
client.claim,Station card button — claim a free station,CLAIM
client.leave,Station detail button — leave the current station,LEAVE
client.take_station,Lobby readiness button relabelled during an active round — takes the claimed station from Backfill AI,TAKE STATION
client.release_confirm,Station release button after arming — asks the player to confirm returning the station to Backfill AI mid-round,CONFIRM RELEASE?
client.all_crew_ready,Lobby ready-pill when every station is readied,[ALL CREW READY]
client.awaiting_crew,Lobby ready-pill while stations are still unready,AWAITING CREW
client.status_select_station,Lobby status line before the player claims a station,[Select a station to join the crew]
client.status_select_console,Lobby status line after claiming. {station} is the station name,[Select a console at {station} to continue]
client.status_launching,Lobby status line during countdown. {secs} is seconds remaining,[Launching in {secs}s  (click READY to cancel)]
client.status_all_ready,Lobby status line when the launch fires,[All crew ready — launching!]
client.status_waiting_crew,Lobby status line while others ready up,[Waiting for the rest of the crew…]
client.status_standing_by,Lobby status line while unready. {station} is the station name,[Standing by at {station} — press READY when ready]
server.doc_title,Browser-tab title of the host viewscreen page,[Project Phoenix — View Screen]
server.select_world,Host lobby — heading over the scenario picker,[Select a world]
server.select_ship,Host lobby — picker heading after a world with multiple ships is chosen,[Select a ship]
server.no_scenarios,Host scenario picker — shown when the pre-load catalog is empty,[No scenarios available]
server.loading,Host page — generic loading label,Loading…
server.crew,Host lobby — crew count label,Crew
server.spectator,Host lobby — tag on spectating players,Spectator
server.awaiting_selection,Host lobby badge before a scenario is selected,AWAITING SELECTION
server.connected,Host lobby — connected-players rail heading,Connected
server.waiting_players,Host lobby hint while no players have joined,[Waiting for players to connect…]
server.waiting_ready,Host lobby hint while players ready up,[Waiting for crew to ready up…]
server.no_players,Host lobby player list when empty,[No players connected yet]
server.reserved,Host lobby — station reserved by a disconnected player,RESERVED
server.launching_in,Host lobby badge during countdown. {secs} is seconds remaining,[LAUNCHING IN {secs}s]
server.hint_launching,Host lobby hint during countdown. {secs} is seconds remaining,[Launching in {secs}s — anyone can unready to cancel]
server.conn_error_refresh,Host connection banner on unrecoverable error,[Error — refresh to retry]
server.upload_mod_pack,Host scenario picker — button that opens the mod-pack ZIP file chooser,[Upload mod pack]
server.launch_ai_ship,Host lobby button that starts the scenario with no human crew. The glyph is part of the label,⬡ Launch AI Ship
server.launch_ai_ship_tip,Tooltip on the host lobby AI-only launch button,Launch with fully AI-controlled crew
server.mod_pack_reading,Host scenario picker — status while an uploaded mod pack is being read and validated,[Validating mod pack…]
server.mod_pack_applied,Host scenario picker — status when an uploaded mod pack passed validation and its scenarios were added,[Mod pack applied]
server.mod_pack_rejected,Host scenario picker — status heading when an uploaded mod pack failed validation and nothing was applied,[Mod pack rejected — nothing applied]
server.mod_pack_read_error,Host scenario picker — status when the uploaded file could not be read at all,[Could not read the uploaded file]
server.import_snapshot,Host scenario picker — button that opens the saved-game file chooser (issue #866),[Import saved game]
server.import_snapshot_reading,Host scenario picker — status while an imported save file is being read,[Reading saved game…]
server.import_snapshot_read_error,Host scenario picker — status when the chosen save file could not be read off disk at all,[Could not read that file]
server.import_snapshot_damaged,"Host scenario picker — status when the chosen file is not a save this build can parse: truncated, edited, or never a save. {detail} is the parser's own reason","[That file is damaged and could not be read as a saved game. {detail}]"
server.import_snapshot_incompatible,"Host scenario picker — status when the chosen file IS a save but this build cannot honour it. {detail} is vellum-save's own sentence naming which version dimension moved","[That saved game was made by a different build. {detail}]"
server.import_snapshot_loading,Host scenario picker — status while the world an imported save names is being loaded on its behalf,[Loading the world that save was taken in…]
server.hud_nominal,Viewscreen HUD — ship condition when undamaged,NOMINAL
server.hud_alert,Viewscreen HUD — ship condition while the ship is at red alert,ALERT
server.hud_designation,Viewscreen HUD — default ship designation,PHOENIX
server.hud_nav,Viewscreen HUD status slot: navigation,Nav
server.hud_tac,Viewscreen HUD status slot: tactical,Tac
server.hud_eng,Viewscreen HUD status slot: engineering,Eng
server.hud_sys,Viewscreen HUD status slot: systems,Sys
server.hud_heading,Viewscreen HUD nav readout. {deg} is the 3-digit heading,HEADING {deg}
server.hud_hull,Viewscreen HUD hull readout. {pct} is hull percent,HULL {pct}
server.hud_weapons_hot,Viewscreen HUD tactical slot while the ship is at red alert,[WEAPONS HOT]
server.hud_clear,Viewscreen HUD tactical slot while the ship is not at red alert,[CLEAR]
server.unknown_scenario,Host lobby title when the selected scenario carries no title of its own,[Unknown Scenario]
server.complexity_low,Host lobby station card — complexity pill for a Low-complexity console preset,[LOW]
server.complexity_normal,Host lobby station card — complexity pill for any other console preset,[NORMAL]
server.slots_reserved.one,"Host lobby compact chip, exactly one reserved station slot. {n} is the count, {max} the total slots",[↻ {n} station slot reserved (max {max})]
server.slots_reserved.other,"Host lobby compact chip, zero or several reserved station slots. {n} is the count, {max} the total slots",[↻ {n} station slots reserved (max {max})]
server.spectator_waiting,Host lobby pill for a connected player holding no station yet. {name} is the player name,[{name} (waiting)]
server.no_relay_warning,Host lobby warning under the QR when no TURN relay credentials could be fetched,[⚠ No relay server — players on mobile networks may fail to connect]
server.relay_fallback_notice,Host lobby notice under the QR when the credential worker is down and the free shared OpenRelay TURN is in use,[Using free fallback relay — connections may be slower than usual]
server.client_ice_state,"Host lobby line for an inbound client stuck mid-connection. {id} is the client short id, {state} the ICE state",[client {id}…: connection {state}]
client.status_connected,Connection status once the WebRTC link is up,Connected
client.status_no_host_id,Connection status when the URL carries no host id,[No host ID in URL. Scan the QR code on the view screen.]
client.status_waiting_server,Connection status while waiting for the signalling server,[Waiting for server]
client.status_connecting_host,Connection status while dialling the host,[Connecting to host]
client.status_disconnected,Connection status after losing the link,Disconnected
client.status_unreachable,Connection status when WebRTC relay traffic appears blocked,[Cannot reach host - the network may be blocking WebRTC relay traffic. Try a different network.]
client.status_host_not_found,Connection status when the host peer id is unknown,[Host not found — rescan the QR code on the view screen.]
client.status_peer_error,Connection status on an unexpected peer error. {type} is the error kind,[Peer error: {type}]
client.diag_no_relay,Connection diagnostics line when no TURN relay credentials could be fetched,[⚠ No relay server — connection may fail on mobile networks]
client.diag_relay_ok,Connection diagnostics line when the TURN relay probe succeeds,[Relay server: reachable]
client.diag_relay_fallback,Connection diagnostics line when the credential worker is down and the free shared OpenRelay TURN is in use,[Using free fallback relay — connection may be slower than usual]
client.diag_relay_fallback_ok,Connection diagnostics line when the free fallback relay is in use and the probe confirmed it reachable,[Free fallback relay: reachable — connection may be slower than usual]
client.diag_relay_fail,Connection diagnostics line when the TURN relay probe fails,[⚠ Relay server unreachable — this network may block relay traffic]
client.diag_stage,"Connection diagnostics stage line. {attempt} is the attempt number, {ice} the ICE connection state, {types} the candidate types gathered",[attempt {attempt} — ICE: {ice} — candidates: {types}]
client.diag_none,Connection diagnostics placeholder when no ICE candidates have been gathered yet,[none]
client.doc_title,Browser-tab title of the client console page,[Project Phoenix — Console]
console.battleship_captain.subtitle,battleship captain console — hero sub-heading under the title,[COMMAND & BATTLESPACE]
console.courier_captain.subtitle,courier captain console — hero sub-heading under the title,COURIER COMMAND
console.courier_tactical.subtitle,courier tactical console — hero sub-heading under the title,[HELM · WEAPONS · SENSORS]
entity.alliance_courier.behaviour.doctrine.destroy_hostiles.text,assets/entities/alliance_courier.toml → [behaviour.doctrine] text,[Engage and destroy hostile ships]
entity.alliance_courier.behaviour.doctrine.hold_station.text,assets/entities/alliance_courier.toml → [behaviour.doctrine] text,Hold station
entity.alliance_destroyer.behaviour.doctrine.destroy_hostiles.text,assets/entities/alliance_destroyer.toml → [behaviour.doctrine] text,[Engage and destroy hostile ships]
entity.alliance_destroyer.behaviour.doctrine.hold_station.text,assets/entities/alliance_destroyer.toml → [behaviour.doctrine] text,Hold station
entity.alliance_cruiser.behaviour.doctrine.destroy_hostiles.text,assets/entities/alliance_cruiser.toml → [behaviour.doctrine] text,[Engage and destroy hostile ships]
entity.alliance_cruiser.behaviour.doctrine.hold_station.text,assets/entities/alliance_cruiser.toml → [behaviour.doctrine] text,Hold station
entity.alliance_battleship.behaviour.doctrine.destroy_hostiles.text,assets/entities/alliance_battleship.toml → [behaviour.doctrine] text,[Engage and destroy hostile ships]
entity.alliance_battleship.behaviour.doctrine.hold_station.text,assets/entities/alliance_battleship.toml → [behaviour.doctrine] text,Hold station
world.probe_targeted_pass.trigger.action.obj_destroy_target.text,assets/worlds/probe_targeted_pass.toml → [trigger.action] text,[Destroy the Harrow warship.]
world.probe_huge_rock.trigger.action.obj_cross_the_belt.text,assets/worlds/probe_huge_rock.toml → [trigger.action] text,[Cross the belt and return.]
chatter.sender.sensors,Coordination chatter/popup — sender label for the Sensors system,Sensors
chatter.sender.weapons,Coordination chatter/popup — sender label for the Weapons/Tactical system,Weapons
chatter.sender.navigation,Coordination chatter/popup — sender label for the Navigation system,Navigation
chatter.sender.power,Coordination chatter/popup — sender label for the Power system,Power
chatter.sender.shields,Coordination chatter/popup — sender label for the Shields system,Shields
chatter.sender.ai,Coordination chatter/popup — generic sender label when the origin system is unnamed,AI
chatter.addressee.core,Coordination chatter/popup — sender/target label for a system the ship's Core owns (belongs to no station),Core
coordination.advisory.fallback_title,Coordination popup — title for a bare advisory that carries no sender label,Advisory
coordination.alert.fallback_title,Coordination popup — title for an alert that carries no title of its own,Alert
coordination.frequency_hint.title,"Coordination popup/chatter — Sensors-to-Tactical shield-frequency hint, title",Frequency Hint
coordination.frequency_hint.body,Coordination popup/chatter — frequency-hint body. {frequency} is the target's shield frequency,Tune to: {frequency}
coordination.shield.fallback_label,Coordination popup/chatter — placeholder shield-facing name when none is supplied,Shield
coordination.system.fallback_label,Coordination popup/chatter — placeholder system name when none is supplied,System
coordination.shield_offline.title,Coordination popup/chatter — a shield facing has gone offline. {label} is the facing name,{label} Offline
coordination.shield_restored.title,Coordination popup/chatter — a shield facing has recovered. {label} is the facing name,{label} Restored
coordination.target_designation.title,Coordination popup/chatter — Sensors designates a target for Tactical. {label} is the target name,Sensors designates: {label}
coordination.arc_bearing.title,Coordination popup/chatter — Weapons asks Helm to bring a weapon family to bear. {weapon} is the family name,"Tactical: come about, bring {weapon} to bear"
coordination.arc_withdraw.title,Coordination popup/chatter — Weapons withdraws a standing arc-bearing request. {weapon} is the family name,Belay that — {weapon} no longer able to bear
coordination.weapon_family.phasers,"Coordination popup/chatter — weapon family name, phasers",phasers
coordination.weapon_family.blasters,"Coordination popup/chatter — weapon family name, blasters",blasters
coordination.weapon_family.torpedoes,"Coordination popup/chatter — weapon family name, torpedoes",torpedoes
coordination.power_brownout.title,Coordination popup/chatter — a power group is browning out. {label} is the affected system,{label} Power Brownout
coordination.power_brownout.body,Coordination popup/chatter — power-brownout body. {level} is the allocated power level,Allocation: {level}
coordination.navigate.title,Coordination popup/chatter — Navigation clears Helm toward a waypoint. {x} and {z} are the waypoint coordinates,"Navigation: steer toward waypoint ({x}, {z})"
coordination.repair.title,Coordination popup/chatter — a system needs repair. {label} is the station or system name,Repair requested: {label}
coordination.threat_bearing.title,"Coordination popup/chatter — Sensors warns Shields of a threat. {deg} is the bearing in degrees, {label} the threat name",Sensors: threat bearing {deg}° — {label}
coordination.intent.target_acquired,Coordination popup — an AI seat took a target. Intent-advisory title,Target acquired
coordination.intent.target_switched,Coordination popup — an AI seat switched targets. Intent-advisory title,Switching target
coordination.intent.combat_posture_entered,Coordination popup — an AI seat entered combat posture. Intent-advisory title,Combat posture
coordination.intent.combat_posture_left,Coordination popup — an AI seat left combat posture. Intent-advisory title,Standing down
coordination.intent.breaking_off,Coordination popup — an AI seat is breaking off. Intent-advisory title,Breaking off
coordination.intent.shield_arc_focused,Coordination popup — an AI seat concentrated the shields on one facing. Intent-advisory title,Focusing shields
coordination.intent.power_brownout,Coordination popup — an AI seat reports a power brownout. Intent-advisory title,Power brownout
coordination.intent.manoeuvre_begun,Coordination popup — an AI seat began a manoeuvre. Intent-advisory title,Manoeuvring
server.mod_pack_applied_packs,Host scenario picker — heading above the list of currently-applied mod packs,[Applied packs]
server.mod_pack_row,"Host scenario picker — one applied mod pack row. {name} is the pack display name, {version} its version, {count} the number of files it carries",[{name} {version} — {count} files]
server.mod_pack_move_up,Host scenario picker — button that moves an applied mod pack earlier in load order (lower precedence),[Up]
server.mod_pack_move_down,"Host scenario picker — button that moves an applied mod pack later in load order (higher precedence, wins conflicts)",[Down]
server.mod_pack_remove,Host scenario picker — button that removes an applied mod pack from the stack,[Remove]
server.mod_pack_conflicts,Host scenario picker — heading above the list of authored paths carried by more than one applied mod pack,[Path conflicts]
server.mod_pack_conflict_entry,"Host scenario picker — one path conflict line. {path} is the authored path, {winner} the pack id that wins it, {losers} the shadowed pack ids","[{path}: {winner} wins, shadows {losers}]"
server.mod_pack_findings,Host scenario picker — heading above the validation findings from the last mod-pack upload,[Findings]
server.game_over.ship_destroyed,Game-over overlay / viewscreen HUD — the player's ship was destroyed. Emitted as an id by the built-in death sites (issue #977),Ship Destroyed
power.group.helm,"Power console / chatter — display label for the helm power group (issue #977). Emitted by power_group_label, resolved via localiseTree",HELM
power.group.weapons,Power console / chatter — display label for the weapons power group (issue #977),WEAPONS
power.group.shields,Power console / chatter — display label for the shields power group (issue #977),SHIELDS
power.group.unknown,Power console / chatter — fallback label for an unrecognised power group id (issue #977),UNKNOWN
shield.facing.all,Shield console / chatter — default facing label for a single-arc grid (issue #977),All
shield.facing.fore,"Shield console / chatter — default facing label, forward arc (issue #977)",Fore
shield.facing.aft,"Shield console / chatter — default facing label, aft arc (issue #977)",Aft
shield.facing.port,"Shield console / chatter — default facing label, port arc (issue #977)",Port
shield.facing.starboard,"Shield console / chatter — default facing label, starboard arc (issue #977)",Starboard
shield.facing.arc_0,"Shield console / chatter — default facing label for the 5+-arc legacy constructor, arc 0 (issue #977)",Arc 0
shield.facing.arc_1,"Shield console / chatter — default facing label for the 5+-arc legacy constructor, arc 1 (issue #977)",Arc 1
shield.facing.arc_2,"Shield console / chatter — default facing label for the 5+-arc legacy constructor, arc 2 (issue #977)",Arc 2
shield.facing.arc_3,"Shield console / chatter — default facing label for the 5+-arc legacy constructor, arc 3 (issue #977)",Arc 3
shield.facing.arc_4,"Shield console / chatter — default facing label for the 5+-arc legacy constructor, arc 4 (issue #977)",Arc 4
shield.facing.arc_5,"Shield console / chatter — default facing label for the 5+-arc legacy constructor, arc 5 (issue #977)",Arc 5
shield.facing.arc_6,"Shield console / chatter — default facing label for the 5+-arc legacy constructor, arc 6 (issue #977)",Arc 6
shield.facing.arc_7,"Shield console / chatter — default facing label for the 5+-arc legacy constructor, arc 7 (issue #977)",Arc 7
component.deadlines.empty,Deadline countdown panel when the mission has authored no visible deadlines (issue #1024),[NO MISSION DEADLINES]
component.deadlines.heading,Deadline countdown panel — heading above the list of visible mission deadlines (issue #1024),[MISSION CLOCK]
component.deadlines.fired,Deadline countdown panel — shown in place of the countdown once a deadline's time has run out (issue #1024),[TIME UP]
component.deadlines.cancelled,Deadline countdown panel — shown in place of the countdown once the mission has called a deadline off (issue #1024),[STOOD DOWN]
world.probe_deadlines.deadline.window_opens.label,assets/worlds/probe_deadlines.toml → [deadline] label,[Transfer window opens]
world.probe_deadlines.deadline.stabiliser_failure.label,assets/worlds/probe_deadlines.toml → [deadline] label,[Stabiliser failure]
world.probe_deadlines.deadline.first_warning.label,assets/worlds/probe_deadlines.toml → [deadline] label,[First warning]
system_hull.power_reactor.display_name,Shared hull component display name — the ship's reactor. Shared by every hull carrying that component,Power Reactor
system_hull.power_battery.display_name,Shared hull component display name — the ship's battery. Shared by every hull carrying that component,Power Battery
system_hull.core.display_name,Shared hull component display name — the ship's core. Shared by every hull carrying that component,Core
entity.asteroid.name,Shared entity name for every asteroid variant (assets/entities/asteroid_*.toml),Asteroid
component.operations.heading,"External-operation panel — heading above the ship's current operation (issue #1026)","[EXTERNAL OPS]"
component.operations.none,"External-operation panel when the hull can perform no operations at all (issue #1026)","[NO OPS CAPABILITY]"
component.operations.idle,"External-operation panel when the hull is capable and running nothing (issue #1026)","[NO OPERATION RUNNING]"
component.operations.start,"External-operation panel — button that orders the operation against the selected target (issue #1026)","[BEGIN OPERATION]"
component.operations.abort,"External-operation panel — button that stands the running operation down (issue #1026)","[STAND DOWN]"
component.operations.verb_picker,"External-operation panel — accessible label on the control that chooses which of the hull's verbs to order (issue #1027)","[OPERATION]"
component.operations.slowed,"External-operation panel — shown beside the bar when a hazard band is stretching the operation; {rate} is the percentage of normal speed (issue #1027)","[SLOWED TO {rate}%]"
component.operations.state.holding,"External-operation panel — state word while the crew are holding the conditions and progress is advancing (issue #1026)","[HOLDING]"
component.operations.state.stalled,"External-operation panel — state word while eligibility has lapsed and progress is frozen (issue #1026)","[STALLED]"
component.operations.state.completed,"External-operation panel — state word once the operation has run to term (issue #1026)","[COMPLETE]"
component.operations.state.aborted,"External-operation panel — state word once a console has stood the operation down (issue #1026)","[STOOD DOWN]"
component.operations.state.failed,"External-operation panel — state word once the operation has ended without completing (issue #1026)","[FAILED]"
operation.verb.stabilise,"Crew-facing name of the stabilise operation verb (issue #1026)","[Stabilise]"
operation.verb.tow,"Crew-facing name of the tow operation verb (issue #1027)","[Take Under Tow]"
operation.verb.escort,"Crew-facing name of the escort operation verb (issue #1027)","[Escort]"
operation.verb.transfer,"Crew-facing name of the transfer operation verb (issue #1027)","[Transfer Cargo]"
operation.verb.field_repair,"Crew-facing name of the field-repair operation verb (issue #1027)","[Field Repair]"
operation.refused.not_capable,"External-operation refusal — this hull authored no capability for the verb (issue #1026)","[This hull cannot perform that operation.]"
operation.refused.target_gone,"External-operation refusal — the target is no longer there (issue #1026)","[Target lost.]"
operation.refused.target_not_applicable,"External-operation refusal — the target is there but the verb means nothing on it (issue #1026)","[Nothing to work on there.]"
operation.refused.out_of_range,"External-operation refusal — the ship is outside the operation's authored range (issue #1026)","[Out of range — close on the target.]"
operation.refused.insufficient_power,"External-operation refusal — the operation's power group is below its authored level (issue #1026)","[Insufficient power allocated.]"
operation.refused.separated,"External-operation refusal — the escorted party is past the authored separation limit and the escort is over (issue #1027)","[Escort separated — contact lost.]"
operation.refused.capacity_unavailable,"External-operation refusal — one end of the transfer has nothing to give or no room to take it (issue #1027)","[No capacity at one end of the transfer.]"
operation.refused.teams_unavailable,"External-operation refusal — fewer repair teams are free than the operation commits (issue #1027)","[Not enough repair teams free.]"
operation.refused.under_attack,"External-operation refusal — the ship is under fire and the operation cannot be worked through it (issue #1027)","[Under fire — cannot work the operation.]"
operation.refused.hazard_band,"External-operation refusal — the ship is inside a hazard band the operation cannot be worked in (issue #1027)","[Hazard band — cannot work the operation.]"
operation.refused.work_stopped,"External-operation refusal — the people who staff the target have stopped work, and an authored interrupt rule says this operation cannot be worked without them (issue #1035)","[The line is down. Nobody down there is authorising anything.]"
component.scan.heading,"Science scan readout — heading above the last sensor reading (issue #1032)","[SENSOR RETURN]"
component.scan.none,"Science scan readout when the hull carries no survey suite at all (issue #1032)","[NO SURVEY SUITE]"
component.scan.idle,"Science scan readout when the suite is fitted and nothing has been read yet (issue #1032)","[NOTHING SCANNED]"
component.scan.take,"Science scan readout — button that reads the selected contact (issue #1032)","[TAKE READING]"
component.scan.condition,"Science scan readout — row label for the subject's structural condition, derived from its condition track (issue #1032)","[Structural condition]"
component.scan.flag.held,"Science scan readout — value shown for an operational flag the subject is still holding (issue #1032)","[Nominal]"
component.scan.flag.down,"Science scan readout — value shown for an operational flag the subject has dropped (issue #1032)","[Failed]"
scan.refusal.not_capable,"Scan refusal — this hull authored no survey suite (issue #1032)","[This hull carries no survey suite.]"
scan.refusal.no_such_target,"Scan refusal — nothing in the world answers to the contact the console named (issue #1032)","[Contact lost.]"
scan.refusal.no_readable_condition,"Scan refusal — the contact carries nothing structural the suite can read (issue #1032)","[Nothing structural to read on that contact.]"
scan.refusal.out_of_range,"Scan refusal — the contact is past the coarsest authored band (issue #1032)","[Out of sensor range — close on the contact.]"
scan.refusal.underpowered,"Scan refusal — the sensor bus is below its authored power level or the grid is locked out (issue #1032)","[Insufficient power to the sensor bus.]"
scan.refusal.blinded,"Scan refusal — interference has pushed the return past the coarsest band (issue #1032)","[Interference — the return is noise.]"
entity.alliance_destroyer.scan.band.detailed.label,"assets/entities/alliance_destroyer.toml -> [[scan.band]] label","[Detailed Survey]"
entity.alliance_destroyer.scan.band.coarse.label,"assets/entities/alliance_destroyer.toml -> [[scan.band]] label","[Coarse Sweep]"
world.probe_scan.entity.skyway_depot.name,assets/worlds/probe_scan.toml -> [[entity]] name,[Skyway Transfer Depot]
world.probe_scan.entity.sealed_depot.name,assets/worlds/probe_scan.toml -> [[entity]] name,[Sealed Depot]
world.probe_scan.entity.lonely_beacon.name,assets/worlds/probe_scan.toml -> [[entity]] name,[Lonely Beacon]
world.probe_scan.capacity.berths.label,assets/worlds/probe_scan.toml -> [[entity.overrides.infrastructure.capacity]] label,[Berths]
world.probe_scan.threshold.transfer_capable.label,assets/worlds/probe_scan.toml -> [[entity.overrides.infrastructure.threshold]] label,[Transfer arm]
world.probe_stabilise.entity.tender.name,assets/worlds/probe_stabilise.toml -> [[entity]] name,[Tender]
world.probe_operations.entity.tug.name,assets/worlds/probe_operations.toml -> [[entity]] name,[Tug]
world.probe_operations.entity.hulk.name,assets/worlds/probe_operations.toml -> [[entity]] name,[Derelict Hauler]
world.probe_operations.entity.outrider.name,assets/worlds/probe_operations.toml -> [[entity]] name,[Outrider]
world.probe_operations.entity.convoy.name,assets/worlds/probe_operations.toml -> [[entity]] name,[Convoy Hauler]
world.probe_operations.entity.tender.name,assets/worlds/probe_operations.toml -> [[entity]] name,[Transfer Tender]
world.probe_operations.entity.berth.name,assets/worlds/probe_operations.toml -> [[entity]] name,[Berth Depot]
world.probe_operations.entity.sister.name,assets/worlds/probe_operations.toml -> [[entity]] name,[Sister Ship]
world.probe_operations.entity.depot_clear.name,assets/worlds/probe_operations.toml -> [[entity]] name,[Clearwater Depot]
world.probe_operations.entity.packhorse.name,assets/worlds/probe_operations.toml -> [[entity]] name,[Packhorse]
world.probe_operations.entity.depot_storm.name,assets/worlds/probe_operations.toml -> [[entity]] name,[Stormside Depot]
world.probe_operations.entity.storm.name,assets/worlds/probe_operations.toml -> [[entity]] name,[Radiation Storm Band]
world.probe_stabilise.entity.skyhook.name,assets/worlds/probe_stabilise.toml -> [[entity]] name,[Skyhook]
component.civilians.heading,"Civilian traffic panel on the Navigation console — heading above the list of civilian craft (issue #1028)","[TRAFFIC]"
component.civilians.empty,"Civilian traffic panel when the world carries no civilian craft (issue #1028)","[NO CIVILIAN TRAFFIC]"
component.civilians.compliance.unordered,"Civilian traffic panel — the craft is under no order and flying its own lane (issue #1028)","[ON LANE]"
component.civilians.compliance.received,"Civilian traffic panel — an order has reached the craft and it has not answered yet (issue #1028)","[HAILED]"
component.civilians.compliance.acknowledged,"Civilian traffic panel — the craft has answered the order but has not acted on it yet (issue #1028)","[ACK]"
component.civilians.compliance.complying,"Civilian traffic panel — the craft is doing as it was asked (issue #1028)","[COMPLYING]"
component.civilians.compliance.non_compliant,"Civilian traffic panel — the craft agreed and then could not carry the order out (issue #1028)","[STUCK]"
component.civilians.compliance.refused,"Civilian traffic panel — the craft declined the order and carried on with its own lane (issue #1028)","[REFUSED]"
civilian.compliance.reason.declined,"Reason a civilian gives for refusing an order when its disposition authors none of its own (issue #1028)","[Not able to oblige.]"
civilian.compliance.reason.unable,"Reason shown when a civilian accepted an order and the world then made it impossible — the dock is gone, the lane resolves nowhere (issue #1028)","[Unable to comply.]"
civilian.order.rejected.unknown_target,"Navigation console feedback when an order names a craft this world does not have (issue #1028)","[No such craft.]"
civilian.order.rejected.malformed,"Navigation console feedback when an order is malformed — a divert naming both a route and an anchor, or neither (issue #1028)","[Order not understood.]"
entity.ship_civilian_hauler.name,assets/entities/ship_civilian_hauler.toml → name (top level),[Civilian Hauler]
entity.ship_civilian_hauler.target.description,assets/entities/ship_civilian_hauler.toml → [target] description,[Bulk hauler. Unarmed. Running a contracted lane.]
world.entity.probe_depot.name,assets/worlds/probe_civilian_traffic.toml -> [[entity]] name,[Probe Depot]
world.entity.hauler_kestrel.name,assets/worlds/probe_civilian_traffic.toml -> [[entity]] name,[Kestrel]
world.entity.hauler_wren.name,assets/worlds/probe_civilian_traffic.toml -> [[entity]] name,[Wren]
world.entity.hauler_teal.name,assets/worlds/probe_civilian_traffic.toml -> [[entity]] name,[Teal]
world.entity.hauler_gull.name,assets/worlds/probe_civilian_traffic.toml -> [[entity]] name,[Gull]
world.probe_civilian_traffic.wren.refusal,"Reason the Wren gives for refusing a divert in the #1028 probe world","[Contracted lane. Not diverting.]"
world.probe_commitments.deadline.records_deadline.label,assets/worlds/probe_commitments.toml -> [[deadline]] label,[Records hearing convenes]
world.probe_commitments.commitment.safe_passage.terms,"Terms of the safe-passage promise in the #1029 probe world","[Safe passage for the strike committee's people]"
world.probe_commitments.commitment.safe_passage.resolves,"What counts as keeping the safe-passage promise in the #1029 probe world","[They are clear of the skyway]"
world.probe_commitments.commitment.surface_records.terms,"Terms of the surface-the-records promise in the #1029 probe world","[The maintenance records go to the hearing]"
world.probe_commitments.commitment.surface_records.resolves,"What counts as keeping the surface-the-records promise in the #1029 probe world","[The hearing has them before it convenes]"
world.probe_commitments.comms.committee_calls,"Body of the committee's follow-up hail in the #1029 probe world","[Committee to Phoenix. Where do we stand?]"
world.probe_commitments.comms.stall,"Response text — stalling the committee, always offered, in the #1029 probe world","[Nothing to report yet.]"
world.probe_commitments.comms.honour_word,"Response text — offered ONLY while the safe-passage promise is still owed, in the #1029 probe world","[You have my word, and I mean to keep it.]"
component.dossier.heading,"Dossier panel on the destroyer tactical console — heading over the subject list (issue #1030)","[INTEL FILES]"
component.dossier.empty,"Dossier panel when this crew hold no files at all (issue #1030)","[NO FILES]"
component.dossier.back,"Dossier fact sheet — returns to the subject list, leaving the overlay open (issue #1030)","[← FILES]"
component.dossier.nothing_on_file,"Dossier panel — a subject exists and nothing is known about it yet; shown in the list and on the sheet (issue #1030)","[NOTHING ON FILE]"
component.dossier.gathered,"Dossier fact sheet — heading over the entries this crew gathered themselves, as distinct from what they were given (issues #1030/#1031)","[GATHERED]"
component.dossier.yes,"Dossier fact sheet — a yes/no fact that holds (issue #1030)","[YES]"
component.dossier.no,"Dossier fact sheet — a yes/no fact that does not hold (issue #1030)","[NO]"
component.dossier.provenance.scan,"Dossier evidence — learned from a sensor scan (issue #1031)","[FROM SCAN]"
component.dossier.provenance.dialogue,"Dossier evidence — learned from something somebody said (issue #1031)","[FROM DIALOGUE]"
component.dossier.provenance.records,"Dossier evidence — learned by comparing records (issue #1031)","[FROM RECORDS]"
component.dossier.provenance.briefing,"Dossier evidence — learned from the mission briefing (issue #1031)","[FROM BRIEFING]"
dossier.fact.faction,"Dossier fact label — which faction the subject belongs to (issue #1030)","[Affiliation]"
dossier.fact.comms,"Dossier fact label — whether the subject is inside comms range right now (issue #1030)","[In hailing range]"
dossier.fact.condition,"Dossier fact label — the subject structure's condition (issue #1030)","[Condition]"
dossier.fact.commitment_open,"Dossier fact label — a promise made to this party and still owed (issue #1030)","[Promised]"
dossier.fact.commitment_kept,"Dossier fact label — a promise made to this party and kept (issue #1030)","[Promise kept]"
dossier.fact.commitment_broken,"Dossier fact label — a promise made to this party and broken (issue #1030)","[Promise broken]"
faction.federation.display_name,"assets/factions/federation.toml -> display_name","[Alliance]"
faction.harrow.display_name,"assets/factions/harrow.toml -> display_name","[Harrow]"
faction.pirate.display_name,"assets/factions/pirate.toml -> display_name","[Raiders]"
faction.requiem.display_name,"assets/factions/requiem.toml -> display_name","[Requiem]"
world.probe_dossier.entity.skyway_control.name,"assets/worlds/probe_dossier.toml -> [[entity]] name","[Skyway Control]"
world.probe_dossier.entity.strike_committee.name,"assets/worlds/probe_dossier.toml -> [[entity]] name","[Strike Committee]"
world.probe_dossier.entity.skyway_depot.name,"assets/worlds/probe_dossier.toml -> [[entity]] name","[Skyway Depot]"
world.probe_dossier.entity.sealed_depot.name,"assets/worlds/probe_dossier.toml -> [[entity]] name","[Sealed Depot]"
world.probe_dossier.entity.lonely_beacon.name,"assets/worlds/probe_dossier.toml -> [[entity]] name","[Marker Beacon]"
world.probe_dossier.capacity.berths.label,"Crew-facing label for the berths capacity in the #1030 probe world","[Berths]"
world.probe_dossier.threshold.transfer_capable.label,"Crew-facing label for the transfer-arm operational flag in the #1030 probe world","[Transfer arm serviceable]"
world.probe_dossier.commitment.safe_passage.terms,"Terms of the safe-passage promise in the #1030 probe world","[Safe passage for the committee's people]"
world.probe_dossier.commitment.safe_passage.resolves,"What counts as keeping the safe-passage promise in the #1030 probe world","[They are clear of the skyway]"
world.probe_destroy.entity.tender.name,assets/worlds/probe_destroy.toml -> [[entity]] name,[Tender]
world.probe_destroy.entity.skyhook.name,assets/worlds/probe_destroy.toml -> [[entity]] name,[Skyhook]
world.probe_destroy.deadline.skyhook_collapse.label,assets/worlds/probe_destroy.toml -> [[deadline]] label,[Skyhook collapse]
world.probe_destroy.objective.hold_skyhook.text,"Objective text — the skyhook the crew is meant to keep standing, in the #1033 probe world","[Hold the skyhook.]"
world.probe_destroy.objective.clear_band.text,"Objective text — the storm bands the sweep retires, in the #1033 probe world","[Clear the storm band.]"
entity.skyhook.name,assets/entities/skyhook.toml -> name (top level),[Orbital Skyhook]
entity.skyhook.target.description,assets/entities/skyhook.toml -> [target] description,"[The orbital head of a planetary tether. Lifts freight and people between the surface and the sky.]"
entity.skyhook.capacity.transfer_berths.label,assets/entities/skyhook.toml -> [[infrastructure.capacity]] label,[Transfer berths]
entity.skyhook.capacity.climber_load.label,assets/entities/skyhook.toml -> [[infrastructure.capacity]] label,[Souls per climber]
entity.skyhook.threshold.lift_capable.label,assets/entities/skyhook.toml -> [[infrastructure.threshold]] label,[Certified to lift]
entity.skyhook.threshold.tether_stable.label,assets/entities/skyhook.toml -> [[infrastructure.threshold]] label,[Tether stable]
world.falling_skyway.global.title,assets/worlds/falling_skyway.toml -> [global] title,[Falling Skyway]
world.falling_skyway.global.description,assets/worlds/falling_skyway.toml -> [global] description,"[A skyhook over a city of forty million, and it is coming apart. Three parties need the same two berths. The corridor does not stop while you decide.]"
world.falling_skyway.available_ships.0.label,assets/worlds/falling_skyway.toml -> [[available_ships]] label,[Alliance Destroyer]
world.falling_skyway.entity.skyhook.name,assets/worlds/falling_skyway.toml -> [[entity]] name,[Skyhook Verrow]
world.falling_skyway.entity.depot_ladder_a.name,assets/worlds/falling_skyway.toml -> [[entity]] name,[Ladder Depot A]
world.falling_skyway.entity.depot_ladder_b.name,assets/worlds/falling_skyway.toml -> [[entity]] name,[Ladder Depot B]
world.falling_skyway.entity.skyway_control.name,assets/worlds/falling_skyway.toml -> [[entity]] name,[Skyway Control]
world.falling_skyway.entity.strike_committee.name,assets/worlds/falling_skyway.toml -> [[entity]] name,[Strike Committee]
world.falling_skyway.entity.havelock_cutter.name,assets/worlds/falling_skyway.toml -> [[entity]] name,[Havelock Cutter]
world.falling_skyway.entity.havelock_enforcer.name,"assets/worlds/falling_skyway.toml -> Havelock's hired security picket. [bracketed]: unapproved copy",[HAVELOCK PICKET]
world.falling_skyway.entity.convoy_meridian.name,assets/worlds/falling_skyway.toml -> [[entity]] name,[Convoy Meridian]
world.falling_skyway.entity.hauler_lark.name,assets/worlds/falling_skyway.toml -> [[entity]] name,[Hauler Lark]
world.falling_skyway.entity.hauler_pell.name,assets/worlds/falling_skyway.toml -> [[entity]] name,[Hauler Pell]
world.falling_skyway.entity.shuttle_wick.name,assets/worlds/falling_skyway.toml -> [[entity]] name,[Shuttle Wick]
world.falling_skyway.capacity.fuel_lift.label,assets/worlds/falling_skyway.toml -> [[entity.overrides.infrastructure.capacity]] label,[Fuel lift per window]
world.falling_skyway.threshold.pumping.label,assets/worlds/falling_skyway.toml -> [[entity.overrides.infrastructure.threshold]] label,[Pumping]
world.falling_skyway.deadline.tether_slip.label,assets/worlds/falling_skyway.toml -> [[deadline]] label,[Tether slip]
world.falling_skyway.deadline.skyway_survey_due.label,assets/worlds/falling_skyway.toml -> [[deadline]] label,[Survey due to Control]
world.falling_skyway.objective.survey.text,Objective text — the Act 1 condition read in Falling Skyway,"[Take station off the skyhook. Get a condition read on the head and on both depots.]"
world.falling_skyway.objective.corridor.text,Objective text — the Act 1 corridor watch in Falling Skyway,"[Keep the corridor moving. See the lead hauler through the gate.]"
world.falling_skyway.objective.triage.text,Objective text — the Act 1 triage call in Falling Skyway,[Name the structure that takes the first repair team.]
world.probe_evidence.entity.skyway_hook.name,"assets/worlds/probe_evidence.toml -> [[entity]] name","[Skyway Hook]"
world.probe_evidence.entity.line_foreman.name,"assets/worlds/probe_evidence.toml -> [[entity]] name","[Line Foreman]"
world.probe_evidence.capacity.berths.label,"Crew-facing label for the berths capacity in the #1031 probe world","[Berths]"
world.probe_evidence.deadline.survey_window.label,"assets/worlds/probe_evidence.toml -> [[deadline]] label","[Survey returns]"
world.probe_evidence.evidence.stress_fracture,"Evidence text — what the hull scan of the skyway hook found, in the #1031 probe world","[Scan: stress fracture through the primary spar.]"
world.probe_evidence.evidence.foreman_admission,"Evidence text — what the line foreman admitted on an open channel, in the #1031 probe world","[The foreman: the spar was signed off without being looked at.]"
world.probe_evidence.comms.foreman_calls,"Dialogue body — the line foreman on an open channel, in the #1031 probe world","[Foreman here. You are asking about the hook.]"
world.probe_evidence.comms.press,"Response text — pressing the foreman for what he knows, in the #1031 probe world","[Who signed the inspection off?]"
world.probe_evidence.comms.let_it_go,"Response text — letting the foreman off the hook, in the #1031 probe world","[Nothing further.]"
world.falling_skyway.workforce.skyway_workers.label,assets/worlds/falling_skyway.toml -> [[workforce]] label,[Skyway Workers]
world.falling_skyway.workforce.havelock_operations.label,assets/worlds/falling_skyway.toml -> [[workforce]] label,[Havelock Operations]
world.probe_restraint.entity.enforcer.name,"assets/worlds/probe_restraint.toml -> the always-armed hostile the hold is tested on. [bracketed]: unapproved copy",[PROBE ENFORCER]
world.probe_restraint.entity.claimant_disabled.name,"assets/worlds/probe_restraint.toml -> the claimant taken out of the fight alive. [bracketed]: unapproved copy",[PROBE CLAIMANT A]
world.probe_restraint.entity.claimant_destroyed.name,"assets/worlds/probe_restraint.toml -> the claimant destroyed. [bracketed]: unapproved copy",[PROBE CLAIMANT B]
world.probe_strike.workforce.workers.label,assets/worlds/probe_strike.toml -> [[workforce]] label,[Probe Workers]
world.probe_strike.workforce.operator.label,assets/worlds/probe_strike.toml -> [[workforce]] label,[Probe Operator]
world.probe_strike.entity.tender_struck.name,assets/worlds/probe_strike.toml -> [[entity]] name,[Struck-side Tender]
world.probe_strike.entity.depot_struck.name,assets/worlds/probe_strike.toml -> [[entity]] name,[Struck Depot]
world.probe_strike.entity.tender_working.name,assets/worlds/probe_strike.toml -> [[entity]] name,[Working-side Tender]
world.probe_strike.entity.depot_working.name,assets/worlds/probe_strike.toml -> [[entity]] name,[Working Depot]
world.probe_strike.entity.sister_struck.name,assets/worlds/probe_strike.toml -> [[entity]] name,[Struck-side Sister]
world.probe_strike.entity.rig_struck.name,assets/worlds/probe_strike.toml -> [[entity]] name,[Struck Rig]
world.probe_strike.entity.sister_clear.name,assets/worlds/probe_strike.toml -> [[entity]] name,[Clear-side Sister]
world.probe_strike.entity.rig_clear.name,assets/worlds/probe_strike.toml -> [[entity]] name,[Unworked Rig]
world.falling_skyway.objective.line.text,Objective text — the Act 2 dispute in Falling Skyway,[Get the line at Ladder Depot B working again.]
world.falling_skyway.objective.corroborate.text,Objective text — the optional Act 2 corroboration route in Falling Skyway,[Get a worker on the record about the Ladder B maintenance file.]
world.falling_skyway.commitment.safe_passage.terms,"Commitment terms — the captain's promise to the strike committee, Falling Skyway","[The corridor stays clear for the workers' craft through the final transfer window.]"
world.falling_skyway.commitment.safe_passage.resolves,Commitment resolution condition — the safe-passage promise in Falling Skyway,[Settled when the transfer window closes.]
world.falling_skyway.commitment.surface_records.terms,"Commitment terms — the captain's promise to surface the maintenance file, Falling Skyway","[The Ladder B maintenance file goes to Skyway Control, unedited.]"
world.falling_skyway.commitment.surface_records.resolves,Commitment resolution condition — the maintenance-file promise in Falling Skyway,[Settled when the survey report reaches Control.]
world.falling_skyway.evidence.ladder_b_maintenance_file,"Evidence text — the operator's own maintenance file on Ladder B, Falling Skyway","[Operator's file on Ladder B: every inspection signed off, none of them by anyone who was on the rung that day.]"
world.falling_skyway.evidence.picket_cleared_hurt,"Evidence text — what clearing the picket by force cost, Falling Skyway","[The Ladder B picket was cleared by Havelock security on our authorisation. There were casualties.]"
world.falling_skyway.comms.committee_hails,Dialogue body — the strike committee open the negotiation in Falling Skyway,"[Destroyer, this is the committee at Ladder B. Before you ask: nobody is going back up that rung until somebody fixes what is wrong down here.]"
world.falling_skyway.comms.listen,Response text — hearing the strike committee out in Falling Skyway,[I am listening. Tell me what is wrong down there.]
world.falling_skyway.comms.dismiss,Response text — talking down to the strike committee in Falling Skyway,[There are forty million people under that tether. Stand your people down.]
world.falling_skyway.comms.committee_terms,Dialogue body — the strike committee's two demands in Falling Skyway,"[Two things. Nobody works that rung while the tether is slipping, so the corridor is clear when the transfer runs. And the maintenance file on Ladder B goes to Control — not back to the operator who wrote it.]"
world.falling_skyway.comms.committee_ready,Dialogue body — the strike committee have enough to take to the floor in Falling Skyway,[That is more than anyone has offered us in six weeks. Say the word and I will put it to the floor.]
world.falling_skyway.comms.promise_passage,Response text — promising the workers safe passage in the transfer window in Falling Skyway,[You have my word. The corridor is clear when the transfer runs.]
world.falling_skyway.comms.promise_records,Response text — promising to surface the maintenance file in Falling Skyway,[I will put the file in front of Control myself.]
world.falling_skyway.comms.show_file,Response text — showing the committee the crew have already read the file in Falling Skyway,[I have read the file. It does not say what they told you it says.]
world.falling_skyway.comms.call_the_vote,Response text — asking the strike committee to put the offer to their floor in Falling Skyway,[Then put it to the floor.]
world.falling_skyway.comms.stall,Response text — keeping the committee's channel open without answering in Falling Skyway,[Give me a minute.]
world.falling_skyway.comms.committee_settles,Dialogue body — the strike committee's floor carries the vote in Falling Skyway,[The vote is carried. Twenty minutes to get the gear back on and the rung is yours.]
world.falling_skyway.comms.committee_signs_off,"Dialogue body — the strike committee's last word after the picket is forced, Falling Skyway",[We watched them come over the rail. Do not call this channel again.]
world.falling_skyway.comms.committee_no_longer_talking,Dialogue body — the strike committee refusing to negotiate after the force-open in Falling Skyway,[There is nothing to talk about now. You know what you did.]
world.falling_skyway.comms.havelock_hails,Dialogue body — Havelock security offer to clear the picket in Falling Skyway,"[Destroyer, Havelock Cutter. Company asset. That picket is costing the ladder a berth a minute and Control will not touch it. We can have the rung clear in ten minutes on your authorisation. Or you can go and talk to them.]"
world.falling_skyway.comms.ask_for_file,Response text — asking Havelock for the Ladder B maintenance file in Falling Skyway,[Send me the maintenance file on Ladder B. All of it.]
world.falling_skyway.comms.havelock_sends_file,Dialogue body — Havelock hand over the maintenance file in Falling Skyway,[Sending it now. You will find it is all in order.]
world.falling_skyway.comms.force_warned,Response text — authorising the force-open with a warning first in Falling Skyway,[Clear it. But you give them ten minutes on the open channel first.]
world.falling_skyway.comms.force_now,Response text — authorising the force-open immediately in Falling Skyway,[Clear it. My authorisation.]
world.falling_skyway.comms.refuse_force,Response text — refusing Havelock the authorisation in Falling Skyway,[Nobody goes near that picket. I will deal with it.]
world.falling_skyway.comms.havelock_stands_off,Dialogue body — Havelock standing off in Falling Skyway,[Your call. We will be here when it stops being your call.]
world.falling_skyway.comms.havelock_acknowledges,Dialogue body — Havelock acknowledging the authorisation in Falling Skyway,[Copy that. Boarding party away.]
world.falling_skyway.comms.force_report_clean,Dialogue body — the force-open outcome with nobody hurt in Falling Skyway,"[Rung is clear. They stood off when they saw us coming — nobody hurt, gear mostly still on it.]"
world.falling_skyway.comms.force_report_one,Dialogue body — the force-open outcome with one casualty in Falling Skyway,[Rung is clear. One of theirs went over the rail and came up wrong. He is breathing. Transfers can run.]
world.falling_skyway.comms.force_report_hurt,Dialogue body — the force-open outcome with several casualties in Falling Skyway,[Rung is clear. Three of theirs are in our sick bay and one of ours with them. You will want that off the log.]
entity.region_radiation_band.name,assets/entities/region_radiation_band.toml -> name (top level),[Radiation Band]
entity.region_radiation_band.target.description,assets/entities/region_radiation_band.toml -> [target] description,"[A front of hard radiation off the sun's limb. Hull-scouring, blinding, and moving. Cross it if you must; do not live in it.]"
world.probe_storm.entity.tug_storm.name,assets/worlds/probe_storm.toml -> [[entity]] name,[Storm-side Tug]
world.probe_storm.entity.hulk_storm.name,assets/worlds/probe_storm.toml -> [[entity]] name,[Storm-side Hulk]
world.probe_storm.entity.tug_clear.name,assets/worlds/probe_storm.toml -> [[entity]] name,[Clear-side Tug]
world.probe_storm.entity.hulk_clear.name,assets/worlds/probe_storm.toml -> [[entity]] name,[Clear-side Hulk]
world.probe_storm.entity.loiterer.name,assets/worlds/probe_storm.toml -> [[entity]] name,[Loiterer]
world.probe_storm.entity.crosser.name,assets/worlds/probe_storm.toml -> [[entity]] name,[Crosser]
world.probe_storm.entity.bystander.name,assets/worlds/probe_storm.toml -> [[entity]] name,[Bystander]
world.probe_storm.deadline.storm_front.label,assets/worlds/probe_storm.toml -> [[deadline]] label,[Storm front]
world.probe_storm.deadline.storm_dwell.label,assets/worlds/probe_storm.toml -> [[deadline]] label,[Dwell band]
world.probe_storm.objective.recover_hulk.text,"Objective text — the tow the storm stretches, in the #1037 probe world",[Get the hulk under control.]
world.probe_storm.objective.sweep_clear.text,"Objective text — the sweep retiring its last band, in the #1037 probe world",[See the sweep through.]
world.falling_skyway.entity.lyra_ascending.name,assets/worlds/falling_skyway.toml -> [[entity]] name,[Lyra Ascending]
world.falling_skyway.threshold.under_control.label,assets/worlds/falling_skyway.toml -> [[entity.overrides.infrastructure.threshold]] label,[Under control]
world.falling_skyway.deadline.storm_front.label,assets/worlds/falling_skyway.toml -> [[deadline]] label,[Radiation front]
world.falling_skyway.deadline.storm_band_one.label,assets/worlds/falling_skyway.toml -> [[deadline]] label,[First band]
world.falling_skyway.deadline.storm_band_two.label,assets/worlds/falling_skyway.toml -> [[deadline]] label,[Second band]
world.falling_skyway.deadline.lyra_clear.label,assets/worlds/falling_skyway.toml -> [[deadline]] label,[Lyra clear of the lane]
world.falling_skyway.deadline.storm_band_three.label,assets/worlds/falling_skyway.toml -> [[deadline]] label,[Third band]
world.falling_skyway.deadline.storm_passed.label,assets/worlds/falling_skyway.toml -> [[deadline]] label,[Storm passes]
world.falling_skyway.objective.shelter.text,Objective text — the Act 2 corridor clearance in Falling Skyway,[Get the corridor traffic off the lane before the front arrives.]
world.falling_skyway.objective.approach.text,Objective text — the Act 2 approach to the stricken craft in Falling Skyway,"[Lyra Ascending is adrift in the lane with no drive. Close on her before the front does.]"
world.falling_skyway.objective.rescue.text,Objective text — the Act 2 tow rescue in Falling Skyway,"[Get a line on Lyra Ascending and pull her clear before the second band.]"
world.falling_skyway.objective.storm.text,Objective text — the Act 2 storm watch in Falling Skyway,[See the sweep through. The corridor is yours again when the last band passes.]
world.falling_skyway.objective.lee.text,Objective text — the Act 2 withdrawal to the storm lee in Falling Skyway,[Take the ship west into the lee and ride the rest of it out.]
world.falling_skyway.objective.loss_report.text,Objective text — the Act 2 rescue-failure consequence in Falling Skyway,[Report the loss of Lyra Ascending to Skyway Control.]
world.probe_scandiff.entity.ladder_frayed.name,assets/worlds/probe_scandiff.toml -> [[entity]] name,[Frayed Rung]
world.probe_scandiff.entity.ladder_sound.name,assets/worlds/probe_scandiff.toml -> [[entity]] name,[Sound Rung]
world.probe_scandiff.entity.ladder_unread.name,assets/worlds/probe_scandiff.toml -> [[entity]] name,[Unread Rung]
world.probe_scandiff.entity.ladder_slipping.name,assets/worlds/probe_scandiff.toml -> [[entity]] name,[Slipping Rung]
world.probe_scandiff.threshold.certified_load.label,assets/worlds/probe_scandiff.toml -> [[infrastructure.threshold]] label,[Certified load standard]
world.probe_scandiff.evidence.record_certified,"Evidence text — the operator's recorded claim about a rung, probe_scandiff",[Operator's file: this rung was inspected and re-rated at the certified load standard.]
world.probe_scandiff.evidence.record_contradicted,"Evidence text — the reading and the record put side by side, probe_scandiff",[The rung cannot carry what its own file says it was signed off to carry.]
world.falling_skyway.threshold.certified_load.label,assets/worlds/falling_skyway.toml -> [[infrastructure.threshold]] label,[Certified load standard]
world.falling_skyway.evidence.ladder_b_record_inspection,"Evidence text — the operator's recorded inspection of Ladder B, Falling Skyway",[Operator's file on Ladder B: inspected eleven weeks ago and signed off at the certified load standard.]
world.falling_skyway.evidence.ladder_b_record_reinforced,"Evidence text — the operator's recorded reinforcement of Ladder B, Falling Skyway","[Operator's file on Ladder B: transfer arm reinforced last spring, re-rated for full load, no follow-up required.]"
world.falling_skyway.entity.rigger_tacket.name,assets/worlds/falling_skyway.toml -> [[entity]] name,[Rigger Tacket]
world.falling_skyway.evidence.ladder_b_worker_account,"Evidence text — the rigger's account of the Ladder B inspections, Falling Skyway","[Tacket, who rigs the Ladder B transfer arm: nobody came up to look at it, and the re-rating was signed in an office.]"
world.falling_skyway.objective.confront.text,Objective text — the Act 3 confrontation the corroboration unlocks in Falling Skyway,"[You have the record and a witness to it. Put both to Havelock when the transfer window opens.]"
world.falling_skyway.commitment.protect_witness.terms,"Commitment terms — the captain's promise to keep the rigger's name back, Falling Skyway","[Rigger Tacket's name stays out of anything that reaches Havelock until she puts it there herself.]"
world.falling_skyway.commitment.protect_witness.resolves,Commitment resolution condition — the witness-protection promise in Falling Skyway,[Settled when the Ladder B file reaches Control.]
world.falling_skyway.comms.rigger_hails,Dialogue body — the rigger opens the corroboration channel in Falling Skyway,"[Destroyer — Tacket. I rig the transfer arm at B, or I did until six weeks ago. Committee say you have the operator's file on it. I was up there the week it says it was inspected.]"
world.falling_skyway.comms.rigger_ask,Response text — asking the rigger what actually happened in Falling Skyway,[Then tell me what actually happened up there.]
world.falling_skyway.comms.rigger_later,Response text — putting the rigger's channel down without answering in Falling Skyway,[Stand by. I will come back to you.]
world.falling_skyway.comms.rigger_stands_by,Dialogue body — the rigger waiting on an open channel in Falling Skyway,[I will be on this channel. It is not as though I am working.]
world.falling_skyway.comms.rigger_account,Dialogue body — the rigger's account of the Ladder B inspections in Falling Skyway,"[Nobody came up. Not that week, not the week after. The collar on that arm is the one that was on it four years ago — you can see the paint line where the new one was meant to sit. Whoever signed it off did it from an office. I will say all of that to Control. I would rather Havelock did not hear my name from you first.]"
world.falling_skyway.comms.rigger_protect,Response text — promising to keep the rigger's name back in Falling Skyway,[Your name stays out of it until you put it there yourself.]
world.falling_skyway.comms.rigger_no_promise,Response text — refusing the rigger cover in Falling Skyway,[I am not going to promise you that. It goes in the report as it stands.]
world.falling_skyway.comms.rigger_thanks,Dialogue body — the rigger signing off with the promise given in Falling Skyway,[Then you will have it in writing before the window opens. Mind how you go up there.]
world.falling_skyway.comms.rigger_accepts_risk,Dialogue body — the rigger signing off without cover in Falling Skyway,[Fair enough. I would rather you were honest with me than careful with me.]
world.probe_corroborate.entity.rung_both.name,assets/worlds/probe_corroborate.toml -> [[entity]] name,[Both-Halves Rung]
world.probe_corroborate.entity.rung_late.name,assets/worlds/probe_corroborate.toml -> [[entity]] name,[Late-Record Rung]
world.probe_corroborate.entity.rung_forced.name,assets/worlds/probe_corroborate.toml -> [[entity]] name,[Forced-Open Rung]
world.probe_corroborate.entity.rung_unheard.name,assets/worlds/probe_corroborate.toml -> [[entity]] name,[Unread Rung]
world.probe_corroborate.entity.rung_quiet.name,assets/worlds/probe_corroborate.toml -> [[entity]] name,[Quiet Rung]
world.probe_corroborate.entity.witness_both.name,assets/worlds/probe_corroborate.toml -> [[entity]] name,[Both-Halves Witness]
world.probe_corroborate.entity.witness_late.name,assets/worlds/probe_corroborate.toml -> [[entity]] name,[Late-Record Witness]
world.probe_corroborate.entity.witness_forced.name,assets/worlds/probe_corroborate.toml -> [[entity]] name,[Forced-Open Witness]
world.probe_corroborate.entity.witness_unheard.name,assets/worlds/probe_corroborate.toml -> [[entity]] name,[Unread Witness]
world.probe_corroborate.entity.witness_quiet.name,assets/worlds/probe_corroborate.toml -> [[entity]] name,[Quiet Witness]
world.probe_corroborate.evidence.record_both,"Evidence text — the records comparison on the both-halves rung, probe_corroborate",[The both-halves rung cannot carry what its own file says it was signed off to carry.]
world.probe_corroborate.evidence.record_late,"Evidence text — the records comparison that arrived late, probe_corroborate",[The late-record rung cannot carry what its own file says it was signed off to carry.]
world.probe_corroborate.evidence.record_forced,"Evidence text — the records comparison on the forced-open rung, probe_corroborate",[The forced-open rung cannot carry what its own file says it was signed off to carry.]
world.probe_corroborate.evidence.record_unheard,"Evidence text — the records comparison nobody on the unread rung ever made, probe_corroborate",[The unread rung cannot carry what its own file says it was signed off to carry.]
world.probe_corroborate.evidence.record_quiet,"Evidence text — the records comparison nobody on the quiet rung ever made, probe_corroborate",[The quiet rung cannot carry what its own file says it was signed off to carry.]
world.probe_corroborate.evidence.account_both,"Evidence text — the witness's account of the both-halves rung, probe_corroborate",[A rigger who was on the both-halves rung: nobody came up to inspect it.]
world.probe_corroborate.evidence.account_late,"Evidence text — the witness's account of the late-record rung, probe_corroborate",[A rigger who was on the late-record rung: nobody came up to inspect it.]
world.probe_corroborate.evidence.account_forced,"Evidence text — the account no witness on the forced-open rung ever gave, probe_corroborate",[A rigger who was on the forced-open rung: nobody came up to inspect it.]
world.probe_corroborate.evidence.account_unheard,"Evidence text — the account no witness on the unread rung ever gave, probe_corroborate",[A rigger who was on the unread rung: nobody came up to inspect it.]
world.probe_corroborate.evidence.account_quiet,"Evidence text — the account no witness on the quiet rung ever gave, probe_corroborate",[A rigger who was on the quiet rung: nobody came up to inspect it.]
world.probe_corroborate.comms.witness_hails,"Dialogue body — a witness opening the corroboration channel, probe_corroborate",[I worked that rung. I hear you have the file on it.]
world.probe_corroborate.comms.witness_ask,"Response text — asking the witness what happened, probe_corroborate",[Tell me what happened up there.]
world.probe_corroborate.comms.witness_account,"Dialogue body — the witness's account, probe_corroborate",[Nobody came up. Put that where it will be read.]
entity.skyhook.threshold.load_bearing.label,assets/entities/skyhook.toml -> [[infrastructure.threshold]] label,[Load bearing]
entity.skyhook.threshold.tether_tensioned.label,assets/entities/skyhook.toml -> [[infrastructure.threshold]] label,[Tether tension]
entity.skyhook.threshold.station_holding.label,assets/entities/skyhook.toml -> [[infrastructure.threshold]] label,[Station holding]
world.falling_skyway.deadline.skyhook_failure.label,assets/worlds/falling_skyway.toml -> [[deadline]] label,[Verrow: projected failure]
world.falling_skyway.entity.head_lighter.name,assets/worlds/falling_skyway.toml -> Act 3 collapse handler spawn_entity name,[Verrow Crew Lighter]
world.falling_skyway.entity.head_pod.name,assets/worlds/falling_skyway.toml -> Act 3 collapse handler spawn_entity name,[Verrow Work Pod]
world.falling_skyway.threshold.under_tow.label,assets/worlds/falling_skyway.toml -> Act 3 survivor craft [[infrastructure.threshold]] label,[Under tow]
world.falling_skyway.objective.head_standoff.text,Objective text — the Act 3 approach to the skyhook head in Falling Skyway,[Take station off the head and stay inside stabiliser range of it.]
world.falling_skyway.objective.head_watch.text,Objective text — the Act 3 standing watch on the skyhook in Falling Skyway,"[Keep Skyhook Verrow standing. It is carrying the whole corridor on a ribbon that has been slipping since before you arrived.]"
world.falling_skyway.objective.tether_one.text,Objective text — the Act 3 first tether warning in Falling Skyway,"[Verrow is past its load limit and still taking traffic. Stabilise the head. If nobody does, it comes down.]"
world.falling_skyway.objective.tether_two.text,Objective text — the Act 3 second tether warning in Falling Skyway,"[Tension control has gone and the head is swinging on the ribbon. Stabilise Verrow, or start deciding who comes off it.]"
world.falling_skyway.objective.tether_three.text,Objective text — the Act 3 final tether warning in Falling Skyway,"[LAST WARNING. Verrow cannot hold its own station. One stabiliser run still saves it; in half a minute nothing will.]"
world.falling_skyway.objective.head_report.text,Objective text — the Act 3 collapse report to Control in Falling Skyway,[Report the loss of Skyhook Verrow to Skyway Control.]
world.falling_skyway.objective.muster.text,Objective text — the Act 3 epilogue approach to the debris in Falling Skyway,[Get the ship into the debris field where the head used to be.]
world.falling_skyway.objective.survivors.text,Objective text — the Act 3 survivor-rescue epilogue in Falling Skyway,"[Two craft came off Verrow before it went. Get a line on both of them and pull them out of the debris.]"
world.falling_skyway.comms.head_reports_load,"Dialogue body — the gang on the skyhook head check in as Act 3 opens, Falling Skyway","[Destroyer, Verrow head, gang boss speaking. Storm is off us and Control has put the corridor back on our berths, so we are carrying the lot on a ribbon that has been slipping since breakfast. Thought you should know there are people up here.]"
world.falling_skyway.comms.head_warns_one,"Dialogue body — the skyhook head's first warning, Falling Skyway","[Destroyer, Verrow head. We are past our load limit and Control will not stop sending traffic at us. Trim is going. We can hold it a while, and a while is not all night.]"
world.falling_skyway.comms.head_warns_two,"Dialogue body — the skyhook head's second warning, Falling Skyway","[Verrow head. Tension control has gone on the ribbon and the whole structure is swinging with it — you can feel it through the plates. I have a full shift up here and one lift.]"
world.falling_skyway.comms.head_warns_three,"Dialogue body — the skyhook head's final warning, Falling Skyway","[Destroyer — Verrow. She will not hold station. We are riding down the ribbon. Whatever you were going to do, do it now.]"
world.falling_skyway.comms.head_acknowledge,Response text — acknowledging the skyhook head's warning in Falling Skyway,"[Copy, Verrow. Keep this channel open and keep talking to me.]"
world.falling_skyway.comms.head_clear_it,Response text — ordering the skyhook head cleared in Falling Skyway,"[Get your people off the head. Now, and all of them.]"
world.falling_skyway.comms.head_stays_up,"Dialogue body — the gang staying on the head after an acknowledgement, Falling Skyway",[Understood. We will be stood by the rail if she goes.]
world.falling_skyway.comms.head_clearing,"Dialogue body — the gang coming off the head in time, Falling Skyway","[You are sure. Right — everybody down, transfer is off. If you are wrong about this, the corridor is yours to explain.]"
world.falling_skyway.comms.head_clearing_late,"Dialogue body — the evacuation ordered too late to clear the head, Falling Skyway",[Now? There is one lift and it takes six at a time. I will get who I can. The rest of us are staying with her.]
world.falling_skyway.comms.head_already_clear,"Dialogue body — the head already evacuated, Falling Skyway","[Nobody left up here to tell, Destroyer. We are on the lighter watching it with you.]"
world.falling_skyway.comms.head_holds,"Dialogue body — the skyhook head stabilised and holding, Falling Skyway","[She is steady. Trim is back and the swing has gone out of the ribbon. That was closer than I want in the log, Destroyer.]"
world.falling_skyway.comms.head_holds_empty,"Dialogue body — the head held after being evacuated, Falling Skyway","[She held. And we are on a lighter looking at an empty head and a transfer nobody is running tonight. Your call. I am not saying it was the wrong one.]"
world.falling_skyway.comms.lighter_calls,"Dialogue body — the survivor lighter calling for a tow, Falling Skyway","[Anyone on this channel — Verrow crew lighter. Our drive went with the head. We are in the debris with the pod somewhere off our beam and we cannot steer out of it.]"
world.falling_skyway.evidence.head_collapse,"Evidence text — the skyhook's structural failure, Falling Skyway",[Skyhook Verrow failed structurally at the tether head and was lost with the corridor's only two transfer berths.]
world.probe_collapse.entity.tender.name,assets/worlds/probe_collapse.toml -> [[entity]] name,[Stabiliser Tender]
world.probe_collapse.entity.rescuer.name,assets/worlds/probe_collapse.toml -> [[entity]] name,[Rescue Tug]
world.probe_collapse.entity.hook_saved.name,assets/worlds/probe_collapse.toml -> [[entity]] name,[Saved-side Head]
world.probe_collapse.entity.hook_lost.name,assets/worlds/probe_collapse.toml -> [[entity]] name,[Lost-side Head]
world.probe_collapse.entity.survivor.name,assets/worlds/probe_collapse.toml -> spawned by the collapse handler,[Survivor Lighter]
world.probe_collapse.deadline.projection.label,assets/worlds/probe_collapse.toml -> [[deadline]] label,[Projected failure]
world.probe_collapse.objective.saved.text,"Objective text — the head that is stabilised, in the #1040 probe world",[Keep the saved-side head standing.]
world.probe_collapse.objective.lost.text,"Objective text — the head that is not stabilised, in the #1040 probe world",[Keep the lost-side head standing.]
world.probe_collapse.objective.survivors.text,"Objective text — the collapse epilogue, in the #1040 probe world",[Get the survivor lighter out of the debris.]
world.falling_skyway.capacity.claim_committee.label,assets/worlds/falling_skyway.toml -> [[entity.overrides.infrastructure.capacity]] label,[Lift claimed — strike committee]
world.falling_skyway.capacity.claim_havelock.label,assets/worlds/falling_skyway.toml -> [[entity.overrides.infrastructure.capacity]] label,[Lift claimed — Havelock]
world.falling_skyway.capacity.claim_convoy.label,assets/worlds/falling_skyway.toml -> [[entity.overrides.infrastructure.capacity]] label,[Lift claimed — Convoy Meridian]
world.falling_skyway.capacity.window_available.label,assets/worlds/falling_skyway.toml -> [[entity.overrides.infrastructure.capacity]] label,[Lift available this window]
world.falling_skyway.capacity.window_demand.label,assets/worlds/falling_skyway.toml -> [[entity.overrides.infrastructure.capacity]] label,[Lift claimed by all three]
world.falling_skyway.capacity.window_shortfall.label,assets/worlds/falling_skyway.toml -> [[entity.overrides.infrastructure.capacity]] label,[Short by]
world.falling_skyway.capacity.window_committed.label,assets/worlds/falling_skyway.toml -> [[entity.overrides.infrastructure.capacity]] label,[Lift committed and standing]
world.falling_skyway.deadline.transfer_window.label,assets/worlds/falling_skyway.toml -> [[deadline]] label,[Transfer window opens]
world.falling_skyway.deadline.window_closes.label,assets/worlds/falling_skyway.toml -> [[deadline]] label,[Transfer window closes]
world.falling_skyway.objective.window_ready.text,Objective text — the Act 3 run-up to the transfer window in Falling Skyway,"[The transfer window opens on the clock. Whatever the chain can lift by then is all there is, so mend what you can and get back on station.]"
world.falling_skyway.objective.window.text,Objective text — the Act 3 transfer window itself in Falling Skyway,"[The window is open and the lift will not cover all three claims. Read Control's manifest and decide who goes.]"
world.falling_skyway.comms.window_opens_short,"Dialogue body — Control opening a transfer window that has lift in it but not enough in Falling Skyway. {available} is the lift the chain can deliver this window, {claimed} what the three claimants have asked for between them, {shortfall} the difference","[Skyway Control to destroyer: transfer window is open. The head is certified and the ladder is pumping what it can pump. That comes to {available} between them, against {claimed} asked for by the three of them, and you do not need me to tell you which of those is the larger. You are short by {shortfall}. You have lift for two of them and not for three, and nothing anybody does in the next hour changes that. Nobody down here is going to make the call for you.]"
world.falling_skyway.comms.window_opens_dead,Dialogue body — Control opening a transfer window with no lift available at all in Falling Skyway,"[Skyway Control to destroyer: transfer window is open on paper and on paper only. The head is not certified to run a climber and the ladder has nothing to put in one, so the lift available on our manifest reads nothing at all against three standing claims. Every one of them is short by the whole of it. If you want anybody off this rock before we shut, somebody has to make the chain work first.]"
world.falling_skyway.comms.window_closes,Dialogue body — Control closing the transfer window in Falling Skyway,"[Skyway Control: window is shut. Anything not already at the top comes back down — that was the rule before you got here and it is not mine to bend. The manifest stands as it stands.]"
world.probe_window.workforce.crews.label,assets/worlds/probe_window.toml -> [[workforce]] label,[Depot crews]
world.probe_window.workforce.pickets.label,assets/worlds/probe_window.toml -> [[workforce]] label,[Picket]
world.probe_window.entity.head_certified.name,assets/worlds/probe_window.toml -> [[entity]] name,[Certified Head]
world.probe_window.entity.head_slipped.name,assets/worlds/probe_window.toml -> [[entity]] name,[Slipped Head]
world.probe_window.entity.rung_up.name,assets/worlds/probe_window.toml -> [[entity]] name,[Working Rung]
world.probe_window.entity.rung_worked.name,assets/worlds/probe_window.toml -> [[entity]] name,[Staffed Rung]
world.probe_window.entity.rung_struck.name,assets/worlds/probe_window.toml -> [[entity]] name,[Struck Rung]
world.probe_window.entity.rung_low.name,assets/worlds/probe_window.toml -> [[entity]] name,[Under-Line Rung]
world.probe_window.entity.manifest_full.name,assets/worlds/probe_window.toml -> [[entity]] name,[Full-Chain Manifest]
world.probe_window.entity.manifest_struck.name,assets/worlds/probe_window.toml -> [[entity]] name,[Struck-Chain Manifest]
world.probe_window.entity.manifest_low.name,assets/worlds/probe_window.toml -> [[entity]] name,[Under-Line-Chain Manifest]
world.probe_window.entity.manifest_dead.name,assets/worlds/probe_window.toml -> [[entity]] name,[No-Lift-Chain Manifest]
world.probe_window.deadline.opens.label,assets/worlds/probe_window.toml -> [[deadline]] label,[Window opens]
world.probe_window.deadline.closes.label,assets/worlds/probe_window.toml -> [[deadline]] label,[Window closes]
world.falling_skyway.capacity.shelter_berths.label,assets/worlds/falling_skyway.toml -> [[entity.overrides.infrastructure.capacity]] label,[Shelter berths — Ladder A]
world.falling_skyway.objective.parley.text,Objective text — closing on the ladder to talk to all three claimants in Falling Skyway,"[Three parties are asking and the lift covers two. Neither the committee nor the cutter can hear you from the head — close on the ladder transit and get all three on the channel.]"
world.falling_skyway.objective.choice.text,Objective text — the Act 3 safe-passage choice in Falling Skyway,"[Every claim on that manifest is somebody. Answer all three of them: take two up, and tell the third yourself.]"
world.falling_skyway.objective.berth.text,Objective text — the Act 3 last-berth allocation in Falling Skyway,[There is no lift. Skyway Control is holding one mooring on Ladder A and wants a name to put against it.]
world.falling_skyway.comms.claim_stand_by,Response text — holding a claimant's channel without deciding in Falling Skyway,[Stand by. I have not decided.]
world.falling_skyway.comms.committee_claims,Dialogue body — the strike committee ask for a lift in the transfer window in Falling Skyway,"[Destroyer, committee. Thirty-one of us on this rung and one hauler with a cracked ring frame between the lot of us. We are not asking to go first. We are asking to be counted.]"
world.falling_skyway.comms.lift_committee,Response text — granting the strike committee a lift in Falling Skyway,[You are on the manifest. Get your people to the climber head.]
world.falling_skyway.comms.deny_committee,Response text — refusing the strike committee a lift in Falling Skyway,[The lift is spoken for. You are staying on the rung.]
world.falling_skyway.comms.committee_lifting,Dialogue body — the strike committee hearing they are carried in Falling Skyway,"[Say that again on the record. — Right. Thirty-one, moving now. Nobody who matters is going to thank you for this, Destroyer. We will.]"
world.falling_skyway.comms.committee_denied,Dialogue body — the strike committee hearing they are not carried in Falling Skyway,[Understood. We will get the gear off the arm and find ourselves a wall.]
world.falling_skyway.comms.committee_waits,Dialogue body — the strike committee standing by for a decision in Falling Skyway,[We will hold. We have got very good at holding.]
world.falling_skyway.comms.havelock_claims,Dialogue body — Havelock ask for a lift in the transfer window in Falling Skyway,"[Destroyer, Havelock Cutter. Twenty-two units, and I will say plainly what it buys you. This depot chain is company-run, and the next Federation hull through this corridor books its fuel through us. Our people are staff, not cargo.]"
world.falling_skyway.comms.lift_havelock,Response text — granting Havelock a lift in Falling Skyway,[Havelock has the second slot. Load your people.]
world.falling_skyway.comms.deny_havelock,Response text — refusing Havelock a lift in Falling Skyway,[Your staff can sit it out with everyone else. Havelock is not on the manifest.]
world.falling_skyway.comms.havelock_lifting,Dialogue body — Havelock hearing they are carried in Falling Skyway,"[Noted, and logged. You will find us reasonable the next time you come through this corridor.]"
world.falling_skyway.comms.havelock_denied,Dialogue body — Havelock hearing they are not carried in Falling Skyway,[That is your decision to make. I will make quite sure it is recorded as yours.]
world.falling_skyway.comms.havelock_waits,Dialogue body — Havelock standing by for a decision in Falling Skyway,"[We will wait. We are good at waiting, Destroyer, and better at remembering.]"
world.falling_skyway.comms.put_the_file,Response text — reading the Ladder B file onto the open corridor channel in Falling Skyway,"[Open channel, everyone on the corridor net. This is Havelock's own maintenance file on Ladder B. Control, log it as received.]"
world.falling_skyway.comms.havelock_file_put,Dialogue body — Havelock reacting to their file going out on the open channel in Falling Skyway,[You have just put an internal document onto an open corridor net. I hope you read all of it. Everybody else is about to.]
world.falling_skyway.comms.confront_unnamed,Response text — confronting Havelock with the record while protecting the witness in Falling Skyway,[Your file says that arm was inspected. I have somebody who was standing on it that week. You do not get their name.]
world.falling_skyway.comms.confront_named,Response text — confronting Havelock with the record and naming the witness in Falling Skyway,[Your file says that arm was inspected. Rigger Tacket was standing on it that week and says nobody came up.]
world.falling_skyway.comms.havelock_confronted,Dialogue body — Havelock answering a confrontation with no name attached in Falling Skyway,[Then produce them. No? Then it is an allegation from a hull that has been on station four hours. This channel is closed to you.]
world.falling_skyway.comms.havelock_confronted_named,Dialogue body — Havelock answering a confrontation with the witness named in Falling Skyway,"[Tacket. Yes. She is on our books — or she was. Thank you, Destroyer. You have saved our people a great deal of looking.]"
world.falling_skyway.comms.convoy_claims,Dialogue body — the civilian convoy ask for a lift in the transfer window in Falling Skyway,"[Skyway, Meridian, convoy lead. Twenty-six. That is four hulls and the families in them, and I know it is the biggest number on your board. I have nothing to offer you for it. I would not know what to offer.]"
world.falling_skyway.comms.lift_convoy,Response text — granting the convoy a lift in Falling Skyway,"[Meridian, bring your hulls up. All four of them.]"
world.falling_skyway.comms.deny_convoy,Response text — refusing the convoy a lift in Falling Skyway,"[Meridian, I cannot take you. Get your hulls tight against the rung and ride it out.]"
world.falling_skyway.comms.convoy_lifting,Dialogue body — the convoy hearing they are carried in Falling Skyway,"[Say again? — All four. Understood, Skyway. Understood. We are moving.]"
world.falling_skyway.comms.convoy_denied,Dialogue body — the convoy hearing they are not carried in Falling Skyway,[Understood. We will tuck in as close as they will let us. Thank you for saying it yourself.]
world.falling_skyway.comms.convoy_waits,Dialogue body — the convoy standing by for a decision in Falling Skyway,[We will stand by. There is nowhere else to stand.]
world.falling_skyway.comms.committee_pleads,Dialogue body — the strike committee asking for the last berth after the lift is gone in Falling Skyway,[Destroyer — committee. There is no climber and we all heard Control say so. If there is a mooring left on A with power at it we have people who will not last the night in the open.]
world.falling_skyway.comms.havelock_pleads,Dialogue body — Havelock asking for the last berth after the lift is gone in Falling Skyway,"[Havelock Cutter. The head is finished, so let us be practical. A is company plant, there is one berth on it, and neither of us is going to pretend that is a coincidence.]"
world.falling_skyway.comms.convoy_pleads,Dialogue body — the convoy asking for the last berth after the lift is gone in Falling Skyway,[Meridian. We are not asking for the lift any more. We are asking for a wall.]
world.falling_skyway.comms.control_berth_offer,Dialogue body — Control offering the one remaining Ladder A berth in Falling Skyway,"[Skyway Control: there is no lift and there is not going to be. What is left on this corridor is one mooring on Ladder A with power at it and three parties who want it. That one is not arithmetic, Destroyer. Give me a name.]"
world.falling_skyway.comms.control_no_berth,Dialogue body — Control with no berth left to offer at all in Falling Skyway,[Skyway Control: no lift and Ladder A is in no state to tie anybody up either. There is nothing on this corridor to give away tonight. Log it and take your ship home.]
world.falling_skyway.comms.control_berth_settled,Dialogue body — Control after the last berth has been allocated in Falling Skyway,"[The berth is allocated, Destroyer. Nothing further from this station.]"
world.falling_skyway.comms.berth_to_committee,Response text — giving the last berth to the strike committee in Falling Skyway,[The berth goes to the committee.]
world.falling_skyway.comms.berth_to_havelock,Response text — giving the last berth to Havelock in Falling Skyway,[The berth goes to Havelock.]
world.falling_skyway.comms.berth_to_convoy,Response text — giving the last berth to the convoy in Falling Skyway,[The berth goes to Meridian's convoy.]
world.falling_skyway.comms.berth_to_nobody,Response text — holding the last berth clear in Falling Skyway,[The berth stays clear. Ladder A is the last working rung on this corridor and I will not have it blocked.]
world.falling_skyway.comms.berth_given_committee,Dialogue body — Control logging the berth to the strike committee in Falling Skyway,[Logged: committee to Ladder A. I will let the other two know whose call it was.]
world.falling_skyway.comms.berth_given_havelock,Dialogue body — Control logging the berth to Havelock in Falling Skyway,[Logged: Havelock to Ladder A. That will read tidily in their report and badly in everyone else's.]
world.falling_skyway.comms.berth_given_convoy,Dialogue body — Control logging the berth to the convoy in Falling Skyway,[Logged: Meridian to Ladder A. Four hulls into a berth built for one. They will manage or they will not.]
world.falling_skyway.comms.berth_withheld,Dialogue body — Control logging the berth held clear in Falling Skyway,"[Logged: berth held clear. Somebody up the line will want that reasoning in writing, Destroyer, and you had better have some.]"
world.falling_skyway.comms.berth_waits,Dialogue body — Control standing by for a berth decision in Falling Skyway,"[Standing by, Destroyer. The weather is not.]"
world.falling_skyway.comms.committee_rides_it_out,Dialogue body — the strike committee coming through the storm largely intact in Falling Skyway,"[Committee to Destroyer. All accounted for. Cold, and all accounted for, which is more than any of us expected when this started.]"
world.falling_skyway.comms.committee_rides_it_out_hurt,Dialogue body — the strike committee coming through the storm badly in Falling Skyway,"[Committee. We got most of them behind the pump housing before it came through. Most. Do not ask me for a number tonight, Destroyer.]"
world.falling_skyway.comms.committee_rides_it_out_promised,Dialogue body — the strike committee naming the broken safe-passage promise in Falling Skyway,"[Committee. You gave us your word the corridor would be clear for our people in the transfer window. We wrote it down. I read it out to the floor myself and they voted on it. Then we watched that window shut with our people still standing on the rung. Whatever else you take off this rock, Destroyer, take that with you.]"
world.falling_skyway.comms.havelock_rides_it_out,Dialogue body — Havelock coming through the storm largely intact in Falling Skyway,[Havelock Cutter. Our staff sheltered aboard. The company will want a report and the report will have your name at the top of it.]
world.falling_skyway.comms.havelock_rides_it_out_hurt,Dialogue body — Havelock coming through the storm badly in Falling Skyway,"[Havelock. We lost people on that rung tonight. There will be an inquiry, and I will be asked who was in the corridor and what they did with the lift.]"
world.falling_skyway.comms.convoy_rides_it_out,Dialogue body — the convoy coming through the storm largely intact in Falling Skyway,"[Meridian. Four hulls, all still here. Scoured back to the frames and all still here. We will take that.]"
world.falling_skyway.comms.convoy_rides_it_out_hurt,Dialogue body — the convoy coming through the storm badly in Falling Skyway,[Meridian. We lost the third hull. Everyone aboard her was somebody's. I am not going to say anything else on an open channel.]
world.falling_skyway.comms.debrief_workers_and_convoy,Dialogue body — Control closing the window with the committee and the convoy carried in Falling Skyway,"[Skyway Control, closing the window. Manifest reads: strike committee carried, Meridian convoy carried, Havelock Operations not carried. The corridor is shut and the record stands as flown. Every party on it now knows exactly what this ship decided when it could only decide once.]"
world.falling_skyway.comms.debrief_workers_and_operator,Dialogue body — Control closing the window with the committee and Havelock carried in Falling Skyway,"[Skyway Control, closing the window. Manifest reads: strike committee carried, Havelock Operations carried, Meridian convoy not carried. The corridor is shut. The two parties with something to trade are off this rock and the one with nothing is still on it, and it is filed in those words.]"
world.falling_skyway.comms.debrief_operator_and_convoy,Dialogue body — Control closing the window with Havelock and the convoy carried in Falling Skyway,"[Skyway Control, closing the window. Manifest reads: Havelock Operations carried, Meridian convoy carried, strike committee not carried. The corridor is shut. The people who told you what was wrong with this ladder are the people still standing on it.]"
world.falling_skyway.comms.debrief_one,Dialogue body — Control closing the window with only one claim carried in Falling Skyway,"[Skyway Control, closing the window. Manifest reads one claim carried out of three, against lift that would have taken two. The corridor is shut, and that difference is filed against this ship rather than against the ladder.]"
world.falling_skyway.comms.debrief_none,Dialogue body — Control closing the window with nothing carried in Falling Skyway,"[Skyway Control, closing the window. Manifest reads nothing carried. There was lift in this window and it went up the ribbon empty. The corridor is shut and all three claims stand unmet.]"
world.falling_skyway.comms.debrief_berth,Dialogue body — Control closing a window with no lift after a berth was allocated in Falling Skyway,"[Skyway Control, closing the window. No lift ran in this corridor tonight. One mooring on Ladder A was allocated, two claims were not, and the rest of it is weather and paperwork. Log it and go.]"
world.falling_skyway.comms.debrief_berth_none,Dialogue body — Control closing a window with no lift and no berth allocated in Falling Skyway,"[Skyway Control, closing the window. No lift, no mooring allocated, three claims standing. Nothing left this rock tonight and nothing on this corridor is better than it was when you arrived. The window is shut. Go home.]"
world.falling_skyway.evidence.record_on_the_open_channel,"Evidence text — the Ladder B file read onto the open corridor channel, Falling Skyway",[The Ladder B maintenance file was read onto the open corridor channel with Skyway Control receiving.]
world.falling_skyway.evidence.havelock_confronted,"Evidence text — Havelock put to their own maintenance record, Falling Skyway",[Havelock Operations were put to their own maintenance record on the open channel during the transfer window.]
world.falling_skyway.evidence.committee_rode_it_out,"Evidence text — the strike committee left in the corridor for the storm, Falling Skyway",[The strike committee were not carried in the transfer window and sheltered on the Ladder B rung. There were casualties.]
world.falling_skyway.evidence.havelock_rode_it_out,"Evidence text — Havelock staff left in the corridor for the storm, Falling Skyway",[Havelock Operations staff were not carried in the transfer window and sheltered aboard their own hulls. There were casualties.]
world.falling_skyway.evidence.convoy_rode_it_out,"Evidence text — the convoy left in the corridor for the storm, Falling Skyway",[Convoy Meridian were not carried in the transfer window and rode the corridor out in the open. There were casualties.]
world.falling_skyway.evidence.record_named_witness,"Evidence text — the record surfaced with the witness named, Falling Skyway",[The Ladder B record was surfaced to Control with the name of the worker who contradicted it attached to it.]
world.falling_skyway.evidence.record_filed,"Evidence text — the record surfaced with the witness protected, Falling Skyway","[The Ladder B record was surfaced to Control unedited, and the worker who contradicted it was not named.]"
world.falling_skyway.evidence.record_buried,"Evidence text — the record found and never surfaced, Falling Skyway",[The Ladder B record discrepancy was established by this crew and never put to Control or to the operator.]
world.falling_skyway.evidence.record_never_found,"Evidence text — no discrepancy established at all, Falling Skyway",[No discrepancy was established between Ladder B's condition and the operator's file on it. The claim stands unexamined.]
world.falling_skyway.evidence.word_kept,"Evidence text — every commitment kept, Falling Skyway",[Every commitment this captain gave in the Skyway corridor was kept.]
world.falling_skyway.evidence.word_broken,"Evidence text — at least one commitment broken, Falling Skyway",[At least one commitment this captain gave in the Skyway corridor was broken.]
world.falling_skyway.evidence.word_none,"Evidence text — no commitments made at all, Falling Skyway",[This captain gave no commitments in the Skyway corridor.]
world.falling_skyway.comms.committee_reprices,Dialogue body — the strike committee reacting to the transfer manifest moving in Falling Skyway,[Control's board just moved. Are we still on that manifest or are we not?]
world.falling_skyway.comms.havelock_reprices,Dialogue body — Havelock reacting to the transfer manifest moving in Falling Skyway,"[The manifest has changed since we last spoke, Destroyer. Say plainly whether Havelock is on it.]"
world.falling_skyway.comms.convoy_reprices,Dialogue body — the convoy reacting to the transfer manifest moving in Falling Skyway,"[Skyway — Meridian. Something just came off that board. Is that us?]"
server.fatal.title,Host fatal-error panel — heading shown when the ship or world TOML cannot be used,[Fatal configuration error]
server.fatal.remedy,Host fatal-error panel — what the operator should do next,[Fix the TOML and reload the page.]
server.fatal.station_config,Host fatal-error detail when a ship template fails station validation. {detail} is the validator's own message,[Station config error: {detail}]
server.fatal.load_failed,Host fatal-error detail when a ship template file cannot be fetched. {path} is the file path and {detail} the fetch error,[Could not load {path}: {detail}]
server.preload.failed,Host loading panel — the world or entity preload could not complete,[Failed to load game configuration. See the browser console for details.]
world.probe_reinforce.entity.escort.name,assets/worlds/probe_reinforce.toml -> [[entity]] name,[Escort]
console.radar.scale,"Radar scope scale readout, drawn against the outermost range ring. {range} is that ring's distance from the ship in world units, so the scope says what its own radius means and changes when damage or doctrine changes the range",[R {range}]
client.no_scenarios,"Phone scenario picker — shown when the host's catalogue arrived with nothing in it. NOT ""waiting for the host to pick"": the host has already broadcast, and the broadcast was empty",[No scenarios available]
client.pick_pending,Phone scenario/ship picker — shown on the option a player just tapped while the request is in flight and the host has not yet broadcast the lock,[Sending…]
client.pick_taken,"Phone scenario/ship picker — shown when another phone's pick landed first and locked the choice. {choice} is what that phone chose, named so the stage change has a stated cause",[Another phone chose {choice} first.]
client.game_over_victory,Game-over overlay headline when the run ended in the scenario's victory condition,[VICTORY]
client.game_over_defeat,Game-over overlay headline when the run ended in defeat — the scenario's loss condition or the hull reaching zero,[DEFEAT]
client.game_over_ended,Game-over overlay headline when the run ended without a declared win or loss,[ENGAGEMENT ENDED]
client.link_connecting,Console banner before the first state arrives from the host — an empty console is loading rather than broken,[Linking to the ship…]
client.link_dead,Console banner headline while the link to the host is down. The console behind it is dimmed and stops accepting commands,[LINK LOST]
server.qr_caption,Host viewscreen join panel — caption above the QR code telling guests what scanning it does,[Scan to join the crew]
server.qr_url_label,Host viewscreen join panel — label above the join URL in text for anyone whose camera will not scan the code,[or type this in]
client.hero.label,Accessible label for the shared Station Hero Bar tab list,[Station selector]
client.hero.owner.direct,Hero Bar ownership label for the Station this player directly holds,[Direct]
client.hero.owner.visiting,Hero Bar ownership label for a complete Station visiting this player's directly held Station,[Visiting]
client.hero.owner.ai,Hero Bar ownership label for a human-seeking Station whose compatible host order is exhausted,[AI]
client.hero.meta,"Hero Bar selected Station metadata. {owner} is Direct/Visiting/AI and {rating} is its authored active rating",[{owner} · {rating}]
client.hero.ai_status,"Hero Bar non-commandable status naming human-seeking Stations currently operated by AI. {stations} is a comma-separated list of Station names",[AI: {stations}]
entity.alliance_destroyer.station.navigation.description,Alliance Destroyer lobby description for its complete human-seeking Navigation Station,[Plot waypoints and manage the system chart.]
entity.alliance_destroyer.station.comms.description,Alliance Destroyer lobby description for its complete human-seeking Comms Station,[Hail contacts and manage incoming traffic.]
